round,r,f1_val,f1_val@0.5,pr_auc,n_tree,fit_s,max_depth,learning_rate,reg_lambda,scale_pos_weight,colsample_bytree,subsample,params
0,0.125,0.4918429003021148,0.0,0.3551797458560101,2,0.5,13,0.00803,0.0146,1.149,0.907,0.956,"{""max_depth"": 13, ""learning_rate"": 0.00803, ""reg_lambda"": 0.0146, ""scale_pos_weight"": 1.149, ""colsample_bytree"": 0.907, ""subsample"": 0.956, ""n_estimators"": 1000, ""early_stopping_rounds"": 20, ""tree_method"": ""hist"", ""n_jobs"": -1}"
0,0.125,0.4988584474885845,0.0,0.326309450273532,21,0.5,10,0.0257,8.2792,5.893,0.968,0.908,"{""max_depth"": 10, ""learning_rate"": 0.0257, ""reg_lambda"": 8.2792, ""scale_pos_weight"": 5.893, ""colsample_bytree"": 0.968, ""subsample"": 0.908, ""n_estimators"": 1000, ""early_stopping_rounds"": 20, ""tree_method"": ""hist"", ""n_jobs"": -1}"
0,0.125,0.4518987341772152,0.3545558520777735,0.3917761763687177,149,1.6,11,0.06111,0.0136,7.567,0.588,0.932,"{""max_depth"": 11, ""learning_rate"": 0.06111, ""reg_lambda"": 0.0136, ""scale_pos_weight"": 7.567, ""colsample_bytree"": 0.588, ""subsample"": 0.932, ""n_estimators"": 1000, ""early_stopping_rounds"": 20, ""tree_method"": ""hist"", ""n_jobs"": -1}"
0,0.125,0.03690083162689623,0.0,0.015601275017010113,1,0.3,1,0.02052,0.1581,4.804,0.514,0.562,"{""max_depth"": 1, ""learning_rate"": 0.02052, ""reg_lambda"": 0.1581, ""scale_pos_weight"": 4.804, ""colsample_bytree"": 0.514, ""subsample"": 0.562, ""n_estimators"": 1000, ""early_stopping_rounds"": 20, ""tree_method"": ""hist"", ""n_jobs"": -1}"
0,0.125,0.042188628496002786,0.0,0.017794144535641127,8,0.3,1,0.02957,2.8943,4.453,0.999,0.99,"{""max_depth"": 1, ""learning_rate"": 0.02957, ""reg_lambda"": 2.8943, ""scale_pos_weight"": 4.453, ""colsample_bytree"": 0.999, ""subsample"": 0.99, ""n_estimators"": 1000, ""early_stopping_rounds"": 20, ""tree_method"": ""hist"", ""n_jobs"": -1}"
0,0.125,0.4314606741573034,0.22417934347477983,0.3486209335841029,23,0.5,11,0.03375,3.9979,7.196,0.694,0.568,"{""max_depth"": 11, ""learning_rate"": 0.03375, ""reg_lambda"": 3.9979, ""scale_pos_weight"": 7.196, ""colsample_bytree"": 0.694, ""subsample"": 0.568, ""n_estimators"": 1000, ""early_stopping_rounds"": 20, ""tree_method"": ""hist"", ""n_jobs"": -1}"
0,0.125,0.5123384253819037,0.0,0.3488729190247269,18,0.5,9,0.01941,0.1742,5.373,0.945,0.967,"{""max_depth"": 9, ""learning_rate"": 0.01941, ""reg_lambda"": 0.1742, ""scale_pos_weight"": 5.373, ""colsample_bytree"": 0.945, ""subsample"": 0.967, ""n_estimators"": 1000, ""early_stopping_rounds"": 20, ""tree_method"": ""hist"", ""n_jobs"": -1}"
0,0.125,0.4942528735632184,0.0,0.30716348757861295,7,0.4,11,0.01088,1.9325,3.897,0.797,0.669,"{""max_depth"": 11, ""learning_rate"": 0.01088, ""reg_lambda"": 1.9325, ""scale_pos_weight"": 3.897, ""colsample_bytree"": 0.797, ""subsample"": 0.669, ""n_estimators"": 1000, ""early_stopping_rounds"": 20, ""tree_method"": ""hist"", ""n_jobs"": -1}"
0,0.125,0.37487335359675783,0.3573200992555831,0.3160208503867841,39,0.7,12,0.06846,0.081,6.609,0.542,0.916,"{""max_depth"": 12, ""learning_rate"": 0.06846, ""reg_lambda"": 0.081, ""scale_pos_weight"": 6.609, ""colsample_bytree"": 0.542, ""subsample"": 0.916, ""n_estimators"": 1000, ""early_stopping_rounds"": 20, ""tree_method"": ""hist"", ""n_jobs"": -1}"
0,0.125,0.4909197422378442,0.16624685138539042,0.4082758468968872,13,0.4,6,0.04793,0.0907,8.888,0.529,0.668,"{""max_depth"": 6, ""learning_rate"": 0.04793, ""reg_lambda"": 0.0907, ""scale_pos_weight"": 8.888, ""colsample_bytree"": 0.529, ""subsample"": 0.668, ""n_estimators"": 1000, ""early_stopping_rounds"": 20, ""tree_method"": ""hist"", ""n_jobs"": -1}"
0,0.125,0.4265072247135027,0.0,0.3414418689091052,13,0.4,9,0.01498,15.3214,3.076,0.526,0.702,"{""max_depth"": 9, ""learning_rate"": 0.01498, ""reg_lambda"": 15.3214, ""scale_pos_weight"": 3.076, ""colsample_bytree"": 0.526, ""subsample"": 0.702, ""n_estimators"": 1000, ""early_stopping_rounds"": 20, ""tree_method"": ""hist"", ""n_jobs"": -1}"
0,0.125,0.49004224502112254,0.0,0.3708094695508983,10,0.3,3,0.00628,0.0231,6.223,0.649,0.836,"{""max_depth"": 3, ""learning_rate"": 0.00628, ""reg_lambda"": 0.0231, ""scale_pos_weight"": 6.223, ""colsample_bytree"": 0.649, ""subsample"": 0.836, ""n_estimators"": 1000, ""early_stopping_rounds"": 20, ""tree_method"": ""hist"", ""n_jobs"": -1}"
0,0.125,0.5036319612590799,0.4952058657642414,0.4344911806683306,196,2.1,14,0.08188,0.2887,1.949,0.815,0.964,"{""max_depth"": 14, ""learning_rate"": 0.08188, ""reg_lambda"": 0.2887, ""scale_pos_weight"": 1.949, ""colsample_bytree"": 0.815, ""subsample"": 0.964, ""n_estimators"": 1000, ""early_stopping_rounds"": 20, ""tree_method"": ""hist"", ""n_jobs"": -1}"
0,0.125,0.4309539693128753,0.0,0.2937272313969422,28,0.4,3,0.01447,65.8206,5.499,0.713,0.81,"{""max_depth"": 3, ""learning_rate"": 0.01447, ""reg_lambda"": 65.8206, ""scale_pos_weight"": 5.499, ""colsample_bytree"": 0.713, ""subsample"": 0.81, ""n_estimators"": 1000, ""early_stopping_rounds"": 20, ""tree_method"": ""hist"", ""n_jobs"": -1}"
0,0.125,0.5173745173745173,0.0,0.39666935796348063,6,0.4,6,0.08383,0.6921,7.82,0.749,0.765,"{""max_depth"": 6, ""learning_rate"": 0.08383, ""reg_lambda"": 0.6921, ""scale_pos_weight"": 7.82, ""colsample_bytree"": 0.749, ""subsample"": 0.765, ""n_estimators"": 1000, ""early_stopping_rounds"": 20, ""tree_method"": ""hist"", ""n_jobs"": -1}"
0,0.125,0.5024937655860349,0.0,0.3188507228285687,3,0.5,15,0.04772,0.4556,7.61,0.856,0.966,"{""max_depth"": 15, ""learning_rate"": 0.04772, ""reg_lambda"": 0.4556, ""scale_pos_weight"": 7.61, ""colsample_bytree"": 0.856, ""subsample"": 0.966, ""n_estimators"": 1000, ""early_stopping_rounds"": 20, ""tree_method"": ""hist"", ""n_jobs"": -1}"
0,0.125,0.41491525423728814,0.0,0.281414434044677,4,0.3,3,0.03922,51.2502,9.711,0.507,0.932,"{""max_depth"": 3, ""learning_rate"": 0.03922, ""reg_lambda"": 51.2502, ""scale_pos_weight"": 9.711, ""colsample_bytree"": 0.507, ""subsample"": 0.932, ""n_estimators"": 1000, ""early_stopping_rounds"": 20, ""tree_method"": ""hist"", ""n_jobs"": -1}"
0,0.125,0.47831632653061223,0.0,0.3195952791425024,15,0.3,2,0.09371,67.4281,2.339,0.986,0.945,"{""max_depth"": 2, ""learning_rate"": 0.09371, ""reg_lambda"": 67.4281, ""scale_pos_weight"": 2.339, ""colsample_bytree"": 0.986, ""subsample"": 0.945, ""n_estimators"": 1000, ""early_stopping_rounds"": 20, ""tree_method"": ""hist"", ""n_jobs"": -1}"
0,0.125,0.5190502484815019,0.0,0.399255231543989,10,0.4,6,0.0166,0.085,8.217,0.962,0.633,"{""max_depth"": 6, ""learning_rate"": 0.0166, ""reg_lambda"": 0.085, ""scale_pos_weight"": 8.217, ""colsample_bytree"": 0.962, ""subsample"": 0.633, ""n_estimators"": 1000, ""early_stopping_rounds"": 20, ""tree_method"": ""hist"", ""n_jobs"": -1}"
0,0.125,0.38270142180094785,0.28810975609756095,0.3371106333338126,53,0.8,13,0.02034,0.5902,9.379,0.52,0.866,"{""max_depth"": 13, ""learning_rate"": 0.02034, ""reg_lambda"": 0.5902, ""scale_pos_weight"": 9.379, ""colsample_bytree"": 0.52, ""subsample"": 0.866, ""n_estimators"": 1000, ""early_stopping_rounds"": 20, ""tree_method"": ""hist"", ""n_jobs"": -1}"
0,0.125,0.49058693244739754,0.0,0.29246648948274434,37,0.4,3,0.00349,7.5315,1.144,0.879,0.756,"{""max_depth"": 3, ""learning_rate"": 0.00349, ""reg_lambda"": 7.5315, ""scale_pos_weight"": 1.144, ""colsample_bytree"": 0.879, ""subsample"": 0.756, ""n_estimators"": 1000, ""early_stopping_rounds"": 20, ""tree_method"": ""hist"", ""n_jobs"": -1}"
0,0.125,0.4523670368205728,0.4220442769665568,0.38960479425001904,82,1.0,10,0.07828,0.0184,8.572,0.533,0.672,"{""max_depth"": 10, ""learning_rate"": 0.07828, ""reg_lambda"": 0.0184, ""scale_pos_weight"": 8.572, ""colsample_bytree"": 0.533, ""subsample"": 0.672, ""n_estimators"": 1000, ""early_stopping_rounds"": 20, ""tree_method"": ""hist"", ""n_jobs"": -1}"
0,0.125,0.3950198075834748,0.027347310847766638,0.26373849150857126,7,0.3,4,0.08894,1.7739,3.33,0.621,0.944,"{""max_depth"": 4, ""learning_rate"": 0.08894, ""reg_lambda"": 1.7739, ""scale_pos_weight"": 3.33, ""colsample_bytree"": 0.621, ""subsample"": 0.944, ""n_estimators"": 1000, ""early_stopping_rounds"": 20, ""tree_method"": ""hist"", ""n_jobs"": -1}"
0,0.125,0.5062240663900415,0.0,0.41440171049657654,79,0.9,7,0.0069,0.0315,3.595,0.793,0.777,"{""max_depth"": 7, ""learning_rate"": 0.0069, ""reg_lambda"": 0.0315, ""scale_pos_weight"": 3.595, ""colsample_bytree"": 0.793, ""subsample"": 0.777, ""n_estimators"": 1000, ""early_stopping_rounds"": 20, ""tree_method"": ""hist"", ""n_jobs"": -1}"
0,0.125,0.4876237623762376,0.0,0.35498617956789486,3,0.4,12,0.02191,0.1425,4.716,0.909,0.813,"{""max_depth"": 12, ""learning_rate"": 0.02191, ""reg_lambda"": 0.1425, ""scale_pos_weight"": 4.716, ""colsample_bytree"": 0.909, ""subsample"": 0.813, ""n_estimators"": 1000, ""early_stopping_rounds"": 20, ""tree_method"": ""hist"", ""n_jobs"": -1}"
0,0.125,0.49523809523809526,0.4506760140210315,0.4256973911937567,105,1.6,13,0.08682,0.3003,5.974,0.797,0.924,"{""max_depth"": 13, ""learning_rate"": 0.08682, ""reg_lambda"": 0.3003, ""scale_pos_weight"": 5.974, ""colsample_bytree"": 0.797, ""subsample"": 0.924, ""n_estimators"": 1000, ""early_stopping_rounds"": 20, ""tree_method"": ""hist"", ""n_jobs"": -1}"
0,0.125,0.35628310062590274,0.0,0.20005232686623767,24,0.5,15,0.01288,43.6351,1.388,0.911,0.708,"{""max_depth"": 15, ""learning_rate"": 0.01288, ""reg_lambda"": 43.6351, ""scale_pos_weight"": 1.388, ""colsample_bytree"": 0.911, ""subsample"": 0.708, ""n_estimators"": 1000, ""early_stopping_rounds"": 20, ""tree_method"": ""hist"", ""n_jobs"": -1}"
0,0.125,0.26246719160104987,0.0,0.1910201761674816,8,0.3,3,0.05555,0.011,4.285,0.539,0.826,"{""max_depth"": 3, ""learning_rate"": 0.05555, ""reg_lambda"": 0.011, ""scale_pos_weight"": 4.285, ""colsample_bytree"": 0.539, ""subsample"": 0.826, ""n_estimators"": 1000, ""early_stopping_rounds"": 20, ""tree_method"": ""hist"", ""n_jobs"": -1}"
0,0.125,0.5045871559633027,0.0,0.4111006626774293,64,0.8,8,0.03581,59.5944,2.141,0.932,0.53,"{""max_depth"": 8, ""learning_rate"": 0.03581, ""reg_lambda"": 59.5944, ""scale_pos_weight"": 2.141, ""colsample_bytree"": 0.932, ""subsample"": 0.53, ""n_estimators"": 1000, ""early_stopping_rounds"": 20, ""tree_method"": ""hist"", ""n_jobs"": -1}"
0,0.125,0.5183459522422831,0.0,0.39188020331902934,27,0.5,5,0.01178,0.5237,5.4,0.988,0.888,"{""max_depth"": 5, ""learning_rate"": 0.01178, ""reg_lambda"": 0.5237, ""scale_pos_weight"": 5.4, ""colsample_bytree"": 0.988, ""subsample"": 0.888, ""n_estimators"": 1000, ""early_stopping_rounds"": 20, ""tree_method"": ""hist"", ""n_jobs"": -1}"
0,0.125,0.042188628496002786,0.0,0.017794144535641127,2,0.3,1,0.00803,28.3453,8.932,0.755,0.672,"{""max_depth"": 1, ""learning_rate"": 0.00803, ""reg_lambda"": 28.3453, ""scale_pos_weight"": 8.932, ""colsample_bytree"": 0.755, ""subsample"": 0.672, ""n_estimators"": 1000, ""early_stopping_rounds"": 20, ""tree_method"": ""hist"", ""n_jobs"": -1}"
0,0.125,0.5157083580320095,0.0,0.37559686571309814,2,0.3,5,0.09826,0.1836,2.644,0.94,0.906,"{""max_depth"": 5, ""learning_rate"": 0.09826, ""reg_lambda"": 0.1836, ""scale_pos_weight"": 2.644, ""colsample_bytree"": 0.94, ""subsample"": 0.906, ""n_estimators"": 1000, ""early_stopping_rounds"": 20, ""tree_method"": ""hist"", ""n_jobs"": -1}"
0,0.125,0.47163362952836635,0.0,0.36263907661693606,5,0.3,5,0.08662,50.4497,7.734,0.93,0.624,"{""max_depth"": 5, ""learning_rate"": 0.08662, ""reg_lambda"": 50.4497, ""scale_pos_weight"": 7.734, ""colsample_bytree"": 0.93, ""subsample"": 0.624, ""n_estimators"": 1000, ""early_stopping_rounds"": 20, ""tree_method"": ""hist"", ""n_jobs"": -1}"
0,0.125,0.39829993928354585,0.0,0.33918400703314056,15,0.5,11,0.00515,4.789,7.432,0.584,0.698,"{""max_depth"": 11, ""learning_rate"": 0.00515, ""reg_lambda"": 4.789, ""scale_pos_weight"": 7.432, ""colsample_bytree"": 0.584, ""subsample"": 0.698, ""n_estimators"": 1000, ""early_stopping_rounds"": 20, ""tree_method"": ""hist"", ""n_jobs"": -1}"
0,0.125,0.5026680896478122,0.0,0.355322373400241,7,0.5,14,0.02198,2.0575,2.747,0.763,0.762,"{""max_depth"": 14, ""learning_rate"": 0.02198, ""reg_lambda"": 2.0575, ""scale_pos_weight"": 2.747, ""colsample_bytree"": 0.763, ""subsample"": 0.762, ""n_estimators"": 1000, ""early_stopping_rounds"": 20, ""tree_method"": ""hist"", ""n_jobs"": -1}"
0,0.125,0.3218884120171674,0.0,0.27092042087001894,15,0.5,14,0.0043,84.678,6.143,0.503,0.886,"{""max_depth"": 14, ""learning_rate"": 0.0043, ""reg_lambda"": 84.678, ""scale_pos_weight"": 6.143, ""colsample_bytree"": 0.503, ""subsample"": 0.886, ""n_estimators"": 1000, ""early_stopping_rounds"": 20, ""tree_method"": ""hist"", ""n_jobs"": -1}"
0,0.125,0.4811083123425693,0.0,0.34514998434686556,5,0.4,12,0.02426,0.19,2.688,0.836,0.598,"{""max_depth"": 12, ""learning_rate"": 0.02426, ""reg_lambda"": 0.19, ""scale_pos_weight"": 2.688, ""colsample_bytree"": 0.836, ""subsample"": 0.598, ""n_estimators"": 1000, ""early_stopping_rounds"": 20, ""tree_method"": ""hist"", ""n_jobs"": -1}"
0,0.125,0.4059339177343223,0.0,0.2526047622535679,2,0.4,15,0.02326,2.5642,9.662,0.536,0.75,"{""max_depth"": 15, ""learning_rate"": 0.02326, ""reg_lambda"": 2.5642, ""scale_pos_weight"": 9.662, ""colsample_bytree"": 0.536, ""subsample"": 0.75, ""n_estimators"": 1000, ""early_stopping_rounds"": 20, ""tree_method"": ""hist"", ""n_jobs"": -1}"
0,0.125,0.4883866917765223,0.0,0.3224370251069061,4,0.3,9,0.00583,0.3567,1.566,0.863,0.544,"{""max_depth"": 9, ""learning_rate"": 0.00583, ""reg_lambda"": 0.3567, ""scale_pos_weight"": 1.566, ""colsample_bytree"": 0.863, ""subsample"": 0.544, ""n_estimators"": 1000, ""early_stopping_rounds"": 20, ""tree_method"": ""hist"", ""n_jobs"": -1}"
0,0.125,0.39669421487603307,0.0,0.33800325978623613,55,0.8,12,0.01238,31.1954,5.251,0.956,0.883,"{""max_depth"": 12, ""learning_rate"": 0.01238, ""reg_lambda"": 31.1954, ""scale_pos_weight"": 5.251, ""colsample_bytree"": 0.956, ""subsample"": 0.883, ""n_estimators"": 1000, ""early_stopping_rounds"": 20, ""tree_method"": ""hist"", ""n_jobs"": -1}"
0,0.125,0.4830508474576271,0.0,0.3514405130840135,2,0.5,14,0.00491,0.0197,1.633,0.934,0.817,"{""max_depth"": 14, ""learning_rate"": 0.00491, ""reg_lambda"": 0.0197, ""scale_pos_weight"": 1.633, ""colsample_bytree"": 0.934, ""subsample"": 0.817, ""n_estimators"": 1000, ""early_stopping_rounds"": 20, ""tree_method"": ""hist"", ""n_jobs"": -1}"
0,0.125,0.4406392694063927,0.3228228228228228,0.3611131904416851,47,1.0,14,0.01757,0.0451,7.064,0.659,0.855,"{""max_depth"": 14, ""learning_rate"": 0.01757, ""reg_lambda"": 0.0451, ""scale_pos_weight"": 7.064, ""colsample_bytree"": 0.659, ""subsample"": 0.855, ""n_estimators"": 1000, ""early_stopping_rounds"": 20, ""tree_method"": ""hist"", ""n_jobs"": -1}"
0,0.125,0.042188628496002786,0.0,0.017794144535641127,2,0.3,1,0.01825,14.41,1.835,0.789,0.599,"{""max_depth"": 1, ""learning_rate"": 0.01825, ""reg_lambda"": 14.41, ""scale_pos_weight"": 1.835, ""colsample_bytree"": 0.789, ""subsample"": 0.599, ""n_estimators"": 1000, ""early_stopping_rounds"": 20, ""tree_method"": ""hist"", ""n_jobs"": -1}"
0,0.125,0.3722721437740693,0.36957813428401665,0.33394847741821043,19,0.5,7,0.05155,0.9024,9.898,0.591,0.982,"{""max_depth"": 7, ""learning_rate"": 0.05155, ""reg_lambda"": 0.9024, ""scale_pos_weight"": 9.898, ""colsample_bytree"": 0.591, ""subsample"": 0.982, ""n_estimators"": 1000, ""early_stopping_rounds"": 20, ""tree_method"": ""hist"", ""n_jobs"": -1}"
0,0.125,0.042188628496002786,0.0,0.017794144535641127,5,0.3,1,0.01667,17.953,6.426,0.828,0.957,"{""max_depth"": 1, ""learning_rate"": 0.01667, ""reg_lambda"": 17.953, ""scale_pos_weight"": 6.426, ""colsample_bytree"": 0.828, ""subsample"": 0.957, ""n_estimators"": 1000, ""early_stopping_rounds"": 20, ""tree_method"": ""hist"", ""n_jobs"": -1}"
0,0.125,0.36069502696225286,0.0,0.280035061768845,11,0.5,13,0.00396,21.8752,4.436,0.663,0.997,"{""max_depth"": 13, ""learning_rate"": 0.00396, ""reg_lambda"": 21.8752, ""scale_pos_weight"": 4.436, ""colsample_bytree"": 0.663, ""subsample"": 0.997, ""n_estimators"": 1000, ""early_stopping_rounds"": 20, ""tree_method"": ""hist"", ""n_jobs"": -1}"
0,0.125,0.453153704837722,0.0,0.37908421134899434,15,0.4,6,0.01692,0.4904,8.898,0.543,0.854,"{""max_depth"": 6, ""learning_rate"": 0.01692, ""reg_lambda"": 0.4904, ""scale_pos_weight"": 8.898, ""colsample_bytree"": 0.543, ""subsample"": 0.854, ""n_estimators"": 1000, ""early_stopping_rounds"": 20, ""tree_method"": ""hist"", ""n_jobs"": -1}"
0,0.125,0.504268639726807,0.0,0.35932602154768034,13,0.5,12,0.04828,15.7321,3.901,0.898,0.613,"{""max_depth"": 12, ""learning_rate"": 0.04828, ""reg_lambda"": 15.7321, ""scale_pos_weight"": 3.901, ""colsample_bytree"": 0.898, ""subsample"": 0.613, ""n_estimators"": 1000, ""early_stopping_rounds"": 20, ""tree_method"": ""hist"", ""n_jobs"": -1}"
0,0.125,0.4882175226586103,0.0,0.29819861845518914,9,0.4,7,0.01337,1.4643,2.014,0.703,0.5,"{""max_depth"": 7, ""learning_rate"": 0.01337, ""reg_lambda"": 1.4643, ""scale_pos_weight"": 2.014, ""colsample_bytree"": 0.703, ""subsample"": 0.5, ""n_estimators"": 1000, ""early_stopping_rounds"": 20, ""tree_method"": ""hist"", ""n_jobs"": -1}"
0,0.125,0.4880095923261391,0.0,0.3578847143044673,23,0.5,6,0.04136,25.5566,2.25,0.852,0.911,"{""max_depth"": 6, ""learning_rate"": 0.04136, ""reg_lambda"": 25.5566, ""scale_pos_weight"": 2.25, ""colsample_bytree"": 0.852, ""subsample"": 0.911, ""n_estimators"": 1000, ""early_stopping_rounds"": 20, ""tree_method"": ""hist"", ""n_jobs"": -1}"
0,0.125,0.4797583081570997,0.2725403817914831,0.3331901526215112,96,0.9,1,0.0583,0.4971,9.817,0.987,0.752,"{""max_depth"": 1, ""learning_rate"": 0.0583, ""reg_lambda"": 0.4971, ""scale_pos_weight"": 9.817, ""colsample_bytree"": 0.987, ""subsample"": 0.752, ""n_estimators"": 1000, ""early_stopping_rounds"": 20, ""tree_method"": ""hist"", ""n_jobs"": -1}"
0,0.125,0.40896358543417366,0.0,0.33902870743383046,23,0.6,15,0.04267,45.2221,5.285,0.932,0.851,"{""max_depth"": 15, ""learning_rate"": 0.04267, ""reg_lambda"": 45.2221, ""scale_pos_weight"": 5.285, ""colsample_bytree"": 0.932, ""subsample"": 0.851, ""n_estimators"": 1000, ""early_stopping_rounds"": 20, ""tree_method"": ""hist"", ""n_jobs"": -1}"
0,0.125,0.49763593380614657,0.0,0.3562544875454041,9,0.5,14,0.04482,1.9175,1.845,0.696,0.537,"{""max_depth"": 14, ""learning_rate"": 0.04482, ""reg_lambda"": 1.9175, ""scale_pos_weight"": 1.845, ""colsample_bytree"": 0.696, ""subsample"": 0.537, ""n_estimators"": 1000, ""early_stopping_rounds"": 20, ""tree_method"": ""hist"", ""n_jobs"": -1}"
0,0.125,0.5193929173693086,0.0,0.37658039508631863,7,0.3,5,0.01638,0.5178,4.814,0.793,0.561,"{""max_depth"": 5, ""learning_rate"": 0.01638, ""reg_lambda"": 0.5178, ""scale_pos_weight"": 4.814, ""colsample_bytree"": 0.793, ""subsample"": 0.561, ""n_estimators"": 1000, ""early_stopping_rounds"": 20, ""tree_method"": ""hist"", ""n_jobs"": -1}"
0,0.125,0.44745325596389424,0.44605263157894737,0.38481966160272263,29,0.5,5,0.03358,19.7299,9.071,0.792,0.52,"{""max_depth"": 5, ""learning_rate"": 0.03358, ""reg_lambda"": 19.7299, ""scale_pos_weight"": 9.071, ""colsample_bytree"": 0.792, ""subsample"": 0.52, ""n_estimators"": 1000, ""early_stopping_rounds"": 20, ""tree_method"": ""hist"", ""n_jobs"": -1}"
0,0.125,0.46990291262135925,0.3555363321799308,0.36920053857983925,30,0.7,15,0.03692,1.8884,8.434,0.766,0.907,"{""max_depth"": 15, ""learning_rate"": 0.03692, ""reg_lambda"": 1.8884, ""scale_pos_weight"": 8.434, ""colsample_bytree"": 0.766, ""subsample"": 0.907, ""n_estimators"": 1000, ""early_stopping_rounds"": 20, ""tree_method"": ""hist"", ""n_jobs"": -1}"
0,0.125,0.5136866627839255,0.0,0.389371289218477,7,0.4,8,0.01061,0.0483,4.525,0.877,0.72,"{""max_depth"": 8, ""learning_rate"": 0.01061, ""reg_lambda"": 0.0483, ""scale_pos_weight"": 4.525, ""colsample_bytree"": 0.877, ""subsample"": 0.72, ""n_estimators"": 1000, ""early_stopping_rounds"": 20, ""tree_method"": ""hist"", ""n_jobs"": -1}"
0,0.125,0.3039106145251397,0.0,0.15537634527641775,5,0.5,15,0.02413,0.0323,7.535,0.64,0.595,"{""max_depth"": 15, ""learning_rate"": 0.02413, ""reg_lambda"": 0.0323, ""scale_pos_weight"": 7.535, ""colsample_bytree"": 0.64, ""subsample"": 0.595, ""n_estimators"": 1000, ""early_stopping_rounds"": 20, ""tree_method"": ""hist"", ""n_jobs"": -1}"
0,0.125,0.42020948860135554,0.38997214484679665,0.37248356119169573,61,1.0,15,0.02221,0.867,9.089,0.543,0.848,"{""max_depth"": 15, ""learning_rate"": 0.02221, ""reg_lambda"": 0.867, ""scale_pos_weight"": 9.089, ""colsample_bytree"": 0.543, ""subsample"": 0.848, ""n_estimators"": 1000, ""early_stopping_rounds"": 20, ""tree_method"": ""hist"", ""n_jobs"": -1}"
0,0.125,0.49399038461538464,0.0,0.37766132156906423,8,0.5,13,0.00982,0.0503,7.073,0.681,0.665,"{""max_depth"": 13, ""learning_rate"": 0.00982, ""reg_lambda"": 0.0503, ""scale_pos_weight"": 7.073, ""colsample_bytree"": 0.681, ""subsample"": 0.665, ""n_estimators"": 1000, ""early_stopping_rounds"": 20, ""tree_method"": ""hist"", ""n_jobs"": -1}"
0,0.125,0.4717101080737444,0.0,0.3404281571825881,7,0.4,10,0.00629,1.1187,1.216,0.582,0.942,"{""max_depth"": 10, ""learning_rate"": 0.00629, ""reg_lambda"": 1.1187, ""scale_pos_weight"": 1.216, ""colsample_bytree"": 0.582, ""subsample"": 0.942, ""n_estimators"": 1000, ""early_stopping_rounds"": 20, ""tree_method"": ""hist"", ""n_jobs"": -1}"
0,0.125,0.4924379915305505,0.0,0.35076797265129855,8,0.4,15,0.04829,1.6879,3.002,0.779,0.506,"{""max_depth"": 15, ""learning_rate"": 0.04829, ""reg_lambda"": 1.6879, ""scale_pos_weight"": 3.002, ""colsample_bytree"": 0.779, ""subsample"": 0.506, ""n_estimators"": 1000, ""early_stopping_rounds"": 20, ""tree_method"": ""hist"", ""n_jobs"": -1}"
0,0.125,0.300327868852459,0.0,0.24149306583187877,12,0.3,3,0.03759,3.8387,6.502,0.537,0.623,"{""max_depth"": 3, ""learning_rate"": 0.03759, ""reg_lambda"": 3.8387, ""scale_pos_weight"": 6.502, ""colsample_bytree"": 0.537, ""subsample"": 0.623, ""n_estimators"": 1000, ""early_stopping_rounds"": 20, ""tree_method"": ""hist"", ""n_jobs"": -1}"
0,0.125,0.5119453924914675,0.4918444165621079,0.4218984503745238,72,0.9,11,0.02299,0.3774,9.928,0.962,0.576,"{""max_depth"": 11, ""learning_rate"": 0.02299, ""reg_lambda"": 0.3774, ""scale_pos_weight"": 9.928, ""colsample_bytree"": 0.962, ""subsample"": 0.576, ""n_estimators"": 1000, ""early_stopping_rounds"": 20, ""tree_method"": ""hist"", ""n_jobs"": -1}"
0,0.125,0.5227403569372481,0.0,0.3757305094614963,3,0.3,6,0.03502,0.0352,3.813,0.858,0.951,"{""max_depth"": 6, ""learning_rate"": 0.03502, ""reg_lambda"": 0.0352, ""scale_pos_weight"": 3.813, ""colsample_bytree"": 0.858, ""subsample"": 0.951, ""n_estimators"": 1000, ""early_stopping_rounds"": 20, ""tree_method"": ""hist"", ""n_jobs"": -1}"
0,0.125,0.48180677540777916,0.0,0.3487512667244137,2,0.4,9,0.01029,0.0903,8.396,0.792,0.738,"{""max_depth"": 9, ""learning_rate"": 0.01029, ""reg_lambda"": 0.0903, ""scale_pos_weight"": 8.396, ""colsample_bytree"": 0.792, ""subsample"": 0.738, ""n_estimators"": 1000, ""early_stopping_rounds"": 20, ""tree_method"": ""hist"", ""n_jobs"": -1}"
0,0.125,0.40654997176736307,0.0,0.34202186827846437,49,1.0,14,0.00406,0.0118,6.22,0.596,0.988,"{""max_depth"": 14, ""learning_rate"": 0.00406, ""reg_lambda"": 0.0118, ""scale_pos_weight"": 6.22, ""colsample_bytree"": 0.596, ""subsample"": 0.988, ""n_estimators"": 1000, ""early_stopping_rounds"": 20, ""tree_method"": ""hist"", ""n_jobs"": -1}"
0,0.125,0.37398373983739835,0.0,0.31105867346842425,17,0.4,4,0.00458,0.6432,4.552,0.616,0.874,"{""max_depth"": 4, ""learning_rate"": 0.00458, ""reg_lambda"": 0.6432, ""scale_pos_weight"": 4.552, ""colsample_bytree"": 0.616, ""subsample"": 0.874, ""n_estimators"": 1000, ""early_stopping_rounds"": 20, ""tree_method"": ""hist"", ""n_jobs"": -1}"
0,0.125,0.5035046728971962,0.0,0.37393155756757185,5,0.4,7,0.03878,0.0214,4.175,0.76,0.713,"{""max_depth"": 7, ""learning_rate"": 0.03878, ""reg_lambda"": 0.0214, ""scale_pos_weight"": 4.175, ""colsample_bytree"": 0.76, ""subsample"": 0.713, ""n_estimators"": 1000, ""early_stopping_rounds"": 20, ""tree_method"": ""hist"", ""n_jobs"": -1}"
0,0.125,0.32778355879292403,0.0,0.2727479408032359,25,0.7,10,0.00364,0.0597,9.505,0.581,0.926,"{""max_depth"": 10, ""learning_rate"": 0.00364, ""reg_lambda"": 0.0597, ""scale_pos_weight"": 9.505, ""colsample_bytree"": 0.581, ""subsample"": 0.926, ""n_estimators"": 1000, ""early_stopping_rounds"": 20, ""tree_method"": ""hist"", ""n_jobs"": -1}"
0,0.125,0.042188628496002786,0.0,0.017794144535641127,5,0.3,1,0.01222,0.7364,8.416,0.84,0.918,"{""max_depth"": 1, ""learning_rate"": 0.01222, ""reg_lambda"": 0.7364, ""scale_pos_weight"": 8.416, ""colsample_bytree"": 0.84, ""subsample"": 0.918, ""n_estimators"": 1000, ""early_stopping_rounds"": 20, ""tree_method"": ""hist"", ""n_jobs"": -1}"
0,0.125,0.47474132684114423,0.3691194209891435,0.40230945529339335,43,0.8,13,0.04329,5.8222,9.217,0.911,0.59,"{""max_depth"": 13, ""learning_rate"": 0.04329, ""reg_lambda"": 5.8222, ""scale_pos_weight"": 9.217, ""colsample_bytree"": 0.911, ""subsample"": 0.59, ""n_estimators"": 1000, ""early_stopping_rounds"": 20, ""tree_method"": ""hist"", ""n_jobs"": -1}"
0,0.125,0.39215686274509803,0.0,0.32181066451230955,25,0.6,9,0.00427,0.5052,4.571,0.601,0.969,"{""max_depth"": 9, ""learning_rate"": 0.00427, ""reg_lambda"": 0.5052, ""scale_pos_weight"": 4.571, ""colsample_bytree"": 0.601, ""subsample"": 0.969, ""n_estimators"": 1000, ""early_stopping_rounds"": 20, ""tree_method"": ""hist"", ""n_jobs"": -1}"
0,0.125,0.514488468361916,0.0,0.3622781399098914,2,0.4,12,0.00439,0.0105,3.906,0.995,0.632,"{""max_depth"": 12, ""learning_rate"": 0.00439, ""reg_lambda"": 0.0105, ""scale_pos_weight"": 3.906, ""colsample_bytree"": 0.995, ""subsample"": 0.632, ""n_estimators"": 1000, ""early_stopping_rounds"": 20, ""tree_method"": ""hist"", ""n_jobs"": -1}"
0,0.125,0.44534412955465585,0.0,0.3302442726655118,15,0.5,6,0.00575,2.2157,9.626,0.858,0.99,"{""max_depth"": 6, ""learning_rate"": 0.00575, ""reg_lambda"": 2.2157, ""scale_pos_weight"": 9.626, ""colsample_bytree"": 0.858, ""subsample"": 0.99, ""n_estimators"": 1000, ""early_stopping_rounds"": 20, ""tree_method"": ""hist"", ""n_jobs"": -1}"
0,0.125,0.41672473867595816,0.0,0.3484104611321937,37,0.7,13,0.02301,85.7707,8.533,0.889,0.944,"{""max_depth"": 13, ""learning_rate"": 0.02301, ""reg_lambda"": 85.7707, ""scale_pos_weight"": 8.533, ""colsample_bytree"": 0.889, ""subsample"": 0.944, ""n_estimators"": 1000, ""early_stopping_rounds"": 20, ""tree_method"": ""hist"", ""n_jobs"": -1}"
0,0.125,0.49058693244739754,0.0,0.33636995038620937,5,0.4,6,0.01083,1.2976,3.039,0.889,0.585,"{""max_depth"": 6, ""learning_rate"": 0.01083, ""reg_lambda"": 1.2976, ""scale_pos_weight"": 3.039, ""colsample_bytree"": 0.889, ""subsample"": 0.585, ""n_estimators"": 1000, ""early_stopping_rounds"": 20, ""tree_method"": ""hist"", ""n_jobs"": -1}"
0,0.125,0.4865853658536585,0.0,0.31200411851926396,5,0.5,10,0.02322,1.3919,7.047,0.88,0.555,"{""max_depth"": 10, ""learning_rate"": 0.02322, ""reg_lambda"": 1.3919, ""scale_pos_weight"": 7.047, ""colsample_bytree"": 0.88, ""subsample"": 0.555, ""n_estimators"": 1000, ""early_stopping_rounds"": 20, ""tree_method"": ""hist"", ""n_jobs"": -1}"
0,0.125,0.4954337899543379,0.0,0.3089047920300028,13,0.4,5,0.01321,2.8629,7.246,0.793,0.866,"{""max_depth"": 5, ""learning_rate"": 0.01321, ""reg_lambda"": 2.8629, ""scale_pos_weight"": 7.246, ""colsample_bytree"": 0.793, ""subsample"": 0.866, ""n_estimators"": 1000, ""early_stopping_rounds"": 20, ""tree_method"": ""hist"", ""n_jobs"": -1}"
0,0.125,0.44025897586815776,0.0,0.3602878635843803,10,0.5,10,0.01906,0.7103,3.581,0.615,0.848,"{""max_depth"": 10, ""learning_rate"": 0.01906, ""reg_lambda"": 0.7103, ""scale_pos_weight"": 3.581, ""colsample_bytree"": 0.615, ""subsample"": 0.848, ""n_estimators"": 1000, ""early_stopping_rounds"": 20, ""tree_method"": ""hist"", ""n_jobs"": -1}"
0,0.125,0.4350097975179621,0.0,0.35811461997931926,77,1.0,12,0.00621,77.1524,7.04,0.766,0.921,"{""max_depth"": 12, ""learning_rate"": 0.00621, ""reg_lambda"": 77.1524, ""scale_pos_weight"": 7.04, ""colsample_bytree"": 0.766, ""subsample"": 0.921, ""n_estimators"": 1000, ""early_stopping_rounds"": 20, ""tree_method"": ""hist"", ""n_jobs"": -1}"
0,0.125,0.4669549104385423,0.1466325660699062,0.39332136684853103,54,0.9,11,0.01697,0.8013,3.324,0.578,0.856,"{""max_depth"": 11, ""learning_rate"": 0.01697, ""reg_lambda"": 0.8013, ""scale_pos_weight"": 3.324, ""colsample_bytree"": 0.578, ""subsample"": 0.856, ""n_estimators"": 1000, ""early_stopping_rounds"": 20, ""tree_method"": ""hist"", ""n_jobs"": -1}"
0,0.125,0.49843456480901693,0.0,0.35188481529026866,13,0.6,12,0.03286,0.2987,6.181,0.782,0.968,"{""max_depth"": 12, ""learning_rate"": 0.03286, ""reg_lambda"": 0.2987, ""scale_pos_weight"": 6.181, ""colsample_bytree"": 0.782, ""subsample"": 0.968, ""n_estimators"": 1000, ""early_stopping_rounds"": 20, ""tree_method"": ""hist"", ""n_jobs"": -1}"
0,0.125,0.49969306322897483,0.0,0.3237191798180497,2,0.5,13,0.01206,0.0456,8.892,0.947,0.524,"{""max_depth"": 13, ""learning_rate"": 0.01206, ""reg_lambda"": 0.0456, ""scale_pos_weight"": 8.892, ""colsample_bytree"": 0.947, ""subsample"": 0.524, ""n_estimators"": 1000, ""early_stopping_rounds"": 20, ""tree_method"": ""hist"", ""n_jobs"": -1}"
0,0.125,0.30391138802353757,0.0,0.12579798621121976,2,0.4,12,0.02847,14.3015,6.46,0.596,0.559,"{""max_depth"": 12, ""learning_rate"": 0.02847, ""reg_lambda"": 14.3015, ""scale_pos_weight"": 6.46, ""colsample_bytree"": 0.596, ""subsample"": 0.559, ""n_estimators"": 1000, ""early_stopping_rounds"": 20, ""tree_method"": ""hist"", ""n_jobs"": -1}"
0,0.125,0.330188679245283,0.0,0.23991022725432387,28,0.5,3,0.01815,18.2828,2.954,0.538,0.776,"{""max_depth"": 3, ""learning_rate"": 0.01815, ""reg_lambda"": 18.2828, ""scale_pos_weight"": 2.954, ""colsample_bytree"": 0.538, ""subsample"": 0.776, ""n_estimators"": 1000, ""early_stopping_rounds"": 20, ""tree_method"": ""hist"", ""n_jobs"": -1}"
0,0.125,0.03690083162689623,0.0,0.015601275017010113,1,0.3,1,0.00399,12.3896,8.391,0.699,0.647,"{""max_depth"": 1, ""learning_rate"": 0.00399, ""reg_lambda"": 12.3896, ""scale_pos_weight"": 8.391, ""colsample_bytree"": 0.699, ""subsample"": 0.647, ""n_estimators"": 1000, ""early_stopping_rounds"": 20, ""tree_method"": ""hist"", ""n_jobs"": -1}"
0,0.125,0.49193548387096775,0.0,0.32638361981719355,12,0.4,3,0.00824,0.2779,6.192,0.764,0.678,"{""max_depth"": 3, ""learning_rate"": 0.00824, ""reg_lambda"": 0.2779, ""scale_pos_weight"": 6.192, ""colsample_bytree"": 0.764, ""subsample"": 0.678, ""n_estimators"": 1000, ""early_stopping_rounds"": 20, ""tree_method"": ""hist"", ""n_jobs"": -1}"
0,0.125,0.5031161473087818,0.0,0.32332841523585837,6,0.5,10,0.03263,1.7105,4.486,0.812,0.796,"{""max_depth"": 10, ""learning_rate"": 0.03263, ""reg_lambda"": 1.7105, ""scale_pos_weight"": 4.486, ""colsample_bytree"": 0.812, ""subsample"": 0.796, ""n_estimators"": 1000, ""early_stopping_rounds"": 20, ""tree_method"": ""hist"", ""n_jobs"": -1}"
0,0.125,0.5011682242990654,0.0,0.37497068329206745,2,0.5,10,0.01024,0.1632,5.912,0.806,0.805,"{""max_depth"": 10, ""learning_rate"": 0.01024, ""reg_lambda"": 0.1632, ""scale_pos_weight"": 5.912, ""colsample_bytree"": 0.806, ""subsample"": 0.805, ""n_estimators"": 1000, ""early_stopping_rounds"": 20, ""tree_method"": ""hist"", ""n_jobs"": -1}"
0,0.125,0.33648943918426805,0.0,0.30796069533796466,26,0.6,14,0.02232,87.7159,4.852,0.922,0.541,"{""max_depth"": 14, ""learning_rate"": 0.02232, ""reg_lambda"": 87.7159, ""scale_pos_weight"": 4.852, ""colsample_bytree"": 0.922, ""subsample"": 0.541, ""n_estimators"": 1000, ""early_stopping_rounds"": 20, ""tree_method"": ""hist"", ""n_jobs"": -1}"
0,0.125,0.39896373056994816,0.0,0.3135297527733922,18,0.4,6,0.06499,58.4554,3.357,0.506,0.742,"{""max_depth"": 6, ""learning_rate"": 0.06499, ""reg_lambda"": 58.4554, ""scale_pos_weight"": 3.357, ""colsample_bytree"": 0.506, ""subsample"": 0.742, ""n_estimators"": 1000, ""early_stopping_rounds"": 20, ""tree_method"": ""hist"", ""n_jobs"": -1}"
0,0.125,0.47209749839640797,0.0,0.3185804677330923,4,0.3,4,0.09067,38.9757,9.646,0.802,0.758,"{""max_depth"": 4, ""learning_rate"": 0.09067, ""reg_lambda"": 38.9757, ""scale_pos_weight"": 9.646, ""colsample_bytree"": 0.802, ""subsample"": 0.758, ""n_estimators"": 1000, ""early_stopping_rounds"": 20, ""tree_method"": ""hist"", ""n_jobs"": -1}"
0,0.125,0.4985771200910643,0.0,0.3112478206267983,10,0.4,3,0.05611,4.0681,3.237,0.967,0.72,"{""max_depth"": 3, ""learning_rate"": 0.05611, ""reg_lambda"": 4.0681, ""scale_pos_weight"": 3.237, ""colsample_bytree"": 0.967, ""subsample"": 0.72, ""n_estimators"": 1000, ""early_stopping_rounds"": 20, ""tree_method"": ""hist"", ""n_jobs"": -1}"
0,0.125,0.47903430749682335,0.0,0.33436434806448134,4,0.4,4,0.01784,0.0541,3.663,0.787,0.572,"{""max_depth"": 4, ""learning_rate"": 0.01784, ""reg_lambda"": 0.0541, ""scale_pos_weight"": 3.663, ""colsample_bytree"": 0.787, ""subsample"": 0.572, ""n_estimators"": 1000, ""early_stopping_rounds"": 20, ""tree_method"": ""hist"", ""n_jobs"": -1}"
0,0.125,0.5067114093959731,0.0,0.3595200455613176,7,0.5,12,0.00332,0.544,7.86,0.807,0.662,"{""max_depth"": 12, ""learning_rate"": 0.00332, ""reg_lambda"": 0.544, ""scale_pos_weight"": 7.86, ""colsample_bytree"": 0.807, ""subsample"": 0.662, ""n_estimators"": 1000, ""early_stopping_rounds"": 20, ""tree_method"": ""hist"", ""n_jobs"": -1}"
0,0.125,0.4114219114219114,0.0,0.3380900158373118,30,0.6,10,0.01686,99.5418,7.984,0.915,0.63,"{""max_depth"": 10, ""learning_rate"": 0.01686, ""reg_lambda"": 99.5418, ""scale_pos_weight"": 7.984, ""colsample_bytree"": 0.915, ""subsample"": 0.63, ""n_estimators"": 1000, ""early_stopping_rounds"": 20, ""tree_method"": ""hist"", ""n_jobs"": -1}"
0,0.125,0.5014212620807277,0.0,0.3525114253354272,5,0.5,11,0.00535,0.0627,4.89,0.756,0.597,"{""max_depth"": 11, ""learning_rate"": 0.00535, ""reg_lambda"": 0.0627, ""scale_pos_weight"": 4.89, ""colsample_bytree"": 0.756, ""subsample"": 0.597, ""n_estimators"": 1000, ""early_stopping_rounds"": 20, ""tree_method"": ""hist"", ""n_jobs"": -1}"
0,0.125,0.46756583172768146,0.29385964912280704,0.288725312905471,10,0.3,2,0.06348,0.1837,5.573,0.797,0.861,"{""max_depth"": 2, ""learning_rate"": 0.06348, ""reg_lambda"": 0.1837, ""scale_pos_weight"": 5.573, ""colsample_bytree"": 0.797, ""subsample"": 0.861, ""n_estimators"": 1000, ""early_stopping_rounds"": 20, ""tree_method"": ""hist"", ""n_jobs"": -1}"
0,0.125,0.5028213166144201,0.0,0.3715640764831854,26,0.7,12,0.00526,0.1329,7.576,0.784,0.95,"{""max_depth"": 12, ""learning_rate"": 0.00526, ""reg_lambda"": 0.1329, ""scale_pos_weight"": 7.576, ""colsample_bytree"": 0.784, ""subsample"": 0.95, ""n_estimators"": 1000, ""early_stopping_rounds"": 20, ""tree_method"": ""hist"", ""n_jobs"": -1}"
0,0.125,0.5003065603923973,0.0,0.3636529832020333,4,0.5,15,0.01288,0.1683,3.082,0.825,0.632,"{""max_depth"": 15, ""learning_rate"": 0.01288, ""reg_lambda"": 0.1683, ""scale_pos_weight"": 3.082, ""colsample_bytree"": 0.825, ""subsample"": 0.632, ""n_estimators"": 1000, ""early_stopping_rounds"": 20, ""tree_method"": ""hist"", ""n_jobs"": -1}"
0,0.125,0.49304677623261695,0.3863439930855661,0.38139854102265314,33,0.6,7,0.06215,0.1209,7.06,0.784,0.814,"{""max_depth"": 7, ""learning_rate"": 0.06215, ""reg_lambda"": 0.1209, ""scale_pos_weight"": 7.06, ""colsample_bytree"": 0.784, ""subsample"": 0.814, ""n_estimators"": 1000, ""early_stopping_rounds"": 20, ""tree_method"": ""hist"", ""n_jobs"": -1}"
0,0.125,0.36438075742067555,0.0,0.2655871546109684,10,0.5,10,0.00569,0.0397,2.097,0.538,0.767,"{""max_depth"": 10, ""learning_rate"": 0.00569, ""reg_lambda"": 0.0397, ""scale_pos_weight"": 2.097, ""colsample_bytree"": 0.538, ""subsample"": 0.767, ""n_estimators"": 1000, ""early_stopping_rounds"": 20, ""tree_method"": ""hist"", ""n_jobs"": -1}"
0,0.125,0.2589771490750816,0.0,0.09600939970708672,1,0.4,14,0.00561,16.9306,1.203,0.687,0.737,"{""max_depth"": 14, ""learning_rate"": 0.00561, ""reg_lambda"": 16.9306, ""scale_pos_weight"": 1.203, ""colsample_bytree"": 0.687, ""subsample"": 0.737, ""n_estimators"": 1000, ""early_stopping_rounds"": 20, ""tree_method"": ""hist"", ""n_jobs"": -1}"
0,0.125,0.042188628496002786,0.0,0.017794144535641127,8,0.3,1,0.01081,0.0778,3.536,0.963,0.709,"{""max_depth"": 1, ""learning_rate"": 0.01081, ""reg_lambda"": 0.0778, ""scale_pos_weight"": 3.536, ""colsample_bytree"": 0.963, ""subsample"": 0.709, ""n_estimators"": 1000, ""early_stopping_rounds"": 20, ""tree_method"": ""hist"", ""n_jobs"": -1}"
0,0.125,0.4865853658536585,0.0,0.3057667219659088,9,0.4,4,0.01199,2.7842,6.977,0.83,0.542,"{""max_depth"": 4, ""learning_rate"": 0.01199, ""reg_lambda"": 2.7842, ""scale_pos_weight"": 6.977, ""colsample_bytree"": 0.83, ""subsample"": 0.542, ""n_estimators"": 1000, ""early_stopping_rounds"": 20, ""tree_method"": ""hist"", ""n_jobs"": -1}"
0,0.125,0.3869171885873347,0.0,0.2723847722875786,2,0.4,7,0.04017,15.2151,6.297,0.565,0.542,"{""max_depth"": 7, ""learning_rate"": 0.04017, ""reg_lambda"": 15.2151, ""scale_pos_weight"": 6.297, ""colsample_bytree"": 0.565, ""subsample"": 0.542, ""n_estimators"": 1000, ""early_stopping_rounds"": 20, ""tree_method"": ""hist"", ""n_jobs"": -1}"
0,0.125,0.25938009787928223,0.0,0.11146609794801293,2,0.4,9,0.00965,51.3139,5.254,0.948,0.73,"{""max_depth"": 9, ""learning_rate"": 0.00965, ""reg_lambda"": 51.3139, ""scale_pos_weight"": 5.254, ""colsample_bytree"": 0.948, ""subsample"": 0.73, ""n_estimators"": 1000, ""early_stopping_rounds"": 20, ""tree_method"": ""hist"", ""n_jobs"": -1}"
0,0.125,0.49337175792507204,0.0,0.3053219006132667,9,0.4,5,0.01689,6.8361,3.855,0.945,0.633,"{""max_depth"": 5, ""learning_rate"": 0.01689, ""reg_lambda"": 6.8361, ""scale_pos_weight"": 3.855, ""colsample_bytree"": 0.945, ""subsample"": 0.633, ""n_estimators"": 1000, ""early_stopping_rounds"": 20, ""tree_method"": ""hist"", ""n_jobs"": -1}"
0,0.125,0.3476482617586912,0.0,0.22482862294062056,40,0.7,12,0.00323,7.6677,7.089,0.828,0.844,"{""max_depth"": 12, ""learning_rate"": 0.00323, ""reg_lambda"": 7.6677, ""scale_pos_weight"": 7.089, ""colsample_bytree"": 0.828, ""subsample"": 0.844, ""n_estimators"": 1000, ""early_stopping_rounds"": 20, ""tree_method"": ""hist"", ""n_jobs"": -1}"
0,0.125,0.36711990111248455,0.0,0.2243405094474666,17,0.4,3,0.00471,4.7513,1.059,0.591,0.71,"{""max_depth"": 3, ""learning_rate"": 0.00471, ""reg_lambda"": 4.7513, ""scale_pos_weight"": 1.059, ""colsample_bytree"": 0.591, ""subsample"": 0.71, ""n_estimators"": 1000, ""early_stopping_rounds"": 20, ""tree_method"": ""hist"", ""n_jobs"": -1}"
0,0.125,0.49791542584871945,0.0,0.4047111650897189,26,0.7,9,0.01168,0.0299,4.843,0.812,0.689,"{""max_depth"": 9, ""learning_rate"": 0.01168, ""reg_lambda"": 0.0299, ""scale_pos_weight"": 4.843, ""colsample_bytree"": 0.812, ""subsample"": 0.689, ""n_estimators"": 1000, ""early_stopping_rounds"": 20, ""tree_method"": ""hist"", ""n_jobs"": -1}"
0,0.125,0.5202890494719289,0.0,0.4010453464840528,7,0.6,15,0.00702,0.0376,7.74,0.834,0.715,"{""max_depth"": 15, ""learning_rate"": 0.00702, ""reg_lambda"": 0.0376, ""scale_pos_weight"": 7.74, ""colsample_bytree"": 0.834, ""subsample"": 0.715, ""n_estimators"": 1000, ""early_stopping_rounds"": 20, ""tree_method"": ""hist"", ""n_jobs"": -1}"
0,0.125,0.2589771490750816,0.0,0.10192760389806144,1,0.4,11,0.00507,4.5158,7.75,0.582,0.845,"{""max_depth"": 11, ""learning_rate"": 0.00507, ""reg_lambda"": 4.5158, ""scale_pos_weight"": 7.75, ""colsample_bytree"": 0.582, ""subsample"": 0.845, ""n_estimators"": 1000, ""early_stopping_rounds"": 20, ""tree_method"": ""hist"", ""n_jobs"": -1}"
0,0.125,0.4894932014833127,0.43951612903225806,0.37928607167590245,21,0.5,4,0.07459,10.1428,3.464,0.969,0.513,"{""max_depth"": 4, ""learning_rate"": 0.07459, ""reg_lambda"": 10.1428, ""scale_pos_weight"": 3.464, ""colsample_bytree"": 0.969, ""subsample"": 0.513, ""n_estimators"": 1000, ""early_stopping_rounds"": 20, ""tree_method"": ""hist"", ""n_jobs"": -1}"
0,0.125,0.4847457627118644,0.0,0.30901820998801527,2,0.4,6,0.00599,0.0928,7.589,0.763,0.732,"{""max_depth"": 6, ""learning_rate"": 0.00599, ""reg_lambda"": 0.0928, ""scale_pos_weight"": 7.589, ""colsample_bytree"": 0.763, ""subsample"": 0.732, ""n_estimators"": 1000, ""early_stopping_rounds"": 20, ""tree_method"": ""hist"", ""n_jobs"": -1}"
0,0.125,0.5150115473441108,0.0,0.3726489522600478,8,0.4,5,0.04312,0.0294,3.226,0.903,0.726,"{""max_depth"": 5, ""learning_rate"": 0.04312, ""reg_lambda"": 0.0294, ""scale_pos_weight"": 3.226, ""colsample_bytree"": 0.903, ""subsample"": 0.726, ""n_estimators"": 1000, ""early_stopping_rounds"": 20, ""tree_method"": ""hist"", ""n_jobs"": -1}"
0,0.125,0.4446902654867257,0.0,0.3178094812886132,7,0.4,4,0.06535,2.5507,8.106,0.594,0.658,"{""max_depth"": 4, ""learning_rate"": 0.06535, ""reg_lambda"": 2.5507, ""scale_pos_weight"": 8.106, ""colsample_bytree"": 0.594, ""subsample"": 0.658, ""n_estimators"": 1000, ""early_stopping_rounds"": 20, ""tree_method"": ""hist"", ""n_jobs"": -1}"
0,0.125,0.404688463911166,0.3793584379358438,0.3546278737403864,64,0.9,11,0.01743,0.776,8.402,0.587,0.926,"{""max_depth"": 11, ""learning_rate"": 0.01743, ""reg_lambda"": 0.776, ""scale_pos_weight"": 8.402, ""colsample_bytree"": 0.587, ""subsample"": 0.926, ""n_estimators"": 1000, ""early_stopping_rounds"": 20, ""tree_method"": ""hist"", ""n_jobs"": -1}"
0,0.125,0.47804878048780486,0.4524421593830334,0.32096145719643615,17,0.5,6,0.06817,0.02,1.085,0.646,0.7,"{""max_depth"": 6, ""learning_rate"": 0.06817, ""reg_lambda"": 0.02, ""scale_pos_weight"": 1.085, ""colsample_bytree"": 0.646, ""subsample"": 0.7, ""n_estimators"": 1000, ""early_stopping_rounds"": 20, ""tree_method"": ""hist"", ""n_jobs"": -1}"
0,0.125,0.305385139740968,0.0,0.2438625101864548,15,0.5,7,0.00405,13.342,5.279,0.565,0.683,"{""max_depth"": 7, ""learning_rate"": 0.00405, ""reg_lambda"": 13.342, ""scale_pos_weight"": 5.279, ""colsample_bytree"": 0.565, ""subsample"": 0.683, ""n_estimators"": 1000, ""early_stopping_rounds"": 20, ""tree_method"": ""hist"", ""n_jobs"": -1}"
0,0.125,0.4777275661717237,0.0,0.38690935090948086,46,0.9,15,0.01179,0.0943,3.649,0.71,0.981,"{""max_depth"": 15, ""learning_rate"": 0.01179, ""reg_lambda"": 0.0943, ""scale_pos_weight"": 3.649, ""colsample_bytree"": 0.71, ""subsample"": 0.981, ""n_estimators"": 1000, ""early_stopping_rounds"": 20, ""tree_method"": ""hist"", ""n_jobs"": -1}"
0,0.125,0.34187016081000593,0.2712562518387761,0.2781105213414855,64,0.6,3,0.08418,0.0132,1.595,0.514,0.833,"{""max_depth"": 3, ""learning_rate"": 0.08418, ""reg_lambda"": 0.0132, ""scale_pos_weight"": 1.595, ""colsample_bytree"": 0.514, ""subsample"": 0.833, ""n_estimators"": 1000, ""early_stopping_rounds"": 20, ""tree_method"": ""hist"", ""n_jobs"": -1}"
0,0.125,0.2648870636550308,0.0,0.19096960451215908,15,0.4,7,0.00677,2.0215,8.158,0.666,0.623,"{""max_depth"": 7, ""learning_rate"": 0.00677, ""reg_lambda"": 2.0215, ""scale_pos_weight"": 8.158, ""colsample_bytree"": 0.666, ""subsample"": 0.623, ""n_estimators"": 1000, ""early_stopping_rounds"": 20, ""tree_method"": ""hist"", ""n_jobs"": -1}"
0,0.125,0.042188628496002786,0.0,0.017794144535641127,5,0.3,1,0.01636,0.0395,1.787,0.869,0.93,"{""max_depth"": 1, ""learning_rate"": 0.01636, ""reg_lambda"": 0.0395, ""scale_pos_weight"": 1.787, ""colsample_bytree"": 0.869, ""subsample"": 0.93, ""n_estimators"": 1000, ""early_stopping_rounds"": 20, ""tree_method"": ""hist"", ""n_jobs"": -1}"
0,0.125,0.27204030226700254,0.0,0.16430404084818762,5,0.5,11,0.06848,1.0974,2.381,0.613,0.727,"{""max_depth"": 11, ""learning_rate"": 0.06848, ""reg_lambda"": 1.0974, ""scale_pos_weight"": 2.381, ""colsample_bytree"": 0.613, ""subsample"": 0.727, ""n_estimators"": 1000, ""early_stopping_rounds"": 20, ""tree_method"": ""hist"", ""n_jobs"": -1}"
0,0.125,0.47780678851174935,0.2496,0.38695724228970796,22,0.5,8,0.02987,0.125,7.803,0.718,0.991,"{""max_depth"": 8, ""learning_rate"": 0.02987, ""reg_lambda"": 0.125, ""scale_pos_weight"": 7.803, ""colsample_bytree"": 0.718, ""subsample"": 0.991, ""n_estimators"": 1000, ""early_stopping_rounds"": 20, ""tree_method"": ""hist"", ""n_jobs"": -1}"
0,0.125,0.4824462061155153,0.0,0.3675271594635378,60,0.8,13,0.0139,22.3247,1.131,0.859,0.699,"{""max_depth"": 13, ""learning_rate"": 0.0139, ""reg_lambda"": 22.3247, ""scale_pos_weight"": 1.131, ""colsample_bytree"": 0.859, ""subsample"": 0.699, ""n_estimators"": 1000, ""early_stopping_rounds"": 20, ""tree_method"": ""hist"", ""n_jobs"": -1}"
0,0.125,0.4775561097256858,0.0,0.3352368878166906,29,0.4,4,0.00628,52.2452,2.797,0.781,0.799,"{""max_depth"": 4, ""learning_rate"": 0.00628, ""reg_lambda"": 52.2452, ""scale_pos_weight"": 2.797, ""colsample_bytree"": 0.781, ""subsample"": 0.799, ""n_estimators"": 1000, ""early_stopping_rounds"": 20, ""tree_method"": ""hist"", ""n_jobs"": -1}"
0,0.125,0.4450402144772118,0.34290540540540543,0.3662640904925112,19,0.4,8,0.06133,0.7356,8.469,0.762,0.978,"{""max_depth"": 8, ""learning_rate"": 0.06133, ""reg_lambda"": 0.7356, ""scale_pos_weight"": 8.469, ""colsample_bytree"": 0.762, ""subsample"": 0.978, ""n_estimators"": 1000, ""early_stopping_rounds"": 20, ""tree_method"": ""hist"", ""n_jobs"": -1}"
0,0.125,0.4462521789657176,0.05734767025089606,0.3573729520759479,21,0.5,15,0.07382,58.8088,8.22,0.561,0.562,"{""max_depth"": 15, ""learning_rate"": 0.07382, ""reg_lambda"": 58.8088, ""scale_pos_weight"": 8.22, ""colsample_bytree"": 0.561, ""subsample"": 0.562, ""n_estimators"": 1000, ""early_stopping_rounds"": 20, ""tree_method"": ""hist"", ""n_jobs"": -1}"
0,0.125,0.41491596638655465,0.0,0.33793882113343904,19,0.6,11,0.02657,0.1216,4.466,0.587,0.881,"{""max_depth"": 11, ""learning_rate"": 0.02657, ""reg_lambda"": 0.1216, ""scale_pos_weight"": 4.466, ""colsample_bytree"": 0.587, ""subsample"": 0.881, ""n_estimators"": 1000, ""early_stopping_rounds"": 20, ""tree_method"": ""hist"", ""n_jobs"": -1}"
0,0.125,0.49971671388101985,0.0,0.3321490201213274,10,0.4,10,0.005,1.1677,4.555,0.895,0.732,"{""max_depth"": 10, ""learning_rate"": 0.005, ""reg_lambda"": 1.1677, ""scale_pos_weight"": 4.555, ""colsample_bytree"": 0.895, ""subsample"": 0.732, ""n_estimators"": 1000, ""early_stopping_rounds"": 20, ""tree_method"": ""hist"", ""n_jobs"": -1}"
0,0.125,0.33045148895292986,0.10452961672473868,0.19408516370562534,15,0.5,13,0.03947,1.8383,9.804,0.71,0.994,"{""max_depth"": 13, ""learning_rate"": 0.03947, ""reg_lambda"": 1.8383, ""scale_pos_weight"": 9.804, ""colsample_bytree"": 0.71, ""subsample"": 0.994, ""n_estimators"": 1000, ""early_stopping_rounds"": 20, ""tree_method"": ""hist"", ""n_jobs"": -1}"
0,0.125,0.37485714285714283,0.0,0.340778526823851,54,0.7,12,0.00594,13.4377,3.445,0.783,0.823,"{""max_depth"": 12, ""learning_rate"": 0.00594, ""reg_lambda"": 13.4377, ""scale_pos_weight"": 3.445, ""colsample_bytree"": 0.783, ""subsample"": 0.823, ""n_estimators"": 1000, ""early_stopping_rounds"": 20, ""tree_method"": ""hist"", ""n_jobs"": -1}"
0,0.125,0.49221556886227547,0.0,0.3683993304297511,3,0.3,7,0.0063,0.0137,9.883,0.909,0.562,"{""max_depth"": 7, ""learning_rate"": 0.0063, ""reg_lambda"": 0.0137, ""scale_pos_weight"": 9.883, ""colsample_bytree"": 0.909, ""subsample"": 0.562, ""n_estimators"": 1000, ""early_stopping_rounds"": 20, ""tree_method"": ""hist"", ""n_jobs"": -1}"
0,0.125,0.5149911816578483,0.0,0.40160308416591567,24,0.4,6,0.00771,0.0975,7.954,0.879,0.923,"{""max_depth"": 6, ""learning_rate"": 0.00771, ""reg_lambda"": 0.0975, ""scale_pos_weight"": 7.954, ""colsample_bytree"": 0.879, ""subsample"": 0.923, ""n_estimators"": 1000, ""early_stopping_rounds"": 20, ""tree_method"": ""hist"", ""n_jobs"": -1}"
0,0.125,0.33880597014925373,0.0,0.259122043849212,5,0.4,13,0.00507,9.7801,5.228,0.663,0.867,"{""max_depth"": 13, ""learning_rate"": 0.00507, ""reg_lambda"": 9.7801, ""scale_pos_weight"": 5.228, ""colsample_bytree"": 0.663, ""subsample"": 0.867, ""n_estimators"": 1000, ""early_stopping_rounds"": 20, ""tree_method"": ""hist"", ""n_jobs"": -1}"
0,0.125,0.5085324232081911,0.0,0.35185558524827315,5,0.3,3,0.00963,0.0416,9.925,0.96,0.645,"{""max_depth"": 3, ""learning_rate"": 0.00963, ""reg_lambda"": 0.0416, ""scale_pos_weight"": 9.925, ""colsample_bytree"": 0.96, ""subsample"": 0.645, ""n_estimators"": 1000, ""early_stopping_rounds"": 20, ""tree_method"": ""hist"", ""n_jobs"": -1}"
0,0.125,0.42696629213483145,0.0,0.26056812436551396,2,0.4,13,0.05268,0.0228,9.213,0.887,0.598,"{""max_depth"": 13, ""learning_rate"": 0.05268, ""reg_lambda"": 0.0228, ""scale_pos_weight"": 9.213, ""colsample_bytree"": 0.887, ""subsample"": 0.598, ""n_estimators"": 1000, ""early_stopping_rounds"": 20, ""tree_method"": ""hist"", ""n_jobs"": -1}"
0,0.125,0.49507389162561577,0.0,0.32940993337363167,2,0.4,11,0.02474,0.2649,7.626,0.796,0.604,"{""max_depth"": 11, ""learning_rate"": 0.02474, ""reg_lambda"": 0.2649, ""scale_pos_weight"": 7.626, ""colsample_bytree"": 0.796, ""subsample"": 0.604, ""n_estimators"": 1000, ""early_stopping_rounds"": 20, ""tree_method"": ""hist"", ""n_jobs"": -1}"
0,0.125,0.45083932853717024,0.0,0.29367905846878467,16,0.4,5,0.02601,0.0114,2.006,0.581,0.677,"{""max_depth"": 5, ""learning_rate"": 0.02601, ""reg_lambda"": 0.0114, ""scale_pos_weight"": 2.006, ""colsample_bytree"": 0.581, ""subsample"": 0.677, ""n_estimators"": 1000, ""early_stopping_rounds"": 20, ""tree_method"": ""hist"", ""n_jobs"": -1}"
0,0.125,0.46581972171808833,0.4639612356147789,0.3735432502816262,15,0.5,11,0.0785,0.0908,3.436,0.688,0.97,"{""max_depth"": 11, ""learning_rate"": 0.0785, ""reg_lambda"": 0.0908, ""scale_pos_weight"": 3.436, ""colsample_bytree"": 0.688, ""subsample"": 0.97, ""n_estimators"": 1000, ""early_stopping_rounds"": 20, ""tree_method"": ""hist"", ""n_jobs"": -1}"
0,0.125,0.042188628496002786,0.0,0.017794144535641127,8,0.3,1,0.01066,0.5303,3.687,0.988,0.682,"{""max_depth"": 1, ""learning_rate"": 0.01066, ""reg_lambda"": 0.5303, ""scale_pos_weight"": 3.687, ""colsample_bytree"": 0.988, ""subsample"": 0.682, ""n_estimators"": 1000, ""early_stopping_rounds"": 20, ""tree_method"": ""hist"", ""n_jobs"": -1}"
0,0.125,0.4513119533527697,0.0,0.28360856200802376,12,0.3,3,0.03069,7.3522,4.35,0.606,0.705,"{""max_depth"": 3, ""learning_rate"": 0.03069, ""reg_lambda"": 7.3522, ""scale_pos_weight"": 4.35, ""colsample_bytree"": 0.606, ""subsample"": 0.705, ""n_estimators"": 1000, ""early_stopping_rounds"": 20, ""tree_method"": ""hist"", ""n_jobs"": -1}"
0,0.125,0.44429795649307846,0.0,0.3201943736251593,23,0.4,2,0.01441,95.7633,8.726,0.81,0.597,"{""max_depth"": 2, ""learning_rate"": 0.01441, ""reg_lambda"": 95.7633, ""scale_pos_weight"": 8.726, ""colsample_bytree"": 0.81, ""subsample"": 0.597, ""n_estimators"": 1000, ""early_stopping_rounds"": 20, ""tree_method"": ""hist"", ""n_jobs"": -1}"
0,0.125,0.5259009009009009,0.0,0.4262747279118317,10,0.5,13,0.0435,0.02,4.415,0.663,0.785,"{""max_depth"": 13, ""learning_rate"": 0.0435, ""reg_lambda"": 0.02, ""scale_pos_weight"": 4.415, ""colsample_bytree"": 0.663, ""subsample"": 0.785, ""n_estimators"": 1000, ""early_stopping_rounds"": 20, ""tree_method"": ""hist"", ""n_jobs"": -1}"
0,0.125,0.4469208211143695,0.0,0.32247789380375674,4,0.4,11,0.03017,0.0532,5.227,0.996,0.508,"{""max_depth"": 11, ""learning_rate"": 0.03017, ""reg_lambda"": 0.0532, ""scale_pos_weight"": 5.227, ""colsample_bytree"": 0.996, ""subsample"": 0.508, ""n_estimators"": 1000, ""early_stopping_rounds"": 20, ""tree_method"": ""hist"", ""n_jobs"": -1}"
0,0.125,0.44787644787644787,0.0,0.3332203932689044,15,0.5,13,0.01003,0.4191,8.823,0.719,0.942,"{""max_depth"": 13, ""learning_rate"": 0.01003, ""reg_lambda"": 0.4191, ""scale_pos_weight"": 8.823, ""colsample_bytree"": 0.719, ""subsample"": 0.942, ""n_estimators"": 1000, ""early_stopping_rounds"": 20, ""tree_method"": ""hist"", ""n_jobs"": -1}"
0,0.125,0.5028248587570622,0.0,0.36914870185151444,3,0.3,6,0.02308,0.4994,3.271,0.912,0.822,"{""max_depth"": 6, ""learning_rate"": 0.02308, ""reg_lambda"": 0.4994, ""scale_pos_weight"": 3.271, ""colsample_bytree"": 0.912, ""subsample"": 0.822, ""n_estimators"": 1000, ""early_stopping_rounds"": 20, ""tree_method"": ""hist"", ""n_jobs"": -1}"
0,0.125,0.4618320610687023,0.0,0.39020407752139535,96,1.0,8,0.00496,0.0317,9.182,0.702,0.91,"{""max_depth"": 8, ""learning_rate"": 0.00496, ""reg_lambda"": 0.0317, ""scale_pos_weight"": 9.182, ""colsample_bytree"": 0.702, ""subsample"": 0.91, ""n_estimators"": 1000, ""early_stopping_rounds"": 20, ""tree_method"": ""hist"", ""n_jobs"": -1}"
0,0.125,0.2799876657415973,0.0,0.14491121224030762,5,0.3,4,0.06967,0.0804,1.293,0.59,0.886,"{""max_depth"": 4, ""learning_rate"": 0.06967, ""reg_lambda"": 0.0804, ""scale_pos_weight"": 1.293, ""colsample_bytree"": 0.59, ""subsample"": 0.886, ""n_estimators"": 1000, ""early_stopping_rounds"": 20, ""tree_method"": ""hist"", ""n_jobs"": -1}"
0,0.125,0.49019607843137253,0.0,0.3815204080678298,15,0.4,6,0.02219,0.0582,7.9,0.74,0.775,"{""max_depth"": 6, ""learning_rate"": 0.02219, ""reg_lambda"": 0.0582, ""scale_pos_weight"": 7.9, ""colsample_bytree"": 0.74, ""subsample"": 0.775, ""n_estimators"": 1000, ""early_stopping_rounds"": 20, ""tree_method"": ""hist"", ""n_jobs"": -1}"
0,0.125,0.042188628496002786,0.0,0.017794144535641127,5,0.3,1,0.00871,0.6704,1.411,0.905,0.954,"{""max_depth"": 1, ""learning_rate"": 0.00871, ""reg_lambda"": 0.6704, ""scale_pos_weight"": 1.411, ""colsample_bytree"": 0.905, ""subsample"": 0.954, ""n_estimators"": 1000, ""early_stopping_rounds"": 20, ""tree_method"": ""hist"", ""n_jobs"": -1}"
0,0.125,0.4090909090909091,0.0,0.2957678351082946,31,0.5,10,0.01752,23.7212,1.034,0.833,0.884,"{""max_depth"": 10, ""learning_rate"": 0.01752, ""reg_lambda"": 23.7212, ""scale_pos_weight"": 1.034, ""colsample_bytree"": 0.833, ""subsample"": 0.884, ""n_estimators"": 1000, ""early_stopping_rounds"": 20, ""tree_method"": ""hist"", ""n_jobs"": -1}"
0,0.125,0.416,0.0,0.2708434197251143,16,0.4,12,0.00977,26.6862,1.002,0.816,0.651,"{""max_depth"": 12, ""learning_rate"": 0.00977, ""reg_lambda"": 26.6862, ""scale_pos_weight"": 1.002, ""colsample_bytree"": 0.816, ""subsample"": 0.651, ""n_estimators"": 1000, ""early_stopping_rounds"": 20, ""tree_method"": ""hist"", ""n_jobs"": -1}"
0,0.125,0.4848858729179519,0.0,0.32407427377807063,5,0.4,14,0.00753,0.069,6.635,0.748,0.594,"{""max_depth"": 14, ""learning_rate"": 0.00753, ""reg_lambda"": 0.069, ""scale_pos_weight"": 6.635, ""colsample_bytree"": 0.748, ""subsample"": 0.594, ""n_estimators"": 1000, ""early_stopping_rounds"": 20, ""tree_method"": ""hist"", ""n_jobs"": -1}"
0,0.125,0.3519706691109074,0.0,0.17747573689787355,7,0.4,10,0.06749,33.8491,5.946,0.853,0.726,"{""max_depth"": 10, ""learning_rate"": 0.06749, ""reg_lambda"": 33.8491, ""scale_pos_weight"": 5.946, ""colsample_bytree"": 0.853, ""subsample"": 0.726, ""n_estimators"": 1000, ""early_stopping_rounds"": 20, ""tree_method"": ""hist"", ""n_jobs"": -1}"
0,0.125,0.3708609271523179,0.0,0.2664541801327064,5,0.4,9,0.05634,11.393,3.188,0.512,0.829,"{""max_depth"": 9, ""learning_rate"": 0.05634, ""reg_lambda"": 11.393, ""scale_pos_weight"": 3.188, ""colsample_bytree"": 0.512, ""subsample"": 0.829, ""n_estimators"": 1000, ""early_stopping_rounds"": 20, ""tree_method"": ""hist"", ""n_jobs"": -1}"
0,0.125,0.4048747461069736,0.0,0.3338040751999879,28,0.5,13,0.01309,37.761,8.739,0.767,0.689,"{""max_depth"": 13, ""learning_rate"": 0.01309, ""reg_lambda"": 37.761, ""scale_pos_weight"": 8.739, ""colsample_bytree"": 0.767, ""subsample"": 0.689, ""n_estimators"": 1000, ""early_stopping_rounds"": 20, ""tree_method"": ""hist"", ""n_jobs"": -1}"
0,0.125,0.45979899497487436,0.34735623311462754,0.3792274158542376,24,0.5,10,0.03665,5.3596,8.582,0.789,0.758,"{""max_depth"": 10, ""learning_rate"": 0.03665, ""reg_lambda"": 5.3596, ""scale_pos_weight"": 8.582, ""colsample_bytree"": 0.789, ""subsample"": 0.758, ""n_estimators"": 1000, ""early_stopping_rounds"": 20, ""tree_method"": ""hist"", ""n_jobs"": -1}"
0,0.125,0.2589771490750816,0.0,0.11230336833029857,2,0.4,11,0.01885,35.9685,4.301,0.921,0.752,"{""max_depth"": 11, ""learning_rate"": 0.01885, ""reg_lambda"": 35.9685, ""scale_pos_weight"": 4.301, ""colsample_bytree"": 0.921, ""subsample"": 0.752, ""n_estimators"": 1000, ""early_stopping_rounds"": 20, ""tree_method"": ""hist"", ""n_jobs"": -1}"
0,0.125,0.49859943977591037,0.0,0.35139254961823035,2,0.4,10,0.01491,0.1461,5.751,0.927,0.59,"{""max_depth"": 10, ""learning_rate"": 0.01491, ""reg_lambda"": 0.1461, ""scale_pos_weight"": 5.751, ""colsample_bytree"": 0.927, ""subsample"": 0.59, ""n_estimators"": 1000, ""early_stopping_rounds"": 20, ""tree_method"": ""hist"", ""n_jobs"": -1}"
0,0.125,0.47831632653061223,0.0,0.3186418960800954,27,0.4,2,0.01632,2.138,7.928,0.97,0.775,"{""max_depth"": 2, ""learning_rate"": 0.01632, ""reg_lambda"": 2.138, ""scale_pos_weight"": 7.928, ""colsample_bytree"": 0.97, ""subsample"": 0.775, ""n_estimators"": 1000, ""early_stopping_rounds"": 20, ""tree_method"": ""hist"", ""n_jobs"": -1}"
0,0.125,0.43227326266195526,0.0,0.26436132955025193,15,0.4,7,0.01011,11.4098,7.874,0.776,0.587,"{""max_depth"": 7, ""learning_rate"": 0.01011, ""reg_lambda"": 11.4098, ""scale_pos_weight"": 7.874, ""colsample_bytree"": 0.776, ""subsample"": 0.587, ""n_estimators"": 1000, ""early_stopping_rounds"": 20, ""tree_method"": ""hist"", ""n_jobs"": -1}"
0,0.125,0.49687108886107634,0.0,0.33350603569146664,8,0.5,14,0.012,0.1457,9.702,0.822,0.955,"{""max_depth"": 14, ""learning_rate"": 0.012, ""reg_lambda"": 0.1457, ""scale_pos_weight"": 9.702, ""colsample_bytree"": 0.822, ""subsample"": 0.955, ""n_estimators"": 1000, ""early_stopping_rounds"": 20, ""tree_method"": ""hist"", ""n_jobs"": -1}"
0,0.125,0.46858485026423957,0.0,0.28071965471395965,5,0.4,15,0.01391,1.8599,4.193,0.728,0.8,"{""max_depth"": 15, ""learning_rate"": 0.01391, ""reg_lambda"": 1.8599, ""scale_pos_weight"": 4.193, ""colsample_bytree"": 0.728, ""subsample"": 0.8, ""n_estimators"": 1000, ""early_stopping_rounds"": 20, ""tree_method"": ""hist"", ""n_jobs"": -1}"
0,0.125,0.48115577889447236,0.0,0.34242937147944225,3,0.3,5,0.00349,0.2287,1.002,0.741,0.804,"{""max_depth"": 5, ""learning_rate"": 0.00349, ""reg_lambda"": 0.2287, ""scale_pos_weight"": 1.002, ""colsample_bytree"": 0.741, ""subsample"": 0.804, ""n_estimators"": 1000, ""early_stopping_rounds"": 20, ""tree_method"": ""hist"", ""n_jobs"": -1}"
0,0.125,0.3164630599185573,0.0,0.1890045618192896,16,0.5,13,0.0073,16.4425,8.563,0.694,0.907,"{""max_depth"": 13, ""learning_rate"": 0.0073, ""reg_lambda"": 16.4425, ""scale_pos_weight"": 8.563, ""colsample_bytree"": 0.694, ""subsample"": 0.907, ""n_estimators"": 1000, ""early_stopping_rounds"": 20, ""tree_method"": ""hist"", ""n_jobs"": -1}"
0,0.125,0.2589771490750816,0.0,0.0899846322966753,1,0.3,2,0.00824,6.6747,5.909,0.72,0.828,"{""max_depth"": 2, ""learning_rate"": 0.00824, ""reg_lambda"": 6.6747, ""scale_pos_weight"": 5.909, ""colsample_bytree"": 0.72, ""subsample"": 0.828, ""n_estimators"": 1000, ""early_stopping_rounds"": 20, ""tree_method"": ""hist"", ""n_jobs"": -1}"
0,0.125,0.523289246693502,0.0,0.39150961128720474,8,0.5,12,0.00554,0.1497,7.125,0.853,0.84,"{""max_depth"": 12, ""learning_rate"": 0.00554, ""reg_lambda"": 0.1497, ""scale_pos_weight"": 7.125, ""colsample_bytree"": 0.853, ""subsample"": 0.84, ""n_estimators"": 1000, ""early_stopping_rounds"": 20, ""tree_method"": ""hist"", ""n_jobs"": -1}"
0,0.125,0.042188628496002786,0.0,0.017794144535641127,7,0.3,1,0.04482,0.0208,1.953,0.928,0.678,"{""max_depth"": 1, ""learning_rate"": 0.04482, ""reg_lambda"": 0.0208, ""scale_pos_weight"": 1.953, ""colsample_bytree"": 0.928, ""subsample"": 0.678, ""n_estimators"": 1000, ""early_stopping_rounds"": 20, ""tree_method"": ""hist"", ""n_jobs"": -1}"
0,0.125,0.5010683760683761,0.0,0.3242511311379158,7,0.4,10,0.018,3.2111,1.693,0.885,0.562,"{""max_depth"": 10, ""learning_rate"": 0.018, ""reg_lambda"": 3.2111, ""scale_pos_weight"": 1.693, ""colsample_bytree"": 0.885, ""subsample"": 0.562, ""n_estimators"": 1000, ""early_stopping_rounds"": 20, ""tree_method"": ""hist"", ""n_jobs"": -1}"
0,0.125,0.4796954314720812,0.0,0.34200572291921116,2,0.4,9,0.03327,0.406,5.43,0.836,0.686,"{""max_depth"": 9, ""learning_rate"": 0.03327, ""reg_lambda"": 0.406, ""scale_pos_weight"": 5.43, ""colsample_bytree"": 0.836, ""subsample"": 0.686, ""n_estimators"": 1000, ""early_stopping_rounds"": 20, ""tree_method"": ""hist"", ""n_jobs"": -1}"
0,0.125,0.49209361163820364,0.3846509477577439,0.3785637426580276,22,0.6,13,0.08837,1.2323,7.679,0.766,0.91,"{""max_depth"": 13, ""learning_rate"": 0.08837, ""reg_lambda"": 1.2323, ""scale_pos_weight"": 7.679, ""colsample_bytree"": 0.766, ""subsample"": 0.91, ""n_estimators"": 1000, ""early_stopping_rounds"": 20, ""tree_method"": ""hist"", ""n_jobs"": -1}"
0,0.125,0.042188628496002786,0.0,0.016804843575790682,3,0.3,1,0.02223,0.031,6.777,0.586,0.912,"{""max_depth"": 1, ""learning_rate"": 0.02223, ""reg_lambda"": 0.031, ""scale_pos_weight"": 6.777, ""colsample_bytree"": 0.586, ""subsample"": 0.912, ""n_estimators"": 1000, ""early_stopping_rounds"": 20, ""tree_method"": ""hist"", ""n_jobs"": -1}"
0,0.125,0.5068411659726353,0.5042016806722689,0.42305314762871665,66,0.9,9,0.08123,3.2834,3.026,0.779,0.886,"{""max_depth"": 9, ""learning_rate"": 0.08123, ""reg_lambda"": 3.2834, ""scale_pos_weight"": 3.026, ""colsample_bytree"": 0.779, ""subsample"": 0.886, ""n_estimators"": 1000, ""early_stopping_rounds"": 20, ""tree_method"": ""hist"", ""n_jobs"": -1}"
0,0.125,0.487040385774563,0.0,0.34787140969872365,7,0.4,11,0.03697,0.234,6.898,0.968,0.842,"{""max_depth"": 11, ""learning_rate"": 0.03697, ""reg_lambda"": 0.234, ""scale_pos_weight"": 6.898, ""colsample_bytree"": 0.968, ""subsample"": 0.842, ""n_estimators"": 1000, ""early_stopping_rounds"": 20, ""tree_method"": ""hist"", ""n_jobs"": -1}"
0,0.125,0.35903763109191855,0.3413848631239936,0.2901946398823716,15,0.4,7,0.07347,20.4407,8.697,0.553,0.645,"{""max_depth"": 7, ""learning_rate"": 0.07347, ""reg_lambda"": 20.4407, ""scale_pos_weight"": 8.697, ""colsample_bytree"": 0.553, ""subsample"": 0.645, ""n_estimators"": 1000, ""early_stopping_rounds"": 20, ""tree_method"": ""hist"", ""n_jobs"": -1}"
0,0.125,0.513946587537092,0.4933078393881453,0.41782841170887564,24,0.5,6,0.04844,0.1257,1.663,0.842,0.9,"{""max_depth"": 6, ""learning_rate"": 0.04844, ""reg_lambda"": 0.1257, ""scale_pos_weight"": 1.663, ""colsample_bytree"": 0.842, ""subsample"": 0.9, ""n_estimators"": 1000, ""early_stopping_rounds"": 20, ""tree_method"": ""hist"", ""n_jobs"": -1}"
0,0.125,0.49945828819068255,0.0,0.35471085434906674,13,0.4,9,0.01041,1.7342,1.194,0.781,0.928,"{""max_depth"": 9, ""learning_rate"": 0.01041, ""reg_lambda"": 1.7342, ""scale_pos_weight"": 1.194, ""colsample_bytree"": 0.781, ""subsample"": 0.928, ""n_estimators"": 1000, ""early_stopping_rounds"": 20, ""tree_method"": ""hist"", ""n_jobs"": -1}"
0,0.125,0.46583143507972663,0.0,0.3079417968354887,5,0.4,10,0.00414,0.3414,2.484,0.69,0.507,"{""max_depth"": 10, ""learning_rate"": 0.00414, ""reg_lambda"": 0.3414, ""scale_pos_weight"": 2.484, ""colsample_bytree"": 0.69, ""subsample"": 0.507, ""n_estimators"": 1000, ""early_stopping_rounds"": 20, ""tree_method"": ""hist"", ""n_jobs"": -1}"
0,0.125,0.5161290322580645,0.0,0.3566778375475979,2,0.4,8,0.01755,0.5542,6.416,0.925,0.646,"{""max_depth"": 8, ""learning_rate"": 0.01755, ""reg_lambda"": 0.5542, ""scale_pos_weight"": 6.416, ""colsample_bytree"": 0.925, ""subsample"": 0.646, ""n_estimators"": 1000, ""early_stopping_rounds"": 20, ""tree_method"": ""hist"", ""n_jobs"": -1}"
0,0.125,0.3066385669125395,0.0,0.2341999257826123,13,0.5,13,0.00797,0.0158,3.398,0.533,0.521,"{""max_depth"": 13, ""learning_rate"": 0.00797, ""reg_lambda"": 0.0158, ""scale_pos_weight"": 3.398, ""colsample_bytree"": 0.533, ""subsample"": 0.521, ""n_estimators"": 1000, ""early_stopping_rounds"": 20, ""tree_method"": ""hist"", ""n_jobs"": -1}"
0,0.125,0.45045045045045046,0.0,0.2953403193286631,5,0.3,3,0.00597,0.0198,9.25,0.574,0.547,"{""max_depth"": 3, ""learning_rate"": 0.00597, ""reg_lambda"": 0.0198, ""scale_pos_weight"": 9.25, ""colsample_bytree"": 0.574, ""subsample"": 0.547, ""n_estimators"": 1000, ""early_stopping_rounds"": 20, ""tree_method"": ""hist"", ""n_jobs"": -1}"
0,0.125,0.4319136172765447,0.2849348287359806,0.3795553106633339,44,0.7,9,0.09037,4.6544,7.532,0.782,0.535,"{""max_depth"": 9, ""learning_rate"": 0.09037, ""reg_lambda"": 4.6544, ""scale_pos_weight"": 7.532, ""colsample_bytree"": 0.782, ""subsample"": 0.535, ""n_estimators"": 1000, ""early_stopping_rounds"": 20, ""tree_method"": ""hist"", ""n_jobs"": -1}"
0,0.125,0.46318156267566046,0.0,0.3502666024242747,7,0.4,13,0.0134,0.3714,2.218,0.557,0.761,"{""max_depth"": 13, ""learning_rate"": 0.0134, ""reg_lambda"": 0.3714, ""scale_pos_weight"": 2.218, ""colsample_bytree"": 0.557, ""subsample"": 0.761, ""n_estimators"": 1000, ""early_stopping_rounds"": 20, ""tree_method"": ""hist"", ""n_jobs"": -1}"
0,0.125,0.49398280802292266,0.0,0.30572989861981276,5,0.4,13,0.02255,1.1878,6.518,0.939,0.752,"{""max_depth"": 13, ""learning_rate"": 0.02255, ""reg_lambda"": 1.1878, ""scale_pos_weight"": 6.518, ""colsample_bytree"": 0.939, ""subsample"": 0.752, ""n_estimators"": 1000, ""early_stopping_rounds"": 20, ""tree_method"": ""hist"", ""n_jobs"": -1}"
0,0.125,0.538788522848034,0.0,0.3913347422007466,12,0.4,6,0.00767,0.1688,6.047,0.898,0.721,"{""max_depth"": 6, ""learning_rate"": 0.00767, ""reg_lambda"": 0.1688, ""scale_pos_weight"": 6.047, ""colsample_bytree"": 0.898, ""subsample"": 0.721, ""n_estimators"": 1000, ""early_stopping_rounds"": 20, ""tree_method"": ""hist"", ""n_jobs"": -1}"
0,0.125,0.4800498753117207,0.0,0.35225183942244337,73,0.7,6,0.00364,0.0566,1.816,0.667,0.842,"{""max_depth"": 6, ""learning_rate"": 0.00364, ""reg_lambda"": 0.0566, ""scale_pos_weight"": 1.816, ""colsample_bytree"": 0.667, ""subsample"": 0.842, ""n_estimators"": 1000, ""early_stopping_rounds"": 20, ""tree_method"": ""hist"", ""n_jobs"": -1}"
0,0.125,0.4929942916450441,0.0,0.3574194732423862,7,0.4,12,0.03113,0.6582,1.988,0.648,0.755,"{""max_depth"": 12, ""learning_rate"": 0.03113, ""reg_lambda"": 0.6582, ""scale_pos_weight"": 1.988, ""colsample_bytree"": 0.648, ""subsample"": 0.755, ""n_estimators"": 1000, ""early_stopping_rounds"": 20, ""tree_method"": ""hist"", ""n_jobs"": -1}"
0,0.125,0.48115577889447236,0.0,0.3588580131362707,10,0.4,9,0.01761,0.0943,8.428,0.717,0.923,"{""max_depth"": 9, ""learning_rate"": 0.01761, ""reg_lambda"": 0.0943, ""scale_pos_weight"": 8.428, ""colsample_bytree"": 0.717, ""subsample"": 0.923, ""n_estimators"": 1000, ""early_stopping_rounds"": 20, ""tree_method"": ""hist"", ""n_jobs"": -1}"
0,0.125,0.45878136200716846,0.45376220562894887,0.3981854943337239,46,0.7,10,0.08183,0.028,7.923,0.51,0.618,"{""max_depth"": 10, ""learning_rate"": 0.08183, ""reg_lambda"": 0.028, ""scale_pos_weight"": 7.923, ""colsample_bytree"": 0.51, ""subsample"": 0.618, ""n_estimators"": 1000, ""early_stopping_rounds"": 20, ""tree_method"": ""hist"", ""n_jobs"": -1}"
0,0.125,0.5149342891278376,0.4849246231155779,0.366668663541788,11,0.4,4,0.06395,0.2514,9.392,0.965,0.9,"{""max_depth"": 4, ""learning_rate"": 0.06395, ""reg_lambda"": 0.2514, ""scale_pos_weight"": 9.392, ""colsample_bytree"": 0.965, ""subsample"": 0.9, ""n_estimators"": 1000, ""early_stopping_rounds"": 20, ""tree_method"": ""hist"", ""n_jobs"": -1}"
0,0.125,0.511854103343465,0.5089392133492253,0.3790920136348284,33,0.5,3,0.06129,0.6736,2.136,0.926,0.908,"{""max_depth"": 3, ""learning_rate"": 0.06129, ""reg_lambda"": 0.6736, ""scale_pos_weight"": 2.136, ""colsample_bytree"": 0.926, ""subsample"": 0.908, ""n_estimators"": 1000, ""early_stopping_rounds"": 20, ""tree_method"": ""hist"", ""n_jobs"": -1}"
0,0.125,0.4,0.0,0.33166146285379483,69,0.8,6,0.00505,29.2487,5.671,0.872,0.634,"{""max_depth"": 6, ""learning_rate"": 0.00505, ""reg_lambda"": 29.2487, ""scale_pos_weight"": 5.671, ""colsample_bytree"": 0.872, ""subsample"": 0.634, ""n_estimators"": 1000, ""early_stopping_rounds"": 20, ""tree_method"": ""hist"", ""n_jobs"": -1}"
0,0.125,0.4912703190848886,0.09833187006145742,0.39441844508445767,15,0.4,9,0.05922,2.5168,2.329,0.683,0.93,"{""max_depth"": 9, ""learning_rate"": 0.05922, ""reg_lambda"": 2.5168, ""scale_pos_weight"": 2.329, ""colsample_bytree"": 0.683, ""subsample"": 0.93, ""n_estimators"": 1000, ""early_stopping_rounds"": 20, ""tree_method"": ""hist"", ""n_jobs"": -1}"
0,0.125,0.521876647337902,0.0,0.4016909877355137,26,0.4,4,0.01594,0.2225,4.069,0.912,0.727,"{""max_depth"": 4, ""learning_rate"": 0.01594, ""reg_lambda"": 0.2225, ""scale_pos_weight"": 4.069, ""colsample_bytree"": 0.912, ""subsample"": 0.727, ""n_estimators"": 1000, ""early_stopping_rounds"": 20, ""tree_method"": ""hist"", ""n_jobs"": -1}"
0,0.125,0.2589771490750816,0.0,0.11391310329909786,4,0.3,5,0.0093,10.615,3.571,0.884,0.509,"{""max_depth"": 5, ""learning_rate"": 0.0093, ""reg_lambda"": 10.615, ""scale_pos_weight"": 3.571, ""colsample_bytree"": 0.884, ""subsample"": 0.509, ""n_estimators"": 1000, ""early_stopping_rounds"": 20, ""tree_method"": ""hist"", ""n_jobs"": -1}"
0,0.125,0.4945188794153471,0.0,0.36959730146458747,21,0.6,15,0.00495,0.1089,8.831,0.661,0.742,"{""max_depth"": 15, ""learning_rate"": 0.00495, ""reg_lambda"": 0.1089, ""scale_pos_weight"": 8.831, ""colsample_bytree"": 0.661, ""subsample"": 0.742, ""n_estimators"": 1000, ""early_stopping_rounds"": 20, ""tree_method"": ""hist"", ""n_jobs"": -1}"
0,0.125,0.48655256723716384,0.0,0.3695259124012021,7,0.4,13,0.02239,0.0242,2.274,0.9,0.622,"{""max_depth"": 13, ""learning_rate"": 0.02239, ""reg_lambda"": 0.0242, ""scale_pos_weight"": 2.274, ""colsample_bytree"": 0.9, ""subsample"": 0.622, ""n_estimators"": 1000, ""early_stopping_rounds"": 20, ""tree_method"": ""hist"", ""n_jobs"": -1}"
0,0.125,0.2589771490750816,0.0,0.06596890335837918,18,0.3,2,0.00391,2.5545,2.319,0.526,0.915,"{""max_depth"": 2, ""learning_rate"": 0.00391, ""reg_lambda"": 2.5545, ""scale_pos_weight"": 2.319, ""colsample_bytree"": 0.526, ""subsample"": 0.915, ""n_estimators"": 1000, ""early_stopping_rounds"": 20, ""tree_method"": ""hist"", ""n_jobs"": -1}"
0,0.125,0.47915443335290664,0.0,0.31310032967721163,7,0.4,8,0.06284,9.4651,2.809,0.542,0.586,"{""max_depth"": 8, ""learning_rate"": 0.06284, ""reg_lambda"": 9.4651, ""scale_pos_weight"": 2.809, ""colsample_bytree"": 0.542, ""subsample"": 0.586, ""n_estimators"": 1000, ""early_stopping_rounds"": 20, ""tree_method"": ""hist"", ""n_jobs"": -1}"
0,0.125,0.48381962864721484,0.0,0.38844620883644937,10,0.4,6,0.01745,0.2698,8.488,0.735,0.777,"{""max_depth"": 6, ""learning_rate"": 0.01745, ""reg_lambda"": 0.2698, ""scale_pos_weight"": 8.488, ""colsample_bytree"": 0.735, ""subsample"": 0.777, ""n_estimators"": 1000, ""early_stopping_rounds"": 20, ""tree_method"": ""hist"", ""n_jobs"": -1}"
0,0.125,0.5237529691211401,0.4960169941582581,0.4500740405181693,125,1.4,11,0.04289,5.6985,7.172,0.886,0.699,"{""max_depth"": 11, ""learning_rate"": 0.04289, ""reg_lambda"": 5.6985, ""scale_pos_weight"": 7.172, ""colsample_bytree"": 0.886, ""subsample"": 0.699, ""n_estimators"": 1000, ""early_stopping_rounds"": 20, ""tree_method"": ""hist"", ""n_jobs"": -1}"
0,0.125,0.44534412955465585,0.0,0.32045627715693853,17,0.4,6,0.00477,18.6954,4.11,0.846,0.994,"{""max_depth"": 6, ""learning_rate"": 0.00477, ""reg_lambda"": 18.6954, ""scale_pos_weight"": 4.11, ""colsample_bytree"": 0.846, ""subsample"": 0.994, ""n_estimators"": 1000, ""early_stopping_rounds"": 20, ""tree_method"": ""hist"", ""n_jobs"": -1}"
0,0.125,0.48426150121065376,0.2942528735632184,0.3907096499749496,58,0.7,5,0.07245,0.0113,6.433,0.549,0.936,"{""max_depth"": 5, ""learning_rate"": 0.07245, ""reg_lambda"": 0.0113, ""scale_pos_weight"": 6.433, ""colsample_bytree"": 0.549, ""subsample"": 0.936, ""n_estimators"": 1000, ""early_stopping_rounds"": 20, ""tree_method"": ""hist"", ""n_jobs"": -1}"
0,0.125,0.5079552150854449,0.4900161899622234,0.42643719864055973,66,0.9,11,0.08717,0.0137,2.199,0.916,0.843,"{""max_depth"": 11, ""learning_rate"": 0.08717, ""reg_lambda"": 0.0137, ""scale_pos_weight"": 2.199, ""colsample_bytree"": 0.916, ""subsample"": 0.843, ""n_estimators"": 1000, ""early_stopping_rounds"": 20, ""tree_method"": ""hist"", ""n_jobs"": -1}"
0,0.125,0.2734271303424476,0.0,0.10457731191313593,1,0.3,5,0.04313,2.381,5.853,0.505,0.892,"{""max_depth"": 5, ""learning_rate"": 0.04313, ""reg_lambda"": 2.381, ""scale_pos_weight"": 5.853, ""colsample_bytree"": 0.505, ""subsample"": 0.892, ""n_estimators"": 1000, ""early_stopping_rounds"": 20, ""tree_method"": ""hist"", ""n_jobs"": -1}"
0,0.125,0.49470404984423677,0.0,0.390721405397795,9,0.6,15,0.01191,0.0267,5.922,0.685,0.803,"{""max_depth"": 15, ""learning_rate"": 0.01191, ""reg_lambda"": 0.0267, ""scale_pos_weight"": 5.922, ""colsample_bytree"": 0.685, ""subsample"": 0.803, ""n_estimators"": 1000, ""early_stopping_rounds"": 20, ""tree_method"": ""hist"", ""n_jobs"": -1}"
0,0.125,0.042188628496002786,0.0,0.016804843575790682,3,0.3,1,0.00559,1.4432,6.489,0.541,0.818,"{""max_depth"": 1, ""learning_rate"": 0.00559, ""reg_lambda"": 1.4432, ""scale_pos_weight"": 6.489, ""colsample_bytree"": 0.541, ""subsample"": 0.818, ""n_estimators"": 1000, ""early_stopping_rounds"": 20, ""tree_method"": ""hist"", ""n_jobs"": -1}"
0,0.125,0.2529530394698934,0.0,0.08386513157430492,30,0.4,1,0.05779,0.1403,5.692,0.953,0.851,"{""max_depth"": 1, ""learning_rate"": 0.05779, ""reg_lambda"": 0.1403, ""scale_pos_weight"": 5.692, ""colsample_bytree"": 0.953, ""subsample"": 0.851, ""n_estimators"": 1000, ""early_stopping_rounds"": 20, ""tree_method"": ""hist"", ""n_jobs"": -1}"
0,0.125,0.49007444168734493,0.43518951801591016,0.4165832517215952,100,1.4,15,0.08907,0.2335,8.418,0.726,0.895,"{""max_depth"": 15, ""learning_rate"": 0.08907, ""reg_lambda"": 0.2335, ""scale_pos_weight"": 8.418, ""colsample_bytree"": 0.726, ""subsample"": 0.895, ""n_estimators"": 1000, ""early_stopping_rounds"": 20, ""tree_method"": ""hist"", ""n_jobs"": -1}"
0,0.125,0.42533333333333334,0.3261634728197106,0.30381145625904404,13,0.4,4,0.0761,40.8219,8.241,0.661,0.956,"{""max_depth"": 4, ""learning_rate"": 0.0761, ""reg_lambda"": 40.8219, ""scale_pos_weight"": 8.241, ""colsample_bytree"": 0.661, ""subsample"": 0.956, ""n_estimators"": 1000, ""early_stopping_rounds"": 20, ""tree_method"": ""hist"", ""n_jobs"": -1}"
0,0.125,0.40425531914893614,0.0,0.335154099459308,15,0.5,14,0.00777,3.8496,7.734,0.525,0.634,"{""max_depth"": 14, ""learning_rate"": 0.00777, ""reg_lambda"": 3.8496, ""scale_pos_weight"": 7.734, ""colsample_bytree"": 0.525, ""subsample"": 0.634, ""n_estimators"": 1000, ""early_stopping_rounds"": 20, ""tree_method"": ""hist"", ""n_jobs"": -1}"
0,0.125,0.48423423423423423,0.0,0.31997830124059445,54,0.6,3,0.01131,24.4898,1.017,0.945,0.667,"{""max_depth"": 3, ""learning_rate"": 0.01131, ""reg_lambda"": 24.4898, ""scale_pos_weight"": 1.017, ""colsample_bytree"": 0.945, ""subsample"": 0.667, ""n_estimators"": 1000, ""early_stopping_rounds"": 20, ""tree_method"": ""hist"", ""n_jobs"": -1}"
0,0.125,0.5044510385756676,0.49294245385450597,0.42892320650427807,123,1.5,14,0.0801,0.0176,5.907,0.611,0.851,"{""max_depth"": 14, ""learning_rate"": 0.0801, ""reg_lambda"": 0.0176, ""scale_pos_weight"": 5.907, ""colsample_bytree"": 0.611, ""subsample"": 0.851, ""n_estimators"": 1000, ""early_stopping_rounds"": 20, ""tree_method"": ""hist"", ""n_jobs"": -1}"
0,0.125,0.43221781055019853,0.4036259541984733,0.37296439706409784,72,0.9,10,0.0533,0.0966,8.739,0.589,0.74,"{""max_depth"": 10, ""learning_rate"": 0.0533, ""reg_lambda"": 0.0966, ""scale_pos_weight"": 8.739, ""colsample_bytree"": 0.589, ""subsample"": 0.74, ""n_estimators"": 1000, ""early_stopping_rounds"": 20, ""tree_method"": ""hist"", ""n_jobs"": -1}"
0,0.125,0.4924791086350975,0.0,0.3464578979698721,7,0.4,10,0.00915,0.3137,7.257,0.658,0.765,"{""max_depth"": 10, ""learning_rate"": 0.00915, ""reg_lambda"": 0.3137, ""scale_pos_weight"": 7.257, ""colsample_bytree"": 0.658, ""subsample"": 0.765, ""n_estimators"": 1000, ""early_stopping_rounds"": 20, ""tree_method"": ""hist"", ""n_jobs"": -1}"
0,0.125,0.39486139283299526,0.0,0.292899536318088,17,0.4,2,0.02999,13.8976,3.642,0.528,0.619,"{""max_depth"": 2, ""learning_rate"": 0.02999, ""reg_lambda"": 13.8976, ""scale_pos_weight"": 3.642, ""colsample_bytree"": 0.528, ""subsample"": 0.619, ""n_estimators"": 1000, ""early_stopping_rounds"": 20, ""tree_method"": ""hist"", ""n_jobs"": -1}"
0,0.125,0.3121495327102804,0.3081847279378144,0.25353828944633244,16,0.4,3,0.06554,4.2676,6.466,0.516,0.749,"{""max_depth"": 3, ""learning_rate"": 0.06554, ""reg_lambda"": 4.2676, ""scale_pos_weight"": 6.466, ""colsample_bytree"": 0.516, ""subsample"": 0.749, ""n_estimators"": 1000, ""early_stopping_rounds"": 20, ""tree_method"": ""hist"", ""n_jobs"": -1}"
0,0.125,0.37551020408163266,0.0018467220683287165,0.3235092754654295,54,0.8,9,0.00992,0.2453,9.634,0.582,0.544,"{""max_depth"": 9, ""learning_rate"": 0.00992, ""reg_lambda"": 0.2453, ""scale_pos_weight"": 9.634, ""colsample_bytree"": 0.582, ""subsample"": 0.544, ""n_estimators"": 1000, ""early_stopping_rounds"": 20, ""tree_method"": ""hist"", ""n_jobs"": -1}"
0,0.125,0.51933064050779,0.0,0.4052404455031159,7,0.4,8,0.02911,0.1198,7.352,0.848,0.719,"{""max_depth"": 8, ""learning_rate"": 0.02911, ""reg_lambda"": 0.1198, ""scale_pos_weight"": 7.352, ""colsample_bytree"": 0.848, ""subsample"": 0.719, ""n_estimators"": 1000, ""early_stopping_rounds"": 20, ""tree_method"": ""hist"", ""n_jobs"": -1}"
0,0.125,0.5,0.0,0.3685707684907875,8,0.4,5,0.0565,0.1973,6.609,0.77,0.536,"{""max_depth"": 5, ""learning_rate"": 0.0565, ""reg_lambda"": 0.1973, ""scale_pos_weight"": 6.609, ""colsample_bytree"": 0.77, ""subsample"": 0.536, ""n_estimators"": 1000, ""early_stopping_rounds"": 20, ""tree_method"": ""hist"", ""n_jobs"": -1}"
0,0.125,0.47506234413965087,0.0036900369003690036,0.39053876877714205,57,0.9,8,0.02212,80.2102,8.053,0.74,0.598,"{""max_depth"": 8, ""learning_rate"": 0.02212, ""reg_lambda"": 80.2102, ""scale_pos_weight"": 8.053, ""colsample_bytree"": 0.74, ""subsample"": 0.598, ""n_estimators"": 1000, ""early_stopping_rounds"": 20, ""tree_method"": ""hist"", ""n_jobs"": -1}"
0,0.125,0.4685358255451713,0.0,0.33598027502343475,5,0.4,6,0.00803,0.0148,6.234,0.712,0.829,"{""max_depth"": 6, ""learning_rate"": 0.00803, ""reg_lambda"": 0.0148, ""scale_pos_weight"": 6.234, ""colsample_bytree"": 0.712, ""subsample"": 0.829, ""n_estimators"": 1000, ""early_stopping_rounds"": 20, ""tree_method"": ""hist"", ""n_jobs"": -1}"
0,0.125,0.5005561735261401,0.0,0.3341961858492336,2,0.4,12,0.01334,0.2559,1.366,0.991,0.538,"{""max_depth"": 12, ""learning_rate"": 0.01334, ""reg_lambda"": 0.2559, ""scale_pos_weight"": 1.366, ""colsample_bytree"": 0.991, ""subsample"": 0.538, ""n_estimators"": 1000, ""early_stopping_rounds"": 20, ""tree_method"": ""hist"", ""n_jobs"": -1}"
0,0.125,0.48322147651006714,0.0,0.326676993704357,2,0.4,8,0.00345,0.0726,2.226,0.897,0.576,"{""max_depth"": 8, ""learning_rate"": 0.00345, ""reg_lambda"": 0.0726, ""scale_pos_weight"": 2.226, ""colsample_bytree"": 0.897, ""subsample"": 0.576, ""n_estimators"": 1000, ""early_stopping_rounds"": 20, ""tree_method"": ""hist"", ""n_jobs"": -1}"
0,0.125,0.40713224368499257,0.0,0.22218551309023393,26,0.5,14,0.00331,53.2447,3.889,0.921,0.981,"{""max_depth"": 14, ""learning_rate"": 0.00331, ""reg_lambda"": 53.2447, ""scale_pos_weight"": 3.889, ""colsample_bytree"": 0.921, ""subsample"": 0.981, ""n_estimators"": 1000, ""early_stopping_rounds"": 20, ""tree_method"": ""hist"", ""n_jobs"": -1}"
0,0.125,0.5179941002949853,0.3584637268847795,0.38877203884066425,19,0.4,6,0.03901,0.1104,5.429,0.891,0.849,"{""max_depth"": 6, ""learning_rate"": 0.03901, ""reg_lambda"": 0.1104, ""scale_pos_weight"": 5.429, ""colsample_bytree"": 0.891, ""subsample"": 0.849, ""n_estimators"": 1000, ""early_stopping_rounds"": 20, ""tree_method"": ""hist"", ""n_jobs"": -1}"
0,0.125,0.39675174013921116,0.0,0.31252312476467514,10,0.5,15,0.02074,4.2659,4.269,0.596,0.849,"{""max_depth"": 15, ""learning_rate"": 0.02074, ""reg_lambda"": 4.2659, ""scale_pos_weight"": 4.269, ""colsample_bytree"": 0.596, ""subsample"": 0.849, ""n_estimators"": 1000, ""early_stopping_rounds"": 20, ""tree_method"": ""hist"", ""n_jobs"": -1}"
0,0.125,0.4636309875813128,0.0,0.33403159915376024,23,0.5,13,0.00319,13.6623,1.065,0.808,0.797,"{""max_depth"": 13, ""learning_rate"": 0.00319, ""reg_lambda"": 13.6623, ""scale_pos_weight"": 1.065, ""colsample_bytree"": 0.808, ""subsample"": 0.797, ""n_estimators"": 1000, ""early_stopping_rounds"": 20, ""tree_method"": ""hist"", ""n_jobs"": -1}"
0,0.125,0.31953472459801574,0.11917098445595854,0.2108695786082895,32,0.6,10,0.02445,10.7495,5.824,0.836,0.854,"{""max_depth"": 10, ""learning_rate"": 0.02445, ""reg_lambda"": 10.7495, ""scale_pos_weight"": 5.824, ""colsample_bytree"": 0.836, ""subsample"": 0.854, ""n_estimators"": 1000, ""early_stopping_rounds"": 20, ""tree_method"": ""hist"", ""n_jobs"": -1}"
0,0.125,0.47831632653061223,0.0,0.323351361949763,15,0.4,2,0.00644,50.8705,3.948,0.792,0.552,"{""max_depth"": 2, ""learning_rate"": 0.00644, ""reg_lambda"": 50.8705, ""scale_pos_weight"": 3.948, ""colsample_bytree"": 0.792, ""subsample"": 0.552, ""n_estimators"": 1000, ""early_stopping_rounds"": 20, ""tree_method"": ""hist"", ""n_jobs"": -1}"
0,0.125,0.3077547706049533,0.0,0.2372690259027734,15,0.5,12,0.03028,0.7033,6.095,0.514,0.62,"{""max_depth"": 12, ""learning_rate"": 0.03028, ""reg_lambda"": 0.7033, ""scale_pos_weight"": 6.095, ""colsample_bytree"": 0.514, ""subsample"": 0.62, ""n_estimators"": 1000, ""early_stopping_rounds"": 20, ""tree_method"": ""hist"", ""n_jobs"": -1}"
0,0.125,0.5105358217941,0.5008537279453614,0.44572962582363423,135,1.7,15,0.09163,0.0211,2.275,0.787,0.887,"{""max_depth"": 15, ""learning_rate"": 0.09163, ""reg_lambda"": 0.0211, ""scale_pos_weight"": 2.275, ""colsample_bytree"": 0.787, ""subsample"": 0.887, ""n_estimators"": 1000, ""early_stopping_rounds"": 20, ""tree_method"": ""hist"", ""n_jobs"": -1}"
0,0.125,0.042188628496002786,0.0,0.017794144535641127,5,0.3,1,0.06192,10.9872,4.129,0.791,0.907,"{""max_depth"": 1, ""learning_rate"": 0.06192, ""reg_lambda"": 10.9872, ""scale_pos_weight"": 4.129, ""colsample_bytree"": 0.791, ""subsample"": 0.907, ""n_estimators"": 1000, ""early_stopping_rounds"": 20, ""tree_method"": ""hist"", ""n_jobs"": -1}"
0,0.125,0.46540110226576853,0.0,0.35759715171943723,49,0.9,13,0.00511,0.0212,5.127,0.655,0.502,"{""max_depth"": 13, ""learning_rate"": 0.00511, ""reg_lambda"": 0.0212, ""scale_pos_weight"": 5.127, ""colsample_bytree"": 0.655, ""subsample"": 0.502, ""n_estimators"": 1000, ""early_stopping_rounds"": 20, ""tree_method"": ""hist"", ""n_jobs"": -1}"
0,0.125,0.44086021505376344,0.0,0.3547308471966419,37,0.6,15,0.01147,34.083,4.008,0.831,0.784,"{""max_depth"": 15, ""learning_rate"": 0.01147, ""reg_lambda"": 34.083, ""scale_pos_weight"": 4.008, ""colsample_bytree"": 0.831, ""subsample"": 0.784, ""n_estimators"": 1000, ""early_stopping_rounds"": 20, ""tree_method"": ""hist"", ""n_jobs"": -1}"
0,0.125,0.37061769616026713,0.0,0.20933506556083245,8,0.4,8,0.0089,0.7421,4.309,0.619,0.544,"{""max_depth"": 8, ""learning_rate"": 0.0089, ""reg_lambda"": 0.7421, ""scale_pos_weight"": 4.309, ""colsample_bytree"": 0.619, ""subsample"": 0.544, ""n_estimators"": 1000, ""early_stopping_rounds"": 20, ""tree_method"": ""hist"", ""n_jobs"": -1}"
0,0.125,0.37321760694358336,0.0,0.276053485965515,21,0.7,12,0.00682,0.0215,2.356,0.562,0.687,"{""max_depth"": 12, ""learning_rate"": 0.00682, ""reg_lambda"": 0.0215, ""scale_pos_weight"": 2.356, ""colsample_bytree"": 0.562, ""subsample"": 0.687, ""n_estimators"": 1000, ""early_stopping_rounds"": 20, ""tree_method"": ""hist"", ""n_jobs"": -1}"
0,0.125,0.042188628496002786,0.0,0.017794144535641127,2,0.3,1,0.0072,0.0104,1.296,0.995,0.623,"{""max_depth"": 1, ""learning_rate"": 0.0072, ""reg_lambda"": 0.0104, ""scale_pos_weight"": 1.296, ""colsample_bytree"": 0.995, ""subsample"": 0.623, ""n_estimators"": 1000, ""early_stopping_rounds"": 20, ""tree_method"": ""hist"", ""n_jobs"": -1}"
0,0.125,0.46203763789746916,0.0,0.3665856663949838,16,0.6,12,0.02748,1.609,4.5,0.867,0.968,"{""max_depth"": 12, ""learning_rate"": 0.02748, ""reg_lambda"": 1.609, ""scale_pos_weight"": 4.5, ""colsample_bytree"": 0.867, ""subsample"": 0.968, ""n_estimators"": 1000, ""early_stopping_rounds"": 20, ""tree_method"": ""hist"", ""n_jobs"": -1}"
0,0.125,0.03690083162689623,0.0,0.015601275017010113,1,0.3,1,0.01243,0.3172,5.628,0.617,0.587,"{""max_depth"": 1, ""learning_rate"": 0.01243, ""reg_lambda"": 0.3172, ""scale_pos_weight"": 5.628, ""colsample_bytree"": 0.617, ""subsample"": 0.587, ""n_estimators"": 1000, ""early_stopping_rounds"": 20, ""tree_method"": ""hist"", ""n_jobs"": -1}"
0,0.125,0.5156069364161849,0.00919963201471941,0.4052956063298988,16,0.6,12,0.03277,0.0115,2.246,0.904,0.666,"{""max_depth"": 12, ""learning_rate"": 0.03277, ""reg_lambda"": 0.0115, ""scale_pos_weight"": 2.246, ""colsample_bytree"": 0.904, ""subsample"": 0.666, ""n_estimators"": 1000, ""early_stopping_rounds"": 20, ""tree_method"": ""hist"", ""n_jobs"": -1}"
0,0.125,0.3671596124426313,0.0,0.28733564648306953,23,0.6,6,0.02181,0.0167,5.957,0.514,0.604,"{""max_depth"": 6, ""learning_rate"": 0.02181, ""reg_lambda"": 0.0167, ""scale_pos_weight"": 5.957, ""colsample_bytree"": 0.514, ""subsample"": 0.604, ""n_estimators"": 1000, ""early_stopping_rounds"": 20, ""tree_method"": ""hist"", ""n_jobs"": -1}"
0,0.125,0.5141481035520771,0.0,0.3703713609355472,24,0.8,11,0.01931,0.0317,5.131,0.89,0.853,"{""max_depth"": 11, ""learning_rate"": 0.01931, ""reg_lambda"": 0.0317, ""scale_pos_weight"": 5.131, ""colsample_bytree"": 0.89, ""subsample"": 0.853, ""n_estimators"": 1000, ""early_stopping_rounds"": 20, ""tree_method"": ""hist"", ""n_jobs"": -1}"
0,0.125,0.40104712041884816,0.0,0.24547875366646185,5,0.4,7,0.01131,0.9651,8.191,0.632,0.57,"{""max_depth"": 7, ""learning_rate"": 0.01131, ""reg_lambda"": 0.9651, ""scale_pos_weight"": 8.191, ""colsample_bytree"": 0.632, ""subsample"": 0.57, ""n_estimators"": 1000, ""early_stopping_rounds"": 20, ""tree_method"": ""hist"", ""n_jobs"": -1}"
0,0.125,0.3891345546430828,0.0,0.26448616819231663,6,0.5,9,0.06449,31.3871,5.295,0.518,0.871,"{""max_depth"": 9, ""learning_rate"": 0.06449, ""reg_lambda"": 31.3871, ""scale_pos_weight"": 5.295, ""colsample_bytree"": 0.518, ""subsample"": 0.871, ""n_estimators"": 1000, ""early_stopping_rounds"": 20, ""tree_method"": ""hist"", ""n_jobs"": -1}"
0,0.125,0.2589771490750816,0.0,0.10170299141449535,1,0.4,15,0.04844,72.5309,1.322,0.906,0.668,"{""max_depth"": 15, ""learning_rate"": 0.04844, ""reg_lambda"": 72.5309, ""scale_pos_weight"": 1.322, ""colsample_bytree"": 0.906, ""subsample"": 0.668, ""n_estimators"": 1000, ""early_stopping_rounds"": 20, ""tree_method"": ""hist"", ""n_jobs"": -1}"
0,0.125,0.43221781055019853,0.39277851166886835,0.3675199905440596,28,0.8,7,0.07093,0.1015,9.941,0.519,0.557,"{""max_depth"": 7, ""learning_rate"": 0.07093, ""reg_lambda"": 0.1015, ""scale_pos_weight"": 9.941, ""colsample_bytree"": 0.519, ""subsample"": 0.557, ""n_estimators"": 1000, ""early_stopping_rounds"": 20, ""tree_method"": ""hist"", ""n_jobs"": -1}"
0,0.125,0.3106113843991567,0.0,0.17056808353768851,17,0.6,10,0.01663,7.5128,9.338,0.924,0.985,"{""max_depth"": 10, ""learning_rate"": 0.01663, ""reg_lambda"": 7.5128, ""scale_pos_weight"": 9.338, ""colsample_bytree"": 0.924, ""subsample"": 0.985, ""n_estimators"": 1000, ""early_stopping_rounds"": 20, ""tree_method"": ""hist"", ""n_jobs"": -1}"
0,0.125,0.4942528735632184,0.0,0.2960271562536358,10,0.4,3,0.01287,2.2793,7.228,0.951,0.796,"{""max_depth"": 3, ""learning_rate"": 0.01287, ""reg_lambda"": 2.2793, ""scale_pos_weight"": 7.228, ""colsample_bytree"": 0.951, ""subsample"": 0.796, ""n_estimators"": 1000, ""early_stopping_rounds"": 20, ""tree_method"": ""hist"", ""n_jobs"": -1}"
0,0.125,0.4643064422518862,0.31920048455481526,0.3929953780453737,36,0.7,7,0.07227,0.46,7.942,0.999,0.539,"{""max_depth"": 7, ""learning_rate"": 0.07227, ""reg_lambda"": 0.46, ""scale_pos_weight"": 7.942, ""colsample_bytree"": 0.999, ""subsample"": 0.539, ""n_estimators"": 1000, ""early_stopping_rounds"": 20, ""tree_method"": ""hist"", ""n_jobs"": -1}"
0,0.125,0.4840686274509804,0.383399209486166,0.4254374934608658,152,2.2,15,0.07157,37.8411,8.855,0.639,0.703,"{""max_depth"": 15, ""learning_rate"": 0.07157, ""reg_lambda"": 37.8411, ""scale_pos_weight"": 8.855, ""colsample_bytree"": 0.639, ""subsample"": 0.703, ""n_estimators"": 1000, ""early_stopping_rounds"": 20, ""tree_method"": ""hist"", ""n_jobs"": -1}"
0,0.125,0.4343770819453698,0.0,0.3329100116142702,38,0.7,11,0.01829,75.6295,3.39,0.83,0.88,"{""max_depth"": 11, ""learning_rate"": 0.01829, ""reg_lambda"": 75.6295, ""scale_pos_weight"": 3.39, ""colsample_bytree"": 0.83, ""subsample"": 0.88, ""n_estimators"": 1000, ""early_stopping_rounds"": 20, ""tree_method"": ""hist"", ""n_jobs"": -1}"
1,0.25,0.4913151364764268,0.0,0.33073572397472184,2,0.8,6,0.00767,0.1688,6.047,0.898,0.721,"{""max_depth"": 6, ""learning_rate"": 0.00767, ""reg_lambda"": 0.1688, ""scale_pos_weight"": 6.047, ""colsample_bytree"": 0.898, ""subsample"": 0.721, ""n_estimators"": 1000, ""early_stopping_rounds"": 20, ""tree_method"": ""hist"", ""n_jobs"": -1}"
1,0.25,0.5369603784742756,0.5249169435215947,0.46082347536795837,209,5.0,13,0.0435,0.02,4.415,0.663,0.785,"{""max_depth"": 13, ""learning_rate"": 0.0435, ""reg_lambda"": 0.02, ""scale_pos_weight"": 4.415, ""colsample_bytree"": 0.663, ""subsample"": 0.785, ""n_estimators"": 1000, ""early_stopping_rounds"": 20, ""tree_method"": ""hist"", ""n_jobs"": -1}"
1,0.25,0.5561372891215823,0.5326145552560647,0.47204451568564104,107,2.4,11,0.04289,5.6985,7.172,0.886,0.699,"{""max_depth"": 11, ""learning_rate"": 0.04289, ""reg_lambda"": 5.6985, ""scale_pos_weight"": 7.172, ""colsample_bytree"": 0.886, ""subsample"": 0.699, ""n_estimators"": 1000, ""early_stopping_rounds"": 20, ""tree_method"": ""hist"", ""n_jobs"": -1}"
1,0.25,0.5191024863553669,0.0,0.431720158835409,94,2.5,12,0.00554,0.1497,7.125,0.853,0.84,"{""max_depth"": 12, ""learning_rate"": 0.00554, ""reg_lambda"": 0.1497, ""scale_pos_weight"": 7.125, ""colsample_bytree"": 0.853, ""subsample"": 0.84, ""n_estimators"": 1000, ""early_stopping_rounds"": 20, ""tree_method"": ""hist"", ""n_jobs"": -1}"
1,0.25,0.5015673981191222,0.0,0.3843143272213744,9,0.7,6,0.03502,0.0352,3.813,0.858,0.951,"{""max_depth"": 6, ""learning_rate"": 0.03502, ""reg_lambda"": 0.0352, ""scale_pos_weight"": 3.813, ""colsample_bytree"": 0.858, ""subsample"": 0.951, ""n_estimators"": 1000, ""early_stopping_rounds"": 20, ""tree_method"": ""hist"", ""n_jobs"": -1}"
1,0.25,0.509478672985782,0.0,0.3551001390922743,2,0.6,4,0.01594,0.2225,4.069,0.912,0.727,"{""max_depth"": 4, ""learning_rate"": 0.01594, ""reg_lambda"": 0.2225, ""scale_pos_weight"": 4.069, ""colsample_bytree"": 0.912, ""subsample"": 0.727, ""n_estimators"": 1000, ""early_stopping_rounds"": 20, ""tree_method"": ""hist"", ""n_jobs"": -1}"
1,0.25,0.5150214592274678,0.0,0.39357804193234097,36,1.7,15,0.00702,0.0376,7.74,0.834,0.715,"{""max_depth"": 15, ""learning_rate"": 0.00702, ""reg_lambda"": 0.0376, ""scale_pos_weight"": 7.74, ""colsample_bytree"": 0.834, ""subsample"": 0.715, ""n_estimators"": 1000, ""early_stopping_rounds"": 20, ""tree_method"": ""hist"", ""n_jobs"": -1}"
1,0.25,0.5008944543828264,0.0,0.37587381446372004,22,0.9,5,0.01638,0.5178,4.814,0.793,0.561,"{""max_depth"": 5, ""learning_rate"": 0.01638, ""reg_lambda"": 0.5178, ""scale_pos_weight"": 4.814, ""colsample_bytree"": 0.793, ""subsample"": 0.561, ""n_estimators"": 1000, ""early_stopping_rounds"": 20, ""tree_method"": ""hist"", ""n_jobs"": -1}"
1,0.25,0.46782178217821785,0.0,0.35152215335460124,9,0.8,8,0.02911,0.1198,7.352,0.848,0.719,"{""max_depth"": 8, ""learning_rate"": 0.02911, ""reg_lambda"": 0.1198, ""scale_pos_weight"": 7.352, ""colsample_bytree"": 0.848, ""subsample"": 0.719, ""n_estimators"": 1000, ""early_stopping_rounds"": 20, ""tree_method"": ""hist"", ""n_jobs"": -1}"
1,0.25,0.507177033492823,0.0,0.38246952330590095,6,0.7,6,0.0166,0.085,8.217,0.962,0.633,"{""max_depth"": 6, ""learning_rate"": 0.0166, ""reg_lambda"": 0.085, ""scale_pos_weight"": 8.217, ""colsample_bytree"": 0.962, ""subsample"": 0.633, ""n_estimators"": 1000, ""early_stopping_rounds"": 20, ""tree_method"": ""hist"", ""n_jobs"": -1}"
1,0.25,0.5214092140921409,0.0,0.3948158041965316,15,0.8,5,0.01178,0.5237,5.4,0.988,0.888,"{""max_depth"": 5, ""learning_rate"": 0.01178, ""reg_lambda"": 0.5237, ""scale_pos_weight"": 5.4, ""colsample_bytree"": 0.988, ""subsample"": 0.888, ""n_estimators"": 1000, ""early_stopping_rounds"": 20, ""tree_method"": ""hist"", ""n_jobs"": -1}"
1,0.25,0.5236198064883324,0.5111386138613861,0.4101973321657836,22,1.0,6,0.03901,0.1104,5.429,0.891,0.849,"{""max_depth"": 6, ""learning_rate"": 0.03901, ""reg_lambda"": 0.1104, ""scale_pos_weight"": 5.429, ""colsample_bytree"": 0.891, ""subsample"": 0.849, ""n_estimators"": 1000, ""early_stopping_rounds"": 20, ""tree_method"": ""hist"", ""n_jobs"": -1}"
1,0.25,0.4776500638569604,0.0,0.3242397716292551,2,0.6,6,0.08383,0.6921,7.82,0.749,0.765,"{""max_depth"": 6, ""learning_rate"": 0.08383, ""reg_lambda"": 0.6921, ""scale_pos_weight"": 7.82, ""colsample_bytree"": 0.749, ""subsample"": 0.765, ""n_estimators"": 1000, ""early_stopping_rounds"": 20, ""tree_method"": ""hist"", ""n_jobs"": -1}"
1,0.25,0.5152386428982174,0.0,0.3858806147497265,8,0.8,8,0.01755,0.5542,6.416,0.925,0.646,"{""max_depth"": 8, ""learning_rate"": 0.01755, ""reg_lambda"": 0.5542, ""scale_pos_weight"": 6.416, ""colsample_bytree"": 0.925, ""subsample"": 0.646, ""n_estimators"": 1000, ""early_stopping_rounds"": 20, ""tree_method"": ""hist"", ""n_jobs"": -1}"
1,0.25,0.5154394299287411,0.0,0.36315552497716536,3,0.7,5,0.09826,0.1836,2.644,0.94,0.906,"{""max_depth"": 5, ""learning_rate"": 0.09826, ""reg_lambda"": 0.1836, ""scale_pos_weight"": 2.644, ""colsample_bytree"": 0.94, ""subsample"": 0.906, ""n_estimators"": 1000, ""early_stopping_rounds"": 20, ""tree_method"": ""hist"", ""n_jobs"": -1}"
1,0.25,0.5018633540372671,0.0,0.36011258374066313,7,1.0,12,0.03277,0.0115,2.246,0.904,0.666,"{""max_depth"": 12, ""learning_rate"": 0.03277, ""reg_lambda"": 0.0115, ""scale_pos_weight"": 2.246, ""colsample_bytree"": 0.904, ""subsample"": 0.666, ""n_estimators"": 1000, ""early_stopping_rounds"": 20, ""tree_method"": ""hist"", ""n_jobs"": -1}"
1,0.25,0.5073710073710074,0.5067650676506765,0.39869052371164637,24,0.9,5,0.04312,0.0294,3.226,0.903,0.726,"{""max_depth"": 5, ""learning_rate"": 0.04312, ""reg_lambda"": 0.0294, ""scale_pos_weight"": 3.226, ""colsample_bytree"": 0.903, ""subsample"": 0.726, ""n_estimators"": 1000, ""early_stopping_rounds"": 20, ""tree_method"": ""hist"", ""n_jobs"": -1}"
1,0.25,0.5236102809324567,0.0,0.38152845737218943,9,0.7,6,0.00771,0.0975,7.954,0.879,0.923,"{""max_depth"": 6, ""learning_rate"": 0.00771, ""reg_lambda"": 0.0975, ""scale_pos_weight"": 7.954, ""colsample_bytree"": 0.879, ""subsample"": 0.923, ""n_estimators"": 1000, ""early_stopping_rounds"": 20, ""tree_method"": ""hist"", ""n_jobs"": -1}"
1,0.25,0.5225225225225225,0.0,0.4290102991782403,7,0.7,4,0.06395,0.2514,9.392,0.965,0.9,"{""max_depth"": 4, ""learning_rate"": 0.06395, ""reg_lambda"": 0.2514, ""scale_pos_weight"": 9.392, ""colsample_bytree"": 0.965, ""subsample"": 0.9, ""n_estimators"": 1000, ""early_stopping_rounds"": 20, ""tree_method"": ""hist"", ""n_jobs"": -1}"
1,0.25,0.49817739975698666,0.0,0.38456489644267866,16,1.1,12,0.00439,0.0105,3.906,0.995,0.632,"{""max_depth"": 12, ""learning_rate"": 0.00439, ""reg_lambda"": 0.0105, ""scale_pos_weight"": 3.906, ""colsample_bytree"": 0.995, ""subsample"": 0.632, ""n_estimators"": 1000, ""early_stopping_rounds"": 20, ""tree_method"": ""hist"", ""n_jobs"": -1}"
1,0.25,0.5111536010197578,0.5039950829748002,0.4336329506070964,67,2.1,11,0.01931,0.0317,5.131,0.89,0.853,"{""max_depth"": 11, ""learning_rate"": 0.01931, ""reg_lambda"": 0.0317, ""scale_pos_weight"": 5.131, ""colsample_bytree"": 0.89, ""subsample"": 0.853, ""n_estimators"": 1000, ""early_stopping_rounds"": 20, ""tree_method"": ""hist"", ""n_jobs"": -1}"
1,0.25,0.49812734082397003,0.3969035890218156,0.3837826203444493,14,0.8,6,0.04844,0.1257,1.663,0.842,0.9,"{""max_depth"": 6, ""learning_rate"": 0.04844, ""reg_lambda"": 0.1257, ""scale_pos_weight"": 1.663, ""colsample_bytree"": 0.842, ""subsample"": 0.9, ""n_estimators"": 1000, ""early_stopping_rounds"": 20, ""tree_method"": ""hist"", ""n_jobs"": -1}"
1,0.25,0.5070595457335789,0.0,0.3890729329291723,15,0.9,8,0.01061,0.0483,4.525,0.877,0.72,"{""max_depth"": 8, ""learning_rate"": 0.01061, ""reg_lambda"": 0.0483, ""scale_pos_weight"": 4.525, ""colsample_bytree"": 0.877, ""subsample"": 0.72, ""n_estimators"": 1000, ""early_stopping_rounds"": 20, ""tree_method"": ""hist"", ""n_jobs"": -1}"
1,0.25,0.5161290322580645,0.3943462897526502,0.39782825434510083,32,1.2,9,0.01941,0.1742,5.373,0.945,0.967,"{""max_depth"": 9, ""learning_rate"": 0.01941, ""reg_lambda"": 0.1742, ""scale_pos_weight"": 5.373, ""colsample_bytree"": 0.945, ""subsample"": 0.967, ""n_estimators"": 1000, ""early_stopping_rounds"": 20, ""tree_method"": ""hist"", ""n_jobs"": -1}"
1,0.25,0.5706214689265536,0.5610804174340086,0.5150392010125733,315,6.4,11,0.02299,0.3774,9.928,0.962,0.576,"{""max_depth"": 11, ""learning_rate"": 0.02299, ""reg_lambda"": 0.3774, ""scale_pos_weight"": 9.928, ""colsample_bytree"": 0.962, ""subsample"": 0.576, ""n_estimators"": 1000, ""early_stopping_rounds"": 20, ""tree_method"": ""hist"", ""n_jobs"": -1}"
1,0.25,0.5273573923166472,0.5211912943871707,0.4003664090410647,25,0.9,3,0.06129,0.6736,2.136,0.926,0.908,"{""max_depth"": 3, ""learning_rate"": 0.06129, ""reg_lambda"": 0.6736, ""scale_pos_weight"": 2.136, ""colsample_bytree"": 0.926, ""subsample"": 0.908, ""n_estimators"": 1000, ""early_stopping_rounds"": 20, ""tree_method"": ""hist"", ""n_jobs"": -1}"
1,0.25,0.5018773466833542,0.4273743016759777,0.42976493068455823,111,2.9,15,0.09163,0.0211,2.275,0.787,0.887,"{""max_depth"": 15, ""learning_rate"": 0.09163, ""reg_lambda"": 0.0211, ""scale_pos_weight"": 2.275, ""colsample_bytree"": 0.787, ""subsample"": 0.887, ""n_estimators"": 1000, ""early_stopping_rounds"": 20, ""tree_method"": ""hist"", ""n_jobs"": -1}"
1,0.25,0.5077951002227171,0.0,0.3933951251478159,32,1.0,3,0.00963,0.0416,9.925,0.96,0.645,"{""max_depth"": 3, ""learning_rate"": 0.00963, ""reg_lambda"": 0.0416, ""scale_pos_weight"": 9.925, ""colsample_bytree"": 0.96, ""subsample"": 0.645, ""n_estimators"": 1000, ""early_stopping_rounds"": 20, ""tree_method"": ""hist"", ""n_jobs"": -1}"
1,0.25,0.5033516148689823,0.5018315018315018,0.3937925722731451,10,0.9,11,0.08717,0.0137,2.199,0.916,0.843,"{""max_depth"": 11, ""learning_rate"": 0.08717, ""reg_lambda"": 0.0137, ""scale_pos_weight"": 2.199, ""colsample_bytree"": 0.916, ""subsample"": 0.843, ""n_estimators"": 1000, ""early_stopping_rounds"": 20, ""tree_method"": ""hist"", ""n_jobs"": -1}"
1,0.25,0.5492788461538461,0.5458742065781881,0.478108163536092,93,2.2,9,0.08123,3.2834,3.026,0.779,0.886,"{""max_depth"": 9, ""learning_rate"": 0.08123, ""reg_lambda"": 3.2834, ""scale_pos_weight"": 3.026, ""colsample_bytree"": 0.779, ""subsample"": 0.886, ""n_estimators"": 1000, ""early_stopping_rounds"": 20, ""tree_method"": ""hist"", ""n_jobs"": -1}"
1,0.25,0.5059042883778745,0.0,0.3605480110381088,11,1.0,12,0.00332,0.544,7.86,0.807,0.662,"{""max_depth"": 12, ""learning_rate"": 0.00332, ""reg_lambda"": 0.544, ""scale_pos_weight"": 7.86, ""colsample_bytree"": 0.807, ""subsample"": 0.662, ""n_estimators"": 1000, ""early_stopping_rounds"": 20, ""tree_method"": ""hist"", ""n_jobs"": -1}"
1,0.25,0.4934086629001883,0.0,0.3788512334104144,21,1.0,7,0.0069,0.0315,3.595,0.793,0.777,"{""max_depth"": 7, ""learning_rate"": 0.0069, ""reg_lambda"": 0.0315, ""scale_pos_weight"": 3.595, ""colsample_bytree"": 0.793, ""subsample"": 0.777, ""n_estimators"": 1000, ""early_stopping_rounds"": 20, ""tree_method"": ""hist"", ""n_jobs"": -1}"
1,0.25,0.49686609686609684,0.4429882044560944,0.3995009390855925,88,1.8,8,0.03581,59.5944,2.141,0.932,0.53,"{""max_depth"": 8, ""learning_rate"": 0.03581, ""reg_lambda"": 59.5944, ""scale_pos_weight"": 2.141, ""colsample_bytree"": 0.932, ""subsample"": 0.53, ""n_estimators"": 1000, ""early_stopping_rounds"": 20, ""tree_method"": ""hist"", ""n_jobs"": -1}"
1,0.25,0.5364705882352941,0.5188374596340151,0.4673014437483882,129,3.3,14,0.0801,0.0176,5.907,0.611,0.851,"{""max_depth"": 14, ""learning_rate"": 0.0801, ""reg_lambda"": 0.0176, ""scale_pos_weight"": 5.907, ""colsample_bytree"": 0.611, ""subsample"": 0.851, ""n_estimators"": 1000, ""early_stopping_rounds"": 20, ""tree_method"": ""hist"", ""n_jobs"": -1}"
1,0.25,0.5458638154192459,0.5338983050847458,0.4836530375843855,201,4.6,12,0.04828,15.7321,3.901,0.898,0.613,"{""max_depth"": 12, ""learning_rate"": 0.04828, ""reg_lambda"": 15.7321, ""scale_pos_weight"": 3.901, ""colsample_bytree"": 0.898, ""subsample"": 0.613, ""n_estimators"": 1000, ""early_stopping_rounds"": 20, ""tree_method"": ""hist"", ""n_jobs"": -1}"
1,0.25,0.5056246299585554,0.0,0.34766957831721007,2,0.8,14,0.08188,0.2887,1.949,0.815,0.964,"{""max_depth"": 14, ""learning_rate"": 0.08188, ""reg_lambda"": 0.2887, ""scale_pos_weight"": 1.949, ""colsample_bytree"": 0.815, ""subsample"": 0.964, ""n_estimators"": 1000, ""early_stopping_rounds"": 20, ""tree_method"": ""hist"", ""n_jobs"": -1}"
1,0.25,0.44543147208121825,0.0,0.3167036153750641,4,0.7,7,0.03878,0.0214,4.175,0.76,0.713,"{""max_depth"": 7, ""learning_rate"": 0.03878, ""reg_lambda"": 0.0214, ""scale_pos_weight"": 4.175, ""colsample_bytree"": 0.76, ""subsample"": 0.713, ""n_estimators"": 1000, ""early_stopping_rounds"": 20, ""tree_method"": ""hist"", ""n_jobs"": -1}"
1,0.25,0.4844919786096257,0.0,0.34521901888676043,4,0.8,10,0.03263,1.7105,4.486,0.812,0.796,"{""max_depth"": 10, ""learning_rate"": 0.03263, ""reg_lambda"": 1.7105, ""scale_pos_weight"": 4.486, ""colsample_bytree"": 0.812, ""subsample"": 0.796, ""n_estimators"": 1000, ""early_stopping_rounds"": 20, ""tree_method"": ""hist"", ""n_jobs"": -1}"
1,0.25,0.5236668663870582,0.0,0.3907244362807622,24,1.0,6,0.02308,0.4994,3.271,0.912,0.822,"{""max_depth"": 6, ""learning_rate"": 0.02308, ""reg_lambda"": 0.4994, ""scale_pos_weight"": 3.271, ""colsample_bytree"": 0.912, ""subsample"": 0.822, ""n_estimators"": 1000, ""early_stopping_rounds"": 20, ""tree_method"": ""hist"", ""n_jobs"": -1}"
1,0.25,0.5111386138613861,0.0,0.39138025334092125,62,1.9,12,0.00526,0.1329,7.576,0.784,0.95,"{""max_depth"": 12, ""learning_rate"": 0.00526, ""reg_lambda"": 0.1329, ""scale_pos_weight"": 7.576, ""colsample_bytree"": 0.784, ""subsample"": 0.95, ""n_estimators"": 1000, ""early_stopping_rounds"": 20, ""tree_method"": ""hist"", ""n_jobs"": -1}"
1,0.25,0.5026300409117476,0.0,0.3505988520978165,5,0.8,14,0.02198,2.0575,2.747,0.763,0.762,"{""max_depth"": 14, ""learning_rate"": 0.02198, ""reg_lambda"": 2.0575, ""scale_pos_weight"": 2.747, ""colsample_bytree"": 0.763, ""subsample"": 0.762, ""n_estimators"": 1000, ""early_stopping_rounds"": 20, ""tree_method"": ""hist"", ""n_jobs"": -1}"
1,0.25,0.5123762376237624,0.3935946059839865,0.43116188548600504,198,4.4,15,0.04772,0.4556,7.61,0.856,0.966,"{""max_depth"": 15, ""learning_rate"": 0.04772, ""reg_lambda"": 0.4556, ""scale_pos_weight"": 7.61, ""colsample_bytree"": 0.856, ""subsample"": 0.966, ""n_estimators"": 1000, ""early_stopping_rounds"": 20, ""tree_method"": ""hist"", ""n_jobs"": -1}"
1,0.25,0.4697644812221515,0.0,0.3429180559207574,18,1.1,11,0.00535,0.0627,4.89,0.756,0.597,"{""max_depth"": 11, ""learning_rate"": 0.00535, ""reg_lambda"": 0.0627, ""scale_pos_weight"": 4.89, ""colsample_bytree"": 0.756, ""subsample"": 0.597, ""n_estimators"": 1000, ""early_stopping_rounds"": 20, ""tree_method"": ""hist"", ""n_jobs"": -1}"
1,0.25,0.5385081867798666,0.4821192052980132,0.4452699229583076,92,2.2,10,0.01024,0.1632,5.912,0.806,0.805,"{""max_depth"": 10, ""learning_rate"": 0.01024, ""reg_lambda"": 0.1632, ""scale_pos_weight"": 5.912, ""colsample_bytree"": 0.806, ""subsample"": 0.805, ""n_estimators"": 1000, ""early_stopping_rounds"": 20, ""tree_method"": ""hist"", ""n_jobs"": -1}"
1,0.25,0.4970691676436108,0.0,0.3472811162667332,9,0.8,10,0.018,3.2111,1.693,0.885,0.562,"{""max_depth"": 10, ""learning_rate"": 0.018, ""reg_lambda"": 3.2111, ""scale_pos_weight"": 1.693, ""colsample_bytree"": 0.885, ""subsample"": 0.562, ""n_estimators"": 1000, ""early_stopping_rounds"": 20, ""tree_method"": ""hist"", ""n_jobs"": -1}"
1,0.25,0.47867600254614895,0.0,0.35728354152702285,21,1.0,12,0.01334,0.2559,1.366,0.991,0.538,"{""max_depth"": 12, ""learning_rate"": 0.01334, ""reg_lambda"": 0.2559, ""scale_pos_weight"": 1.366, ""colsample_bytree"": 0.991, ""subsample"": 0.538, ""n_estimators"": 1000, ""early_stopping_rounds"": 20, ""tree_method"": ""hist"", ""n_jobs"": -1}"
1,0.25,0.4978165938864629,0.0,0.37968850016142874,40,1.5,15,0.01288,0.1683,3.082,0.825,0.632,"{""max_depth"": 15, ""learning_rate"": 0.01288, ""reg_lambda"": 0.1683, ""scale_pos_weight"": 3.082, ""colsample_bytree"": 0.825, ""subsample"": 0.632, ""n_estimators"": 1000, ""early_stopping_rounds"": 20, ""tree_method"": ""hist"", ""n_jobs"": -1}"
1,0.25,0.495500899820036,0.49295774647887325,0.41301983649015994,17,0.8,5,0.0565,0.1973,6.609,0.77,0.536,"{""max_depth"": 5, ""learning_rate"": 0.0565, ""reg_lambda"": 0.1973, ""scale_pos_weight"": 6.609, ""colsample_bytree"": 0.77, ""subsample"": 0.536, ""n_estimators"": 1000, ""early_stopping_rounds"": 20, ""tree_method"": ""hist"", ""n_jobs"": -1}"
1,0.25,0.4776500638569604,0.0,0.33538180664309614,2,0.7,10,0.005,1.1677,4.555,0.895,0.732,"{""max_depth"": 10, ""learning_rate"": 0.005, ""reg_lambda"": 1.1677, ""scale_pos_weight"": 4.555, ""colsample_bytree"": 0.895, ""subsample"": 0.732, ""n_estimators"": 1000, ""early_stopping_rounds"": 20, ""tree_method"": ""hist"", ""n_jobs"": -1}"
1,0.25,0.4975786924939467,0.0,0.3252872120193997,4,0.9,13,0.01206,0.0456,8.892,0.947,0.524,"{""max_depth"": 13, ""learning_rate"": 0.01206, ""reg_lambda"": 0.0456, ""scale_pos_weight"": 8.892, ""colsample_bytree"": 0.947, ""subsample"": 0.524, ""n_estimators"": 1000, ""early_stopping_rounds"": 20, ""tree_method"": ""hist"", ""n_jobs"": -1}"
1,0.25,0.5048899755501223,0.0,0.33310496153798397,17,0.8,9,0.01041,1.7342,1.194,0.781,0.928,"{""max_depth"": 9, ""learning_rate"": 0.01041, ""reg_lambda"": 1.7342, ""scale_pos_weight"": 1.194, ""colsample_bytree"": 0.781, ""subsample"": 0.928, ""n_estimators"": 1000, ""early_stopping_rounds"": 20, ""tree_method"": ""hist"", ""n_jobs"": -1}"
1,0.25,0.5204741379310345,0.5163674762407603,0.4402514794688745,65,1.7,10,0.0257,8.2792,5.893,0.968,0.908,"{""max_depth"": 10, ""learning_rate"": 0.0257, ""reg_lambda"": 8.2792, ""scale_pos_weight"": 5.893, ""colsample_bytree"": 0.968, ""subsample"": 0.908, ""n_estimators"": 1000, ""early_stopping_rounds"": 20, ""tree_method"": ""hist"", ""n_jobs"": -1}"
1,0.25,0.5046728971962616,0.11631944444444445,0.4026932629808738,40,1.4,10,0.01491,0.1461,5.751,0.927,0.59,"{""max_depth"": 10, ""learning_rate"": 0.01491, ""reg_lambda"": 0.1461, ""scale_pos_weight"": 5.751, ""colsample_bytree"": 0.927, ""subsample"": 0.59, ""n_estimators"": 1000, ""early_stopping_rounds"": 20, ""tree_method"": ""hist"", ""n_jobs"": -1}"
1,0.25,0.498050139275766,0.4763881681370005,0.36254073792503544,23,0.8,3,0.05611,4.0681,3.237,0.967,0.72,"{""max_depth"": 3, ""learning_rate"": 0.05611, ""reg_lambda"": 4.0681, ""scale_pos_weight"": 3.237, ""colsample_bytree"": 0.967, ""subsample"": 0.72, ""n_estimators"": 1000, ""early_stopping_rounds"": 20, ""tree_method"": ""hist"", ""n_jobs"": -1}"
1,0.25,0.508761329305136,0.48624440179142675,0.40209343954953997,25,1.2,12,0.03286,0.2987,6.181,0.782,0.968,"{""max_depth"": 12, ""learning_rate"": 0.03286, ""reg_lambda"": 0.2987, ""scale_pos_weight"": 6.181, ""colsample_bytree"": 0.782, ""subsample"": 0.968, ""n_estimators"": 1000, ""early_stopping_rounds"": 20, ""tree_method"": ""hist"", ""n_jobs"": -1}"
1,0.25,0.5027932960893855,0.0,0.37579521766918045,9,0.9,9,0.01168,0.0299,4.843,0.812,0.689,"{""max_depth"": 9, ""learning_rate"": 0.01168, ""reg_lambda"": 0.0299, ""scale_pos_weight"": 4.843, ""colsample_bytree"": 0.812, ""subsample"": 0.689, ""n_estimators"": 1000, ""early_stopping_rounds"": 20, ""tree_method"": ""hist"", ""n_jobs"": -1}"
1,0.25,0.4847085978072706,0.0,0.3525076492665282,8,0.8,14,0.04482,1.9175,1.845,0.696,0.537,"{""max_depth"": 14, ""learning_rate"": 0.04482, ""reg_lambda"": 1.9175, ""scale_pos_weight"": 1.845, ""colsample_bytree"": 0.696, ""subsample"": 0.537, ""n_estimators"": 1000, ""early_stopping_rounds"": 20, ""tree_method"": ""hist"", ""n_jobs"": -1}"
1,0.25,0.5034267912772585,0.0,0.33996698007332427,13,1.1,14,0.012,0.1457,9.702,0.822,0.955,"{""max_depth"": 14, ""learning_rate"": 0.012, ""reg_lambda"": 0.1457, ""scale_pos_weight"": 9.702, ""colsample_bytree"": 0.822, ""subsample"": 0.955, ""n_estimators"": 1000, ""early_stopping_rounds"": 20, ""tree_method"": ""hist"", ""n_jobs"": -1}"
1,0.25,0.48841153193894854,0.0,0.37515730351764953,19,0.8,5,0.01321,2.8629,7.246,0.793,0.866,"{""max_depth"": 5, ""learning_rate"": 0.01321, ""reg_lambda"": 2.8629, ""scale_pos_weight"": 7.246, ""colsample_bytree"": 0.793, ""subsample"": 0.866, ""n_estimators"": 1000, ""early_stopping_rounds"": 20, ""tree_method"": ""hist"", ""n_jobs"": -1}"
1,0.25,0.5220048899755502,0.4321154713576906,0.44464393639480937,101,2.5,13,0.08682,0.3003,5.974,0.797,0.924,"{""max_depth"": 13, ""learning_rate"": 0.08682, ""reg_lambda"": 0.3003, ""scale_pos_weight"": 5.974, ""colsample_bytree"": 0.797, ""subsample"": 0.924, ""n_estimators"": 1000, ""early_stopping_rounds"": 20, ""tree_method"": ""hist"", ""n_jobs"": -1}"
1,0.25,0.49746835443037973,0.0,0.4032599725171797,16,1.0,11,0.02474,0.2649,7.626,0.796,0.604,"{""max_depth"": 11, ""learning_rate"": 0.02474, ""reg_lambda"": 0.2649, ""scale_pos_weight"": 7.626, ""colsample_bytree"": 0.796, ""subsample"": 0.604, ""n_estimators"": 1000, ""early_stopping_rounds"": 20, ""tree_method"": ""hist"", ""n_jobs"": -1}"
1,0.25,0.5012165450121655,0.0,0.35779582339143057,17,1.2,15,0.01191,0.0267,5.922,0.685,0.803,"{""max_depth"": 15, ""learning_rate"": 0.01191, ""reg_lambda"": 0.0267, ""scale_pos_weight"": 5.922, ""colsample_bytree"": 0.685, ""subsample"": 0.803, ""n_estimators"": 1000, ""early_stopping_rounds"": 20, ""tree_method"": ""hist"", ""n_jobs"": -1}"
1,0.25,0.47281612706169823,0.0,0.33790921470508156,12,1.1,15,0.00495,0.1089,8.831,0.661,0.742,"{""max_depth"": 15, ""learning_rate"": 0.00495, ""reg_lambda"": 0.1089, ""scale_pos_weight"": 8.831, ""colsample_bytree"": 0.661, ""subsample"": 0.742, ""n_estimators"": 1000, ""early_stopping_rounds"": 20, ""tree_method"": ""hist"", ""n_jobs"": -1}"
1,0.25,0.48946515397082657,0.0,0.35834346499368286,5,0.7,11,0.01088,1.9325,3.897,0.797,0.669,"{""max_depth"": 11, ""learning_rate"": 0.01088, ""reg_lambda"": 1.9325, ""scale_pos_weight"": 3.897, ""colsample_bytree"": 0.797, ""subsample"": 0.669, ""n_estimators"": 1000, ""early_stopping_rounds"": 20, ""tree_method"": ""hist"", ""n_jobs"": -1}"
1,0.25,0.5011547344110855,0.39401103230890466,0.39207981760658017,112,1.6,3,0.01287,2.2793,7.228,0.951,0.796,"{""max_depth"": 3, ""learning_rate"": 0.01287, ""reg_lambda"": 2.2793, ""scale_pos_weight"": 7.228, ""colsample_bytree"": 0.951, ""subsample"": 0.796, ""n_estimators"": 1000, ""early_stopping_rounds"": 20, ""tree_method"": ""hist"", ""n_jobs"": -1}"
1,0.25,0.44082125603864736,0.0,0.3467333228903582,11,1.0,13,0.00982,0.0503,7.073,0.681,0.665,"{""max_depth"": 13, ""learning_rate"": 0.00982, ""reg_lambda"": 0.0503, ""scale_pos_weight"": 7.073, ""colsample_bytree"": 0.681, ""subsample"": 0.665, ""n_estimators"": 1000, ""early_stopping_rounds"": 20, ""tree_method"": ""hist"", ""n_jobs"": -1}"
1,0.25,0.4785788923719958,0.0,0.3410557432184032,4,0.7,13,0.02255,1.1878,6.518,0.939,0.752,"{""max_depth"": 13, ""learning_rate"": 0.02255, ""reg_lambda"": 1.1878, ""scale_pos_weight"": 6.518, ""colsample_bytree"": 0.939, ""subsample"": 0.752, ""n_estimators"": 1000, ""early_stopping_rounds"": 20, ""tree_method"": ""hist"", ""n_jobs"": -1}"
1,0.25,0.49025069637883006,0.0,0.324872457657425,19,0.7,5,0.01689,6.8361,3.855,0.945,0.633,"{""max_depth"": 5, ""learning_rate"": 0.01689, ""reg_lambda"": 6.8361, ""scale_pos_weight"": 3.855, ""colsample_bytree"": 0.945, ""subsample"": 0.633, ""n_estimators"": 1000, ""early_stopping_rounds"": 20, ""tree_method"": ""hist"", ""n_jobs"": -1}"
1,0.25,0.5069739235900546,0.39215686274509803,0.4365673618636279,86,1.8,7,0.06215,0.1209,7.06,0.784,0.814,"{""max_depth"": 7, ""learning_rate"": 0.06215, ""reg_lambda"": 0.1209, ""scale_pos_weight"": 7.06, ""colsample_bytree"": 0.784, ""subsample"": 0.814, ""n_estimators"": 1000, ""early_stopping_rounds"": 20, ""tree_method"": ""hist"", ""n_jobs"": -1}"
1,0.25,0.47728726807421623,0.0,0.3490823250706875,18,0.9,12,0.03113,0.6582,1.988,0.648,0.755,"{""max_depth"": 12, ""learning_rate"": 0.03113, ""reg_lambda"": 0.6582, ""scale_pos_weight"": 1.988, ""colsample_bytree"": 0.648, ""subsample"": 0.755, ""n_estimators"": 1000, ""early_stopping_rounds"": 20, ""tree_method"": ""hist"", ""n_jobs"": -1}"
1,0.25,0.5306122448979592,0.21714285714285714,0.4430286208374693,75,1.8,10,0.00915,0.3137,7.257,0.658,0.765,"{""max_depth"": 10, ""learning_rate"": 0.00915, ""reg_lambda"": 0.3137, ""scale_pos_weight"": 7.257, ""colsample_bytree"": 0.658, ""subsample"": 0.765, ""n_estimators"": 1000, ""early_stopping_rounds"": 20, ""tree_method"": ""hist"", ""n_jobs"": -1}"
1,0.25,0.4868066774367259,0.0,0.3584163400085235,6,0.8,15,0.04829,1.6879,3.002,0.779,0.506,"{""max_depth"": 15, ""learning_rate"": 0.04829, ""reg_lambda"": 1.6879, ""scale_pos_weight"": 3.002, ""colsample_bytree"": 0.779, ""subsample"": 0.506, ""n_estimators"": 1000, ""early_stopping_rounds"": 20, ""tree_method"": ""hist"", ""n_jobs"": -1}"
1,0.25,0.5040650406504065,0.0,0.4166498235198713,63,1.4,7,0.0063,0.0137,9.883,0.909,0.562,"{""max_depth"": 7, ""learning_rate"": 0.0063, ""reg_lambda"": 0.0137, ""scale_pos_weight"": 9.883, ""colsample_bytree"": 0.909, ""subsample"": 0.562, ""n_estimators"": 1000, ""early_stopping_rounds"": 20, ""tree_method"": ""hist"", ""n_jobs"": -1}"
1,0.25,0.5326278659611993,0.49562982005141387,0.4631517812084242,164,3.7,13,0.08837,1.2323,7.679,0.766,0.91,"{""max_depth"": 13, ""learning_rate"": 0.08837, ""reg_lambda"": 1.2323, ""scale_pos_weight"": 7.679, ""colsample_bytree"": 0.766, ""subsample"": 0.91, ""n_estimators"": 1000, ""early_stopping_rounds"": 20, ""tree_method"": ""hist"", ""n_jobs"": -1}"
1,0.25,0.4745239320638188,0.0,0.33208819907815196,27,0.8,3,0.00824,0.2779,6.192,0.764,0.678,"{""max_depth"": 3, ""learning_rate"": 0.00824, ""reg_lambda"": 0.2779, ""scale_pos_weight"": 6.192, ""colsample_bytree"": 0.764, ""subsample"": 0.678, ""n_estimators"": 1000, ""early_stopping_rounds"": 20, ""tree_method"": ""hist"", ""n_jobs"": -1}"
1,0.25,0.5079164027865738,0.0,0.3981441442601986,11,0.9,13,0.00803,0.0146,1.149,0.907,0.956,"{""max_depth"": 13, ""learning_rate"": 0.00803, ""reg_lambda"": 0.0146, ""scale_pos_weight"": 1.149, ""colsample_bytree"": 0.907, ""subsample"": 0.956, ""n_estimators"": 1000, ""early_stopping_rounds"": 20, ""tree_method"": ""hist"", ""n_jobs"": -1}"
1,0.25,0.5182038834951457,0.0,0.3952035816259522,10,0.7,9,0.05922,2.5168,2.329,0.683,0.93,"{""max_depth"": 9, ""learning_rate"": 0.05922, ""reg_lambda"": 2.5168, ""scale_pos_weight"": 2.329, ""colsample_bytree"": 0.683, ""subsample"": 0.93, ""n_estimators"": 1000, ""early_stopping_rounds"": 20, ""tree_method"": ""hist"", ""n_jobs"": -1}"
1,0.25,0.5334859759587864,0.4789398958826313,0.47218600999347204,151,2.8,6,0.04793,0.0907,8.888,0.529,0.668,"{""max_depth"": 6, ""learning_rate"": 0.04793, ""reg_lambda"": 0.0907, ""scale_pos_weight"": 8.888, ""colsample_bytree"": 0.529, ""subsample"": 0.668, ""n_estimators"": 1000, ""early_stopping_rounds"": 20, ""tree_method"": ""hist"", ""n_jobs"": -1}"
1,0.25,0.48406266882766075,0.0,0.31343458222271786,40,1.0,3,0.00349,7.5315,1.144,0.879,0.756,"{""max_depth"": 3, ""learning_rate"": 0.00349, ""reg_lambda"": 7.5315, ""scale_pos_weight"": 1.144, ""colsample_bytree"": 0.879, ""subsample"": 0.756, ""n_estimators"": 1000, ""early_stopping_rounds"": 20, ""tree_method"": ""hist"", ""n_jobs"": -1}"
1,0.25,0.48721071863581,0.0,0.3584475528115702,10,0.7,6,0.01083,1.2976,3.039,0.889,0.585,"{""max_depth"": 6, ""learning_rate"": 0.01083, ""reg_lambda"": 1.2976, ""scale_pos_weight"": 3.039, ""colsample_bytree"": 0.889, ""subsample"": 0.585, ""n_estimators"": 1000, ""early_stopping_rounds"": 20, ""tree_method"": ""hist"", ""n_jobs"": -1}"
1,0.25,0.4223806911684037,0.0,0.2630212821007353,4,0.6,6,0.02219,0.0582,7.9,0.74,0.775,"{""max_depth"": 6, ""learning_rate"": 0.02219, ""reg_lambda"": 0.0582, ""scale_pos_weight"": 7.9, ""colsample_bytree"": 0.74, ""subsample"": 0.775, ""n_estimators"": 1000, ""early_stopping_rounds"": 20, ""tree_method"": ""hist"", ""n_jobs"": -1}"
1,0.25,0.5309427414690573,0.4932330827067669,0.4596481413124987,135,3.1,15,0.08907,0.2335,8.418,0.726,0.895,"{""max_depth"": 15, ""learning_rate"": 0.08907, ""reg_lambda"": 0.2335, ""scale_pos_weight"": 8.418, ""colsample_bytree"": 0.726, ""subsample"": 0.895, ""n_estimators"": 1000, ""early_stopping_rounds"": 20, ""tree_method"": ""hist"", ""n_jobs"": -1}"
1,0.25,0.4578469520103761,0.0,0.29236899727878746,5,0.6,3,0.00628,0.0231,6.223,0.649,0.836,"{""max_depth"": 3, ""learning_rate"": 0.00628, ""reg_lambda"": 0.0231, ""scale_pos_weight"": 6.223, ""colsample_bytree"": 0.649, ""subsample"": 0.836, ""n_estimators"": 1000, ""early_stopping_rounds"": 20, ""tree_method"": ""hist"", ""n_jobs"": -1}"
1,0.25,0.5005649717514125,0.49624927870744373,0.3907105690147916,17,0.7,4,0.07459,10.1428,3.464,0.969,0.513,"{""max_depth"": 4, ""learning_rate"": 0.07459, ""reg_lambda"": 10.1428, ""scale_pos_weight"": 3.464, ""colsample_bytree"": 0.969, ""subsample"": 0.513, ""n_estimators"": 1000, ""early_stopping_rounds"": 20, ""tree_method"": ""hist"", ""n_jobs"": -1}"
1,0.25,0.4796437659033079,0.0,0.3421891831587178,22,0.8,9,0.00583,0.3567,1.566,0.863,0.544,"{""max_depth"": 9, ""learning_rate"": 0.00583, ""reg_lambda"": 0.3567, ""scale_pos_weight"": 1.566, ""colsample_bytree"": 0.863, ""subsample"": 0.544, ""n_estimators"": 1000, ""early_stopping_rounds"": 20, ""tree_method"": ""hist"", ""n_jobs"": -1}"
1,0.25,0.48735632183908045,0.0,0.34786101352311843,8,0.7,7,0.01337,1.4643,2.014,0.703,0.5,"{""max_depth"": 7, ""learning_rate"": 0.01337, ""reg_lambda"": 1.4643, ""scale_pos_weight"": 2.014, ""colsample_bytree"": 0.703, ""subsample"": 0.5, ""n_estimators"": 1000, ""early_stopping_rounds"": 20, ""tree_method"": ""hist"", ""n_jobs"": -1}"
1,0.25,0.5126791620727673,0.5087818696883852,0.45147307326484243,136,2.2,6,0.04136,25.5566,2.25,0.852,0.911,"{""max_depth"": 6, ""learning_rate"": 0.04136, ""reg_lambda"": 25.5566, ""scale_pos_weight"": 2.25, ""colsample_bytree"": 0.852, ""subsample"": 0.911, ""n_estimators"": 1000, ""early_stopping_rounds"": 20, ""tree_method"": ""hist"", ""n_jobs"": -1}"
1,0.25,0.5209244222361025,0.519159456118665,0.44364250718516895,70,2.0,12,0.02191,0.1425,4.716,0.909,0.813,"{""max_depth"": 12, ""learning_rate"": 0.02191, ""reg_lambda"": 0.1425, ""scale_pos_weight"": 4.716, ""colsample_bytree"": 0.909, ""subsample"": 0.813, ""n_estimators"": 1000, ""early_stopping_rounds"": 20, ""tree_method"": ""hist"", ""n_jobs"": -1}"
1,0.25,0.5277449822904369,0.518918918918919,0.4444095428710421,54,1.6,11,0.03697,0.234,6.898,0.968,0.842,"{""max_depth"": 11, ""learning_rate"": 0.03697, ""reg_lambda"": 0.234, ""scale_pos_weight"": 6.898, ""colsample_bytree"": 0.968, ""subsample"": 0.842, ""n_estimators"": 1000, ""early_stopping_rounds"": 20, ""tree_method"": ""hist"", ""n_jobs"": -1}"
1,0.25,0.5525114155251142,0.5442661913250149,0.495368147993559,235,4.5,10,0.02322,1.3919,7.047,0.88,0.555,"{""max_depth"": 10, ""learning_rate"": 0.02322, ""reg_lambda"": 1.3919, ""scale_pos_weight"": 7.047, ""colsample_bytree"": 0.88, ""subsample"": 0.555, ""n_estimators"": 1000, ""early_stopping_rounds"": 20, ""tree_method"": ""hist"", ""n_jobs"": -1}"
1,0.25,0.4743130227001195,0.0,0.3321028231197535,19,0.8,4,0.01199,2.7842,6.977,0.83,0.542,"{""max_depth"": 4, ""learning_rate"": 0.01199, ""reg_lambda"": 2.7842, ""scale_pos_weight"": 6.977, ""colsample_bytree"": 0.83, ""subsample"": 0.542, ""n_estimators"": 1000, ""early_stopping_rounds"": 20, ""tree_method"": ""hist"", ""n_jobs"": -1}"
1,0.25,0.49790544584081387,0.22096774193548388,0.3703794468532573,28,1.5,13,0.02239,0.0242,2.274,0.9,0.622,"{""max_depth"": 13, ""learning_rate"": 0.02239, ""reg_lambda"": 0.0242, ""scale_pos_weight"": 2.274, ""colsample_bytree"": 0.9, ""subsample"": 0.622, ""n_estimators"": 1000, ""early_stopping_rounds"": 20, ""tree_method"": ""hist"", ""n_jobs"": -1}"
1,0.25,0.4857685009487666,0.0,0.38777245339357286,18,1.1,14,0.00753,0.069,6.635,0.748,0.594,"{""max_depth"": 14, ""learning_rate"": 0.00753, ""reg_lambda"": 0.069, ""scale_pos_weight"": 6.635, ""colsample_bytree"": 0.748, ""subsample"": 0.594, ""n_estimators"": 1000, ""early_stopping_rounds"": 20, ""tree_method"": ""hist"", ""n_jobs"": -1}"
1,0.25,0.4978540772532189,0.0,0.3902871209413045,27,1.0,6,0.00599,0.0928,7.589,0.763,0.732,"{""max_depth"": 6, ""learning_rate"": 0.00599, ""reg_lambda"": 0.0928, ""scale_pos_weight"": 7.589, ""colsample_bytree"": 0.763, ""subsample"": 0.732, ""n_estimators"": 1000, ""early_stopping_rounds"": 20, ""tree_method"": ""hist"", ""n_jobs"": -1}"
1,0.25,0.5578313253012048,0.5526315789473685,0.5053167440300207,191,3.6,5,0.07245,0.0113,6.433,0.549,0.936,"{""max_depth"": 5, ""learning_rate"": 0.07245, ""reg_lambda"": 0.0113, ""scale_pos_weight"": 6.433, ""colsample_bytree"": 0.549, ""subsample"": 0.936, ""n_estimators"": 1000, ""early_stopping_rounds"": 20, ""tree_method"": ""hist"", ""n_jobs"": -1}"
1,0.25,0.4892324682495859,0.0,0.2687882209069024,2,0.6,3,0.01131,24.4898,1.017,0.945,0.667,"{""max_depth"": 3, ""learning_rate"": 0.01131, ""reg_lambda"": 24.4898, ""scale_pos_weight"": 1.017, ""colsample_bytree"": 0.945, ""subsample"": 0.667, ""n_estimators"": 1000, ""early_stopping_rounds"": 20, ""tree_method"": ""hist"", ""n_jobs"": -1}"
1,0.25,0.5226312613156306,0.39742558326629124,0.45343252420240854,109,3.2,15,0.07157,37.8411,8.855,0.639,0.703,"{""max_depth"": 15, ""learning_rate"": 0.07157, ""reg_lambda"": 37.8411, ""scale_pos_weight"": 8.855, ""colsample_bytree"": 0.639, ""subsample"": 0.703, ""n_estimators"": 1000, ""early_stopping_rounds"": 20, ""tree_method"": ""hist"", ""n_jobs"": -1}"
1,0.25,0.4642233856893543,0.0,0.340776557952183,4,0.7,6,0.01745,0.2698,8.488,0.735,0.777,"{""max_depth"": 6, ""learning_rate"": 0.01745, ""reg_lambda"": 0.2698, ""scale_pos_weight"": 8.488, ""colsample_bytree"": 0.735, ""subsample"": 0.777, ""n_estimators"": 1000, ""early_stopping_rounds"": 20, ""tree_method"": ""hist"", ""n_jobs"": -1}"
1,0.25,0.4843269821757836,0.0,0.3613161626735865,21,0.9,8,0.00345,0.0726,2.226,0.897,0.576,"{""max_depth"": 8, ""learning_rate"": 0.00345, ""reg_lambda"": 0.0726, ""scale_pos_weight"": 2.226, ""colsample_bytree"": 0.897, ""subsample"": 0.576, ""n_estimators"": 1000, ""early_stopping_rounds"": 20, ""tree_method"": ""hist"", ""n_jobs"": -1}"
1,0.25,0.513681592039801,0.0,0.40075694181223587,75,2.0,14,0.00491,0.0197,1.633,0.934,0.817,"{""max_depth"": 14, ""learning_rate"": 0.00491, ""reg_lambda"": 0.0197, ""scale_pos_weight"": 1.633, ""colsample_bytree"": 0.934, ""subsample"": 0.817, ""n_estimators"": 1000, ""early_stopping_rounds"": 20, ""tree_method"": ""hist"", ""n_jobs"": -1}"
1,0.25,0.4831640833778728,0.0,0.3572665051914825,88,1.7,13,0.0139,22.3247,1.131,0.859,0.699,"{""max_depth"": 13, ""learning_rate"": 0.0139, ""reg_lambda"": 22.3247, ""scale_pos_weight"": 1.131, ""colsample_bytree"": 0.859, ""subsample"": 0.699, ""n_estimators"": 1000, ""early_stopping_rounds"": 20, ""tree_method"": ""hist"", ""n_jobs"": -1}"
1,0.25,0.4946507237256136,0.0,0.37800014806469345,10,0.9,9,0.01029,0.0903,8.396,0.792,0.738,"{""max_depth"": 9, ""learning_rate"": 0.01029, ""reg_lambda"": 0.0903, ""scale_pos_weight"": 8.396, ""colsample_bytree"": 0.792, ""subsample"": 0.738, ""n_estimators"": 1000, ""early_stopping_rounds"": 20, ""tree_method"": ""hist"", ""n_jobs"": -1}"
1,0.25,0.4818560380725758,0.0,0.3744029756786439,4,0.6,5,0.00349,0.2287,1.002,0.741,0.804,"{""max_depth"": 5, ""learning_rate"": 0.00349, ""reg_lambda"": 0.2287, ""scale_pos_weight"": 1.002, ""colsample_bytree"": 0.741, ""subsample"": 0.804, ""n_estimators"": 1000, ""early_stopping_rounds"": 20, ""tree_method"": ""hist"", ""n_jobs"": -1}"
1,0.25,0.5339524085896692,0.0,0.4479897441774184,26,1.1,9,0.01761,0.0943,8.428,0.717,0.923,"{""max_depth"": 9, ""learning_rate"": 0.01761, ""reg_lambda"": 0.0943, ""scale_pos_weight"": 8.428, ""colsample_bytree"": 0.717, ""subsample"": 0.923, ""n_estimators"": 1000, ""early_stopping_rounds"": 20, ""tree_method"": ""hist"", ""n_jobs"": -1}"
1,0.25,0.49129353233830847,0.0,0.3430636436362231,6,0.8,12,0.02426,0.19,2.688,0.836,0.598,"{""max_depth"": 12, ""learning_rate"": 0.02426, ""reg_lambda"": 0.19, ""scale_pos_weight"": 2.688, ""colsample_bytree"": 0.836, ""subsample"": 0.598, ""n_estimators"": 1000, ""early_stopping_rounds"": 20, ""tree_method"": ""hist"", ""n_jobs"": -1}"
1,0.25,0.45676004872107184,0.0,0.36213511178543545,31,0.9,6,0.00364,0.0566,1.816,0.667,0.842,"{""max_depth"": 6, ""learning_rate"": 0.00364, ""reg_lambda"": 0.0566, ""scale_pos_weight"": 1.816, ""colsample_bytree"": 0.667, ""subsample"": 0.842, ""n_estimators"": 1000, ""early_stopping_rounds"": 20, ""tree_method"": ""hist"", ""n_jobs"": -1}"
1,0.25,0.040937336938475406,0.0,0.01697138657001397,1,0.6,1,0.0583,0.4971,9.817,0.987,0.752,"{""max_depth"": 1, ""learning_rate"": 0.0583, ""reg_lambda"": 0.4971, ""scale_pos_weight"": 9.817, ""colsample_bytree"": 0.987, ""subsample"": 0.752, ""n_estimators"": 1000, ""early_stopping_rounds"": 20, ""tree_method"": ""hist"", ""n_jobs"": -1}"
1,0.25,0.5240706886045094,0.5210084033613446,0.4535510444033882,71,1.7,9,0.03327,0.406,5.43,0.836,0.686,"{""max_depth"": 9, ""learning_rate"": 0.03327, ""reg_lambda"": 0.406, ""scale_pos_weight"": 5.43, ""colsample_bytree"": 0.836, ""subsample"": 0.686, ""n_estimators"": 1000, ""early_stopping_rounds"": 20, ""tree_method"": ""hist"", ""n_jobs"": -1}"
1,0.25,0.5012406947890818,0.4883203559510567,0.43639392636084395,119,2.6,8,0.06284,9.4651,2.809,0.542,0.586,"{""max_depth"": 8, ""learning_rate"": 0.06284, ""reg_lambda"": 9.4651, ""scale_pos_weight"": 2.809, ""colsample_bytree"": 0.542, ""subsample"": 0.586, ""n_estimators"": 1000, ""early_stopping_rounds"": 20, ""tree_method"": ""hist"", ""n_jobs"": -1}"
1,0.25,0.46382428940568476,0.0,0.3384239612820653,21,0.8,4,0.01784,0.0541,3.663,0.787,0.572,"{""max_depth"": 4, ""learning_rate"": 0.01784, ""reg_lambda"": 0.0541, ""scale_pos_weight"": 3.663, ""colsample_bytree"": 0.787, ""subsample"": 0.572, ""n_estimators"": 1000, ""early_stopping_rounds"": 20, ""tree_method"": ""hist"", ""n_jobs"": -1}"
1,0.25,0.3321718931475029,0.3236677115987461,0.24275388608239218,30,0.8,2,0.09371,67.4281,2.339,0.986,0.945,"{""max_depth"": 2, ""learning_rate"": 0.09371, ""reg_lambda"": 67.4281, ""scale_pos_weight"": 2.339, ""colsample_bytree"": 0.986, ""subsample"": 0.945, ""n_estimators"": 1000, ""early_stopping_rounds"": 20, ""tree_method"": ""hist"", ""n_jobs"": -1}"
1,0.25,0.2589771490750816,0.0,0.0899846322966753,1,0.5,2,0.01632,2.138,7.928,0.97,0.775,"{""max_depth"": 2, ""learning_rate"": 0.01632, ""reg_lambda"": 2.138, ""scale_pos_weight"": 7.928, ""colsample_bytree"": 0.97, ""subsample"": 0.775, ""n_estimators"": 1000, ""early_stopping_rounds"": 20, ""tree_method"": ""hist"", ""n_jobs"": -1}"
1,0.25,0.4717948717948718,0.0,0.3136001791808468,18,0.7,2,0.00644,50.8705,3.948,0.792,0.552,"{""max_depth"": 2, ""learning_rate"": 0.00644, ""reg_lambda"": 50.8705, ""scale_pos_weight"": 3.948, ""colsample_bytree"": 0.792, ""subsample"": 0.552, ""n_estimators"": 1000, ""early_stopping_rounds"": 20, ""tree_method"": ""hist"", ""n_jobs"": -1}"
1,0.25,0.47965998785670916,0.45699614890885754,0.3610525973358718,18,0.9,6,0.06817,0.02,1.085,0.646,0.7,"{""max_depth"": 6, ""learning_rate"": 0.06817, ""reg_lambda"": 0.02, ""scale_pos_weight"": 1.085, ""colsample_bytree"": 0.646, ""subsample"": 0.7, ""n_estimators"": 1000, ""early_stopping_rounds"": 20, ""tree_method"": ""hist"", ""n_jobs"": -1}"
1,0.25,0.44902912621359226,0.42363877822045154,0.3640465786065099,25,1.0,8,0.02987,0.125,7.803,0.718,0.991,"{""max_depth"": 8, ""learning_rate"": 0.02987, ""reg_lambda"": 0.125, ""scale_pos_weight"": 7.803, ""colsample_bytree"": 0.718, ""subsample"": 0.991, ""n_estimators"": 1000, ""early_stopping_rounds"": 20, ""tree_method"": ""hist"", ""n_jobs"": -1}"
1,0.25,0.493116395494368,0.0,0.3680464232102182,21,1.2,15,0.01179,0.0943,3.649,0.71,0.981,"{""max_depth"": 15, ""learning_rate"": 0.01179, ""reg_lambda"": 0.0943, ""scale_pos_weight"": 3.649, ""colsample_bytree"": 0.71, ""subsample"": 0.981, ""n_estimators"": 1000, ""early_stopping_rounds"": 20, ""tree_method"": ""hist"", ""n_jobs"": -1}"
1,0.25,0.47551020408163264,0.0,0.3165065487988093,17,0.7,4,0.00628,52.2452,2.797,0.781,0.799,"{""max_depth"": 4, ""learning_rate"": 0.00628, ""reg_lambda"": 52.2452, ""scale_pos_weight"": 2.797, ""colsample_bytree"": 0.781, ""subsample"": 0.799, ""n_estimators"": 1000, ""early_stopping_rounds"": 20, ""tree_method"": ""hist"", ""n_jobs"": -1}"
1,0.25,0.43012211668928085,0.0,0.2977573262694423,16,0.8,8,0.02212,80.2102,8.053,0.74,0.598,"{""max_depth"": 8, ""learning_rate"": 0.02212, ""reg_lambda"": 80.2102, ""scale_pos_weight"": 8.053, ""colsample_bytree"": 0.74, ""subsample"": 0.598, ""n_estimators"": 1000, ""early_stopping_rounds"": 20, ""tree_method"": ""hist"", ""n_jobs"": -1}"
1,0.25,0.5655644241733181,0.5611594202898551,0.5096279202476468,178,3.9,13,0.04329,5.8222,9.217,0.911,0.59,"{""max_depth"": 13, ""learning_rate"": 0.04329, ""reg_lambda"": 5.8222, ""scale_pos_weight"": 9.217, ""colsample_bytree"": 0.911, ""subsample"": 0.59, ""n_estimators"": 1000, ""early_stopping_rounds"": 20, ""tree_method"": ""hist"", ""n_jobs"": -1}"
1,0.25,0.4768831168831169,0.2660345789180145,0.3536539949519979,15,0.8,4,0.09067,38.9757,9.646,0.802,0.758,"{""max_depth"": 4, ""learning_rate"": 0.09067, ""reg_lambda"": 38.9757, ""scale_pos_weight"": 9.646, ""colsample_bytree"": 0.802, ""subsample"": 0.758, ""n_estimators"": 1000, ""early_stopping_rounds"": 20, ""tree_method"": ""hist"", ""n_jobs"": -1}"
1,0.25,0.4597846738442052,0.0,0.3325216526259166,97,1.7,10,0.00629,1.1187,1.216,0.582,0.942,"{""max_depth"": 10, ""learning_rate"": 0.00629, ""reg_lambda"": 1.1187, ""scale_pos_weight"": 1.216, ""colsample_bytree"": 0.582, ""subsample"": 0.942, ""n_estimators"": 1000, ""early_stopping_rounds"": 20, ""tree_method"": ""hist"", ""n_jobs"": -1}"
1,0.25,0.508177570093458,0.3239218119764195,0.44733488223441187,75,1.8,5,0.08662,50.4497,7.734,0.93,0.624,"{""max_depth"": 5, ""learning_rate"": 0.08662, ""reg_lambda"": 50.4497, ""scale_pos_weight"": 7.734, ""colsample_bytree"": 0.93, ""subsample"": 0.624, ""n_estimators"": 1000, ""early_stopping_rounds"": 20, ""tree_method"": ""hist"", ""n_jobs"": -1}"
1,0.25,0.5136612021857924,0.4473420260782347,0.4190232281957641,67,1.9,15,0.03692,1.8884,8.434,0.766,0.907,"{""max_depth"": 15, ""learning_rate"": 0.03692, ""reg_lambda"": 1.8884, ""scale_pos_weight"": 8.434, ""colsample_bytree"": 0.766, ""subsample"": 0.907, ""n_estimators"": 1000, ""early_stopping_rounds"": 20, ""tree_method"": ""hist"", ""n_jobs"": -1}"
1,0.25,0.5268011527377522,0.4297407912687585,0.4096078737603455,63,1.9,15,0.01391,1.8599,4.193,0.728,0.8,"{""max_depth"": 15, ""learning_rate"": 0.01391, ""reg_lambda"": 1.8599, ""scale_pos_weight"": 4.193, ""colsample_bytree"": 0.728, ""subsample"": 0.8, ""n_estimators"": 1000, ""early_stopping_rounds"": 20, ""tree_method"": ""hist"", ""n_jobs"": -1}"
1,0.25,0.4990892531876138,0.0,0.3794260554574458,25,0.9,6,0.00803,0.0148,6.234,0.712,0.829,"{""max_depth"": 6, ""learning_rate"": 0.00803, ""reg_lambda"": 0.0148, ""scale_pos_weight"": 6.234, ""colsample_bytree"": 0.712, ""subsample"": 0.829, ""n_estimators"": 1000, ""early_stopping_rounds"": 20, ""tree_method"": ""hist"", ""n_jobs"": -1}"
1,0.25,0.3321554770318021,0.2589771490750816,0.24636960772500444,15,0.7,2,0.06348,0.1837,5.573,0.797,0.861,"{""max_depth"": 2, ""learning_rate"": 0.06348, ""reg_lambda"": 0.1837, ""scale_pos_weight"": 5.573, ""colsample_bytree"": 0.797, ""subsample"": 0.861, ""n_estimators"": 1000, ""early_stopping_rounds"": 20, ""tree_method"": ""hist"", ""n_jobs"": -1}"
1,0.25,0.45529486366518707,0.0018467220683287165,0.3594361722433235,33,1.1,11,0.01697,0.8013,3.324,0.578,0.856,"{""max_depth"": 11, ""learning_rate"": 0.01697, ""reg_lambda"": 0.8013, ""scale_pos_weight"": 3.324, ""colsample_bytree"": 0.578, ""subsample"": 0.856, ""n_estimators"": 1000, ""early_stopping_rounds"": 20, ""tree_method"": ""hist"", ""n_jobs"": -1}"
1,0.25,0.44926611359285257,0.0,0.2718969550835,20,0.9,10,0.00414,0.3414,2.484,0.69,0.507,"{""max_depth"": 10, ""learning_rate"": 0.00414, ""reg_lambda"": 0.3414, ""scale_pos_weight"": 2.484, ""colsample_bytree"": 0.69, ""subsample"": 0.507, ""n_estimators"": 1000, ""early_stopping_rounds"": 20, ""tree_method"": ""hist"", ""n_jobs"": -1}"
2,0.5,0.6011904761904762,0.5985576923076923,0.5679524411486311,123,5.3,11,0.02299,0.3774,9.928,0.962,0.576,"{""max_depth"": 11, ""learning_rate"": 0.02299, ""reg_lambda"": 0.3774, ""scale_pos_weight"": 9.928, ""colsample_bytree"": 0.962, ""subsample"": 0.576, ""n_estimators"": 1000, ""early_stopping_rounds"": 20, ""tree_method"": ""hist"", ""n_jobs"": -1}"
2,0.5,0.5872442839951865,0.5774971297359357,0.5673280133582271,81,4.0,13,0.04329,5.8222,9.217,0.911,0.59,"{""max_depth"": 13, ""learning_rate"": 0.04329, ""reg_lambda"": 5.8222, ""scale_pos_weight"": 9.217, ""colsample_bytree"": 0.911, ""subsample"": 0.59, ""n_estimators"": 1000, ""early_stopping_rounds"": 20, ""tree_method"": ""hist"", ""n_jobs"": -1}"
2,0.5,0.6156462585034014,0.6073184052430366,0.5832659840880098,83,3.5,5,0.07245,0.0113,6.433,0.549,0.936,"{""max_depth"": 5, ""learning_rate"": 0.07245, ""reg_lambda"": 0.0113, ""scale_pos_weight"": 6.433, ""colsample_bytree"": 0.549, ""subsample"": 0.936, ""n_estimators"": 1000, ""early_stopping_rounds"": 20, ""tree_method"": ""hist"", ""n_jobs"": -1}"
2,0.5,0.6140979689366786,0.6114725014784151,0.5833626365265409,180,8.2,11,0.04289,5.6985,7.172,0.886,0.699,"{""max_depth"": 11, ""learning_rate"": 0.04289, ""reg_lambda"": 5.6985, ""scale_pos_weight"": 7.172, ""colsample_bytree"": 0.886, ""subsample"": 0.699, ""n_estimators"": 1000, ""early_stopping_rounds"": 20, ""tree_method"": ""hist"", ""n_jobs"": -1}"
2,0.5,0.5903971547125074,0.5851896447922939,0.5712537644434685,80,3.7,10,0.02322,1.3919,7.047,0.88,0.555,"{""max_depth"": 10, ""learning_rate"": 0.02322, ""reg_lambda"": 1.3919, ""scale_pos_weight"": 7.047, ""colsample_bytree"": 0.88, ""subsample"": 0.555, ""n_estimators"": 1000, ""early_stopping_rounds"": 20, ""tree_method"": ""hist"", ""n_jobs"": -1}"
2,0.5,0.614065180102916,0.6026894865525673,0.5857245651567219,100,4.7,9,0.08123,3.2834,3.026,0.779,0.886,"{""max_depth"": 9, ""learning_rate"": 0.08123, ""reg_lambda"": 3.2834, ""scale_pos_weight"": 3.026, ""colsample_bytree"": 0.779, ""subsample"": 0.886, ""n_estimators"": 1000, ""early_stopping_rounds"": 20, ""tree_method"": ""hist"", ""n_jobs"": -1}"
2,0.5,0.5854201446855871,0.5844155844155844,0.5675828479032881,95,4.3,12,0.04828,15.7321,3.901,0.898,0.613,"{""max_depth"": 12, ""learning_rate"": 0.04828, ""reg_lambda"": 15.7321, ""scale_pos_weight"": 3.901, ""colsample_bytree"": 0.898, ""subsample"": 0.613, ""n_estimators"": 1000, ""early_stopping_rounds"": 20, ""tree_method"": ""hist"", ""n_jobs"": -1}"
2,0.5,0.6027874564459931,0.0,0.5653197762144658,48,2.8,10,0.01024,0.1632,5.912,0.806,0.805,"{""max_depth"": 10, ""learning_rate"": 0.01024, ""reg_lambda"": 0.1632, ""scale_pos_weight"": 5.912, ""colsample_bytree"": 0.806, ""subsample"": 0.805, ""n_estimators"": 1000, ""early_stopping_rounds"": 20, ""tree_method"": ""hist"", ""n_jobs"": -1}"
2,0.5,0.6142365097588978,0.6020719073735528,0.5880539613228903,121,6.0,13,0.0435,0.02,4.415,0.663,0.785,"{""max_depth"": 13, ""learning_rate"": 0.0435, ""reg_lambda"": 0.02, ""scale_pos_weight"": 4.415, ""colsample_bytree"": 0.663, ""subsample"": 0.785, ""n_estimators"": 1000, ""early_stopping_rounds"": 20, ""tree_method"": ""hist"", ""n_jobs"": -1}"
2,0.5,0.628668171557562,0.6048780487804878,0.5909684750484553,143,7.3,14,0.0801,0.0176,5.907,0.611,0.851,"{""max_depth"": 14, ""learning_rate"": 0.0801, ""reg_lambda"": 0.0176, ""scale_pos_weight"": 5.907, ""colsample_bytree"": 0.611, ""subsample"": 0.851, ""n_estimators"": 1000, ""early_stopping_rounds"": 20, ""tree_method"": ""hist"", ""n_jobs"": -1}"
2,0.5,0.6076246334310851,0.6007326007326007,0.5763990672163684,168,6.1,9,0.01761,0.0943,8.428,0.717,0.923,"{""max_depth"": 9, ""learning_rate"": 0.01761, ""reg_lambda"": 0.0943, ""scale_pos_weight"": 8.428, ""colsample_bytree"": 0.717, ""subsample"": 0.923, ""n_estimators"": 1000, ""early_stopping_rounds"": 20, ""tree_method"": ""hist"", ""n_jobs"": -1}"
2,0.5,0.6080459770114942,0.6028138528138528,0.5802827892297323,79,3.3,6,0.04793,0.0907,8.888,0.529,0.668,"{""max_depth"": 6, ""learning_rate"": 0.04793, ""reg_lambda"": 0.0907, ""scale_pos_weight"": 8.888, ""colsample_bytree"": 0.529, ""subsample"": 0.668, ""n_estimators"": 1000, ""early_stopping_rounds"": 20, ""tree_method"": ""hist"", ""n_jobs"": -1}"
2,0.5,0.6130358191426893,0.604735883424408,0.5834517642760735,117,6.1,13,0.08837,1.2323,7.679,0.766,0.91,"{""max_depth"": 13, ""learning_rate"": 0.08837, ""reg_lambda"": 1.2323, ""scale_pos_weight"": 7.679, ""colsample_bytree"": 0.766, ""subsample"": 0.91, ""n_estimators"": 1000, ""early_stopping_rounds"": 20, ""tree_method"": ""hist"", ""n_jobs"": -1}"
2,0.5,0.619324796274738,0.6130408287629494,0.5860534156138121,182,8.9,15,0.08907,0.2335,8.418,0.726,0.895,"{""max_depth"": 15, ""learning_rate"": 0.08907, ""reg_lambda"": 0.2335, ""scale_pos_weight"": 8.418, ""colsample_bytree"": 0.726, ""subsample"": 0.895, ""n_estimators"": 1000, ""early_stopping_rounds"": 20, ""tree_method"": ""hist"", ""n_jobs"": -1}"
2,0.5,0.6024235429890363,0.19031719532554256,0.5734663688353385,70,3.2,10,0.00915,0.3137,7.257,0.658,0.765,"{""max_depth"": 10, ""learning_rate"": 0.00915, ""reg_lambda"": 0.3137, ""scale_pos_weight"": 7.257, ""colsample_bytree"": 0.658, ""subsample"": 0.765, ""n_estimators"": 1000, ""early_stopping_rounds"": 20, ""tree_method"": ""hist"", ""n_jobs"": -1}"
2,0.5,0.6175115207373272,0.606318347509113,0.5822090408187031,190,8.1,11,0.03697,0.234,6.898,0.968,0.842,"{""max_depth"": 11, ""learning_rate"": 0.03697, ""reg_lambda"": 0.234, ""scale_pos_weight"": 6.898, ""colsample_bytree"": 0.968, ""subsample"": 0.842, ""n_estimators"": 1000, ""early_stopping_rounds"": 20, ""tree_method"": ""hist"", ""n_jobs"": -1}"
2,0.5,0.5920770877944326,0.5826589595375723,0.5557530460393905,162,5.3,3,0.06129,0.6736,2.136,0.926,0.908,"{""max_depth"": 3, ""learning_rate"": 0.06129, ""reg_lambda"": 0.6736, ""scale_pos_weight"": 2.136, ""colsample_bytree"": 0.926, ""subsample"": 0.908, ""n_estimators"": 1000, ""early_stopping_rounds"": 20, ""tree_method"": ""hist"", ""n_jobs"": -1}"
2,0.5,0.6053731343283583,0.5944615384615385,0.5758224774142481,161,6.9,15,0.01391,1.8599,4.193,0.728,0.8,"{""max_depth"": 15, ""learning_rate"": 0.01391, ""reg_lambda"": 1.8599, ""scale_pos_weight"": 4.193, ""colsample_bytree"": 0.728, ""subsample"": 0.8, ""n_estimators"": 1000, ""early_stopping_rounds"": 20, ""tree_method"": ""hist"", ""n_jobs"": -1}"
2,0.5,0.5965942454492072,0.44523979957050824,0.5605250362382473,21,1.8,9,0.03327,0.406,5.43,0.836,0.686,"{""max_depth"": 9, ""learning_rate"": 0.03327, ""reg_lambda"": 0.406, ""scale_pos_weight"": 5.43, ""colsample_bytree"": 0.836, ""subsample"": 0.686, ""n_estimators"": 1000, ""early_stopping_rounds"": 20, ""tree_method"": ""hist"", ""n_jobs"": -1}"
2,0.5,0.5834254143646409,0.0,0.5547439832814502,19,1.6,6,0.02308,0.4994,3.271,0.912,0.822,"{""max_depth"": 6, ""learning_rate"": 0.02308, ""reg_lambda"": 0.4994, ""scale_pos_weight"": 3.271, ""colsample_bytree"": 0.912, ""subsample"": 0.822, ""n_estimators"": 1000, ""early_stopping_rounds"": 20, ""tree_method"": ""hist"", ""n_jobs"": -1}"
2,0.5,0.6181613085166384,0.6161910308677927,0.5838497872706836,252,8.2,6,0.03901,0.1104,5.429,0.891,0.849,"{""max_depth"": 6, ""learning_rate"": 0.03901, ""reg_lambda"": 0.1104, ""scale_pos_weight"": 5.429, ""colsample_bytree"": 0.891, ""subsample"": 0.849, ""n_estimators"": 1000, ""early_stopping_rounds"": 20, ""tree_method"": ""hist"", ""n_jobs"": -1}"
2,0.5,0.5936768149882904,0.0,0.5449424306720049,21,1.7,6,0.00771,0.0975,7.954,0.879,0.923,"{""max_depth"": 6, ""learning_rate"": 0.00771, ""reg_lambda"": 0.0975, ""scale_pos_weight"": 7.954, ""colsample_bytree"": 0.879, ""subsample"": 0.923, ""n_estimators"": 1000, ""early_stopping_rounds"": 20, ""tree_method"": ""hist"", ""n_jobs"": -1}"
2,0.5,0.5778275475923852,0.577424844015882,0.5587886931297652,91,4.7,15,0.07157,37.8411,8.855,0.639,0.703,"{""max_depth"": 15, ""learning_rate"": 0.07157, ""reg_lambda"": 37.8411, ""scale_pos_weight"": 8.855, ""colsample_bytree"": 0.639, ""subsample"": 0.703, ""n_estimators"": 1000, ""early_stopping_rounds"": 20, ""tree_method"": ""hist"", ""n_jobs"": -1}"
2,0.5,0.5869809203142536,0.55560951918407,0.5642759431777742,86,3.2,4,0.06395,0.2514,9.392,0.965,0.9,"{""max_depth"": 4, ""learning_rate"": 0.06395, ""reg_lambda"": 0.2514, ""scale_pos_weight"": 9.392, ""colsample_bytree"": 0.965, ""subsample"": 0.9, ""n_estimators"": 1000, ""early_stopping_rounds"": 20, ""tree_method"": ""hist"", ""n_jobs"": -1}"
2,0.5,0.6146067415730337,0.6105769230769231,0.5847380702410868,108,5.6,13,0.08682,0.3003,5.974,0.797,0.924,"{""max_depth"": 13, ""learning_rate"": 0.08682, ""reg_lambda"": 0.3003, ""scale_pos_weight"": 5.974, ""colsample_bytree"": 0.797, ""subsample"": 0.924, ""n_estimators"": 1000, ""early_stopping_rounds"": 20, ""tree_method"": ""hist"", ""n_jobs"": -1}"
2,0.5,0.6050029086678301,0.5987757373400111,0.5790862443297579,357,9.3,5,0.01178,0.5237,5.4,0.988,0.888,"{""max_depth"": 5, ""learning_rate"": 0.01178, ""reg_lambda"": 0.5237, ""scale_pos_weight"": 5.4, ""colsample_bytree"": 0.988, ""subsample"": 0.888, ""n_estimators"": 1000, ""early_stopping_rounds"": 20, ""tree_method"": ""hist"", ""n_jobs"": -1}"
2,0.5,0.5952518818760857,0.34172387490465295,0.5443887301694847,29,2.3,12,0.02191,0.1425,4.716,0.909,0.813,"{""max_depth"": 12, ""learning_rate"": 0.02191, ""reg_lambda"": 0.1425, ""scale_pos_weight"": 4.716, ""colsample_bytree"": 0.909, ""subsample"": 0.813, ""n_estimators"": 1000, ""early_stopping_rounds"": 20, ""tree_method"": ""hist"", ""n_jobs"": -1}"
2,0.5,0.6146572104018913,0.6142941523922032,0.5828050112496533,282,11.1,10,0.0257,8.2792,5.893,0.968,0.908,"{""max_depth"": 10, ""learning_rate"": 0.0257, ""reg_lambda"": 8.2792, ""scale_pos_weight"": 5.893, ""colsample_bytree"": 0.968, ""subsample"": 0.908, ""n_estimators"": 1000, ""early_stopping_rounds"": 20, ""tree_method"": ""hist"", ""n_jobs"": -1}"
2,0.5,0.5996573386636208,0.0,0.5625482405719551,97,4.4,12,0.00554,0.1497,7.125,0.853,0.84,"{""max_depth"": 12, ""learning_rate"": 0.00554, ""reg_lambda"": 0.1497, ""scale_pos_weight"": 7.125, ""colsample_bytree"": 0.853, ""subsample"": 0.84, ""n_estimators"": 1000, ""early_stopping_rounds"": 20, ""tree_method"": ""hist"", ""n_jobs"": -1}"
2,0.5,0.6104683195592286,0.5977859778597786,0.58196669261516,81,3.2,9,0.05922,2.5168,2.329,0.683,0.93,"{""max_depth"": 9, ""learning_rate"": 0.05922, ""reg_lambda"": 2.5168, ""scale_pos_weight"": 2.329, ""colsample_bytree"": 0.683, ""subsample"": 0.93, ""n_estimators"": 1000, ""early_stopping_rounds"": 20, ""tree_method"": ""hist"", ""n_jobs"": -1}"
2,0.5,0.5894001164822364,0.0,0.5422646398390648,12,1.5,9,0.01941,0.1742,5.373,0.945,0.967,"{""max_depth"": 9, ""learning_rate"": 0.01941, ""reg_lambda"": 0.1742, ""scale_pos_weight"": 5.373, ""colsample_bytree"": 0.945, ""subsample"": 0.967, ""n_estimators"": 1000, ""early_stopping_rounds"": 20, ""tree_method"": ""hist"", ""n_jobs"": -1}"
2,0.5,0.6100917431192661,0.5990566037735849,0.5744837059534934,22,1.5,5,0.09826,0.1836,2.644,0.94,0.906,"{""max_depth"": 5, ""learning_rate"": 0.09826, ""reg_lambda"": 0.1836, ""scale_pos_weight"": 2.644, ""colsample_bytree"": 0.94, ""subsample"": 0.906, ""n_estimators"": 1000, ""early_stopping_rounds"": 20, ""tree_method"": ""hist"", ""n_jobs"": -1}"
2,0.5,0.6039544637507489,0.6023668639053255,0.5773566286468756,212,7.0,8,0.01755,0.5542,6.416,0.925,0.646,"{""max_depth"": 8, ""learning_rate"": 0.01755, ""reg_lambda"": 0.5542, ""scale_pos_weight"": 6.416, ""colsample_bytree"": 0.925, ""subsample"": 0.646, ""n_estimators"": 1000, ""early_stopping_rounds"": 20, ""tree_method"": ""hist"", ""n_jobs"": -1}"
2,0.5,0.5907764156450671,0.0,0.5249684657352495,20,2.2,15,0.00702,0.0376,7.74,0.834,0.715,"{""max_depth"": 15, ""learning_rate"": 0.00702, ""reg_lambda"": 0.0376, ""scale_pos_weight"": 7.74, ""colsample_bytree"": 0.834, ""subsample"": 0.715, ""n_estimators"": 1000, ""early_stopping_rounds"": 20, ""tree_method"": ""hist"", ""n_jobs"": -1}"
2,0.5,0.5962732919254659,0.0,0.5399582970060631,13,1.8,14,0.00491,0.0197,1.633,0.934,0.817,"{""max_depth"": 14, ""learning_rate"": 0.00491, ""reg_lambda"": 0.0197, ""scale_pos_weight"": 1.633, ""colsample_bytree"": 0.934, ""subsample"": 0.817, ""n_estimators"": 1000, ""early_stopping_rounds"": 20, ""tree_method"": ""hist"", ""n_jobs"": -1}"
2,0.5,0.6183074265975821,0.6072289156626506,0.5888216255768156,222,9.6,15,0.03692,1.8884,8.434,0.766,0.907,"{""max_depth"": 15, ""learning_rate"": 0.03692, ""reg_lambda"": 1.8884, ""scale_pos_weight"": 8.434, ""colsample_bytree"": 0.766, ""subsample"": 0.907, ""n_estimators"": 1000, ""early_stopping_rounds"": 20, ""tree_method"": ""hist"", ""n_jobs"": -1}"
2,0.5,0.612356478950246,0.6050917702782712,0.5873215179750544,200,7.2,6,0.04136,25.5566,2.25,0.852,0.911,"{""max_depth"": 6, ""learning_rate"": 0.04136, ""reg_lambda"": 25.5566, ""scale_pos_weight"": 2.25, ""colsample_bytree"": 0.852, ""subsample"": 0.911, ""n_estimators"": 1000, ""early_stopping_rounds"": 20, ""tree_method"": ""hist"", ""n_jobs"": -1}"
2,0.5,0.6133032694475761,0.6041412911084044,0.5817723845337621,226,9.3,15,0.04772,0.4556,7.61,0.856,0.966,"{""max_depth"": 15, ""learning_rate"": 0.04772, ""reg_lambda"": 0.4556, ""scale_pos_weight"": 7.61, ""colsample_bytree"": 0.856, ""subsample"": 0.966, ""n_estimators"": 1000, ""early_stopping_rounds"": 20, ""tree_method"": ""hist"", ""n_jobs"": -1}"
2,0.5,0.589582140812822,0.09674582233948989,0.5460126611196203,29,2.6,11,0.01931,0.0317,5.131,0.89,0.853,"{""max_depth"": 11, ""learning_rate"": 0.01931, ""reg_lambda"": 0.0317, ""scale_pos_weight"": 5.131, ""colsample_bytree"": 0.89, ""subsample"": 0.853, ""n_estimators"": 1000, ""early_stopping_rounds"": 20, ""tree_method"": ""hist"", ""n_jobs"": -1}"
2,0.5,0.6031746031746031,0.0,0.5566599513561736,64,3.6,12,0.00526,0.1329,7.576,0.784,0.95,"{""max_depth"": 12, ""learning_rate"": 0.00526, ""reg_lambda"": 0.1329, ""scale_pos_weight"": 7.576, ""colsample_bytree"": 0.784, ""subsample"": 0.95, ""n_estimators"": 1000, ""early_stopping_rounds"": 20, ""tree_method"": ""hist"", ""n_jobs"": -1}"
2,0.5,0.5677200902934537,0.0,0.5051216720066893,17,1.4,4,0.01594,0.2225,4.069,0.912,0.727,"{""max_depth"": 4, ""learning_rate"": 0.01594, ""reg_lambda"": 0.2225, ""scale_pos_weight"": 4.069, ""colsample_bytree"": 0.912, ""subsample"": 0.727, ""n_estimators"": 1000, ""early_stopping_rounds"": 20, ""tree_method"": ""hist"", ""n_jobs"": -1}"
2,0.5,0.6095238095238096,0.6002444987775061,0.5784979671891716,153,5.7,12,0.03286,0.2987,6.181,0.782,0.968,"{""max_depth"": 12, ""learning_rate"": 0.03286, ""reg_lambda"": 0.2987, ""scale_pos_weight"": 6.181, ""colsample_bytree"": 0.782, ""subsample"": 0.968, ""n_estimators"": 1000, ""early_stopping_rounds"": 20, ""tree_method"": ""hist"", ""n_jobs"": -1}"
2,0.5,0.5830969937606353,0.5499515033947624,0.5496281238464474,111,4.4,5,0.08662,50.4497,7.734,0.93,0.624,"{""max_depth"": 5, ""learning_rate"": 0.08662, ""reg_lambda"": 50.4497, ""scale_pos_weight"": 7.734, ""colsample_bytree"": 0.93, ""subsample"": 0.624, ""n_estimators"": 1000, ""early_stopping_rounds"": 20, ""tree_method"": ""hist"", ""n_jobs"": -1}"
2,0.5,0.6061971830985915,0.0,0.5599246784808021,20,1.9,13,0.00803,0.0146,1.149,0.907,0.956,"{""max_depth"": 13, ""learning_rate"": 0.00803, ""reg_lambda"": 0.0146, ""scale_pos_weight"": 1.149, ""colsample_bytree"": 0.907, ""subsample"": 0.956, ""n_estimators"": 1000, ""early_stopping_rounds"": 20, ""tree_method"": ""hist"", ""n_jobs"": -1}"
2,0.5,0.5637657361795293,0.0,0.4619539675820969,42,1.9,3,0.00963,0.0416,9.925,0.96,0.645,"{""max_depth"": 3, ""learning_rate"": 0.00963, ""reg_lambda"": 0.0416, ""scale_pos_weight"": 9.925, ""colsample_bytree"": 0.96, ""subsample"": 0.645, ""n_estimators"": 1000, ""early_stopping_rounds"": 20, ""tree_method"": ""hist"", ""n_jobs"": -1}"
2,0.5,0.5961871750433275,0.5886654478976234,0.5599365324240211,28,1.7,5,0.04312,0.0294,3.226,0.903,0.726,"{""max_depth"": 5, ""learning_rate"": 0.04312, ""reg_lambda"": 0.0294, ""scale_pos_weight"": 3.226, ""colsample_bytree"": 0.903, ""subsample"": 0.726, ""n_estimators"": 1000, ""early_stopping_rounds"": 20, ""tree_method"": ""hist"", ""n_jobs"": -1}"
2,0.5,0.6141176470588235,0.6011808910359635,0.5850268689747866,320,9.8,6,0.0166,0.085,8.217,0.962,0.633,"{""max_depth"": 6, ""learning_rate"": 0.0166, ""reg_lambda"": 0.085, ""scale_pos_weight"": 8.217, ""colsample_bytree"": 0.962, ""subsample"": 0.633, ""n_estimators"": 1000, ""early_stopping_rounds"": 20, ""tree_method"": ""hist"", ""n_jobs"": -1}"
2,0.5,0.5944412932501418,0.0,0.5558062266561048,19,1.8,8,0.01061,0.0483,4.525,0.877,0.72,"{""max_depth"": 8, ""learning_rate"": 0.01061, ""reg_lambda"": 0.0483, ""scale_pos_weight"": 4.525, ""colsample_bytree"": 0.877, ""subsample"": 0.72, ""n_estimators"": 1000, ""early_stopping_rounds"": 20, ""tree_method"": ""hist"", ""n_jobs"": -1}"
2,0.5,0.6033977738722905,0.5872235872235873,0.5667471673516359,21,1.7,7,0.06215,0.1209,7.06,0.784,0.814,"{""max_depth"": 7, ""learning_rate"": 0.06215, ""reg_lambda"": 0.1209, ""scale_pos_weight"": 7.06, ""colsample_bytree"": 0.784, ""subsample"": 0.814, ""n_estimators"": 1000, ""early_stopping_rounds"": 20, ""tree_method"": ""hist"", ""n_jobs"": -1}"
2,0.5,0.5824053452115813,0.0,0.5547411713534376,48,2.8,12,0.00332,0.544,7.86,0.807,0.662,"{""max_depth"": 12, ""learning_rate"": 0.00332, ""reg_lambda"": 0.544, ""scale_pos_weight"": 7.86, ""colsample_bytree"": 0.807, ""subsample"": 0.662, ""n_estimators"": 1000, ""early_stopping_rounds"": 20, ""tree_method"": ""hist"", ""n_jobs"": -1}"
2,0.5,0.6195094124358242,0.5972906403940886,0.5835417001255772,92,4.9,14,0.08188,0.2887,1.949,0.815,0.964,"{""max_depth"": 14, ""learning_rate"": 0.08188, ""reg_lambda"": 0.2887, ""scale_pos_weight"": 1.949, ""colsample_bytree"": 0.815, ""subsample"": 0.964, ""n_estimators"": 1000, ""early_stopping_rounds"": 20, ""tree_method"": ""hist"", ""n_jobs"": -1}"
2,0.5,0.6061946902654868,0.5391190006574622,0.5810277884517067,163,4.6,9,0.01041,1.7342,1.194,0.781,0.928,"{""max_depth"": 9, ""learning_rate"": 0.01041, ""reg_lambda"": 1.7342, ""scale_pos_weight"": 1.194, ""colsample_bytree"": 0.781, ""subsample"": 0.928, ""n_estimators"": 1000, ""early_stopping_rounds"": 20, ""tree_method"": ""hist"", ""n_jobs"": -1}"
2,0.5,0.5908299477655252,0.0,0.5457417014473276,17,1.8,10,0.01491,0.1461,5.751,0.927,0.59,"{""max_depth"": 10, ""learning_rate"": 0.01491, ""reg_lambda"": 0.1461, ""scale_pos_weight"": 5.751, ""colsample_bytree"": 0.927, ""subsample"": 0.59, ""n_estimators"": 1000, ""early_stopping_rounds"": 20, ""tree_method"": ""hist"", ""n_jobs"": -1}"
2,0.5,0.5951679434295816,0.0,0.5621452918555393,60,2.8,7,0.0063,0.0137,9.883,0.909,0.562,"{""max_depth"": 7, ""learning_rate"": 0.0063, ""reg_lambda"": 0.0137, ""scale_pos_weight"": 9.883, ""colsample_bytree"": 0.909, ""subsample"": 0.562, ""n_estimators"": 1000, ""early_stopping_rounds"": 20, ""tree_method"": ""hist"", ""n_jobs"": -1}"
2,0.5,0.577424844015882,0.0,0.5221708339110602,20,2.3,14,0.012,0.1457,9.702,0.822,0.955,"{""max_depth"": 14, ""learning_rate"": 0.012, ""reg_lambda"": 0.1457, ""scale_pos_weight"": 9.702, ""colsample_bytree"": 0.822, ""subsample"": 0.955, ""n_estimators"": 1000, ""early_stopping_rounds"": 20, ""tree_method"": ""hist"", ""n_jobs"": -1}"
2,0.5,0.6146572104018913,0.5956656346749226,0.5780979175964513,109,5.0,11,0.08717,0.0137,2.199,0.916,0.843,"{""max_depth"": 11, ""learning_rate"": 0.08717, ""reg_lambda"": 0.0137, ""scale_pos_weight"": 2.199, ""colsample_bytree"": 0.916, ""subsample"": 0.843, ""n_estimators"": 1000, ""early_stopping_rounds"": 20, ""tree_method"": ""hist"", ""n_jobs"": -1}"
2,0.5,0.5989672977624785,0.0,0.5568506764416903,21,1.8,9,0.01168,0.0299,4.843,0.812,0.689,"{""max_depth"": 9, ""learning_rate"": 0.01168, ""reg_lambda"": 0.0299, ""scale_pos_weight"": 4.843, ""colsample_bytree"": 0.812, ""subsample"": 0.689, ""n_estimators"": 1000, ""early_stopping_rounds"": 20, ""tree_method"": ""hist"", ""n_jobs"": -1}"
2,0.5,0.588498045784478,0.45403111739745405,0.5626771062611836,40,2.6,14,0.02198,2.0575,2.747,0.763,0.762,"{""max_depth"": 14, ""learning_rate"": 0.02198, ""reg_lambda"": 2.0575, ""scale_pos_weight"": 2.747, ""colsample_bytree"": 0.763, ""subsample"": 0.762, ""n_estimators"": 1000, ""early_stopping_rounds"": 20, ""tree_method"": ""hist"", ""n_jobs"": -1}"
2,0.5,0.6126230457440649,0.6014760147601476,0.5844143408910449,87,4.6,15,0.09163,0.0211,2.275,0.787,0.887,"{""max_depth"": 15, ""learning_rate"": 0.09163, ""reg_lambda"": 0.0211, ""scale_pos_weight"": 2.275, ""colsample_bytree"": 0.787, ""subsample"": 0.887, ""n_estimators"": 1000, ""early_stopping_rounds"": 20, ""tree_method"": ""hist"", ""n_jobs"": -1}"
2,0.5,0.6,0.3658170914542729,0.549150924065893,21,2.0,12,0.03277,0.0115,2.246,0.904,0.666,"{""max_depth"": 12, ""learning_rate"": 0.03277, ""reg_lambda"": 0.0115, ""scale_pos_weight"": 2.246, ""colsample_bytree"": 0.904, ""subsample"": 0.666, ""n_estimators"": 1000, ""early_stopping_rounds"": 20, ""tree_method"": ""hist"", ""n_jobs"": -1}"
2,0.5,0.6227819118488838,0.615568862275449,0.588653855609827,70,2.6,6,0.03502,0.0352,3.813,0.858,0.951,"{""max_depth"": 6, ""learning_rate"": 0.03502, ""reg_lambda"": 0.0352, ""scale_pos_weight"": 3.813, ""colsample_bytree"": 0.858, ""subsample"": 0.951, ""n_estimators"": 1000, ""early_stopping_rounds"": 20, ""tree_method"": ""hist"", ""n_jobs"": -1}"
2,0.5,0.5913621262458472,0.574585635359116,0.5751583508164764,86,3.9,8,0.06284,9.4651,2.809,0.542,0.586,"{""max_depth"": 8, ""learning_rate"": 0.06284, ""reg_lambda"": 9.4651, ""scale_pos_weight"": 2.809, ""colsample_bytree"": 0.542, ""subsample"": 0.586, ""n_estimators"": 1000, ""early_stopping_rounds"": 20, ""tree_method"": ""hist"", ""n_jobs"": -1}"
2,0.5,0.6104276508494435,0.5495081967213115,0.5752126472875855,132,6.9,15,0.01191,0.0267,5.922,0.685,0.803,"{""max_depth"": 15, ""learning_rate"": 0.01191, ""reg_lambda"": 0.0267, ""scale_pos_weight"": 5.922, ""colsample_bytree"": 0.685, ""subsample"": 0.803, ""n_estimators"": 1000, ""early_stopping_rounds"": 20, ""tree_method"": ""hist"", ""n_jobs"": -1}"
2,0.5,0.5645514223194749,0.0,0.44047054416313824,36,1.8,3,0.01287,2.2793,7.228,0.951,0.796,"{""max_depth"": 3, ""learning_rate"": 0.01287, ""reg_lambda"": 2.2793, ""scale_pos_weight"": 7.228, ""colsample_bytree"": 0.951, ""subsample"": 0.796, ""n_estimators"": 1000, ""early_stopping_rounds"": 20, ""tree_method"": ""hist"", ""n_jobs"": -1}"
3,1.0,0.629695885509839,0.6275449101796408,0.600882524176436,158,15.4,14,0.0801,0.0176,5.907,0.611,0.851,"{""max_depth"": 14, ""learning_rate"": 0.0801, ""reg_lambda"": 0.0176, ""scale_pos_weight"": 5.907, ""colsample_bytree"": 0.611, ""subsample"": 0.851, ""n_estimators"": 1000, ""early_stopping_rounds"": 20, ""tree_method"": ""hist"", ""n_jobs"": -1}"
3,1.0,0.6250728862973761,0.604133545310016,0.5872561978744857,189,12.4,6,0.03502,0.0352,3.813,0.858,0.951,"{""max_depth"": 6, ""learning_rate"": 0.03502, ""reg_lambda"": 0.0352, ""scale_pos_weight"": 3.813, ""colsample_bytree"": 0.858, ""subsample"": 0.951, ""n_estimators"": 1000, ""early_stopping_rounds"": 20, ""tree_method"": ""hist"", ""n_jobs"": -1}"
3,1.0,0.6238095238095238,0.6211480362537765,0.5980527238020477,127,12.1,14,0.08188,0.2887,1.949,0.815,0.964,"{""max_depth"": 14, ""learning_rate"": 0.08188, ""reg_lambda"": 0.2887, ""scale_pos_weight"": 1.949, ""colsample_bytree"": 0.815, ""subsample"": 0.964, ""n_estimators"": 1000, ""early_stopping_rounds"": 20, ""tree_method"": ""hist"", ""n_jobs"": -1}"
3,1.0,0.6270893371757925,0.6245530393325387,0.6002531311363309,163,16.1,15,0.08907,0.2335,8.418,0.726,0.895,"{""max_depth"": 15, ""learning_rate"": 0.08907, ""reg_lambda"": 0.2335, ""scale_pos_weight"": 8.418, ""colsample_bytree"": 0.726, ""subsample"": 0.895, ""n_estimators"": 1000, ""early_stopping_rounds"": 20, ""tree_method"": ""hist"", ""n_jobs"": -1}"
3,1.0,0.6306720275703619,0.6244776119402985,0.6065128816177705,450,41.9,15,0.03692,1.8884,8.434,0.766,0.907,"{""max_depth"": 15, ""learning_rate"": 0.03692, ""reg_lambda"": 1.8884, ""scale_pos_weight"": 8.434, ""colsample_bytree"": 0.766, ""subsample"": 0.907, ""n_estimators"": 1000, ""early_stopping_rounds"": 20, ""tree_method"": ""hist"", ""n_jobs"": -1}"
3,1.0,0.6293053123175715,0.5945945945945946,0.5932977208041136,159,10.4,6,0.03901,0.1104,5.429,0.891,0.849,"{""max_depth"": 6, ""learning_rate"": 0.03901, ""reg_lambda"": 0.1104, ""scale_pos_weight"": 5.429, ""colsample_bytree"": 0.891, ""subsample"": 0.849, ""n_estimators"": 1000, ""early_stopping_rounds"": 20, ""tree_method"": ""hist"", ""n_jobs"": -1}"
3,1.0,0.6217008797653959,0.6197854588796186,0.5958151711247359,423,31.9,11,0.03697,0.234,6.898,0.968,0.842,"{""max_depth"": 11, ""learning_rate"": 0.03697, ""reg_lambda"": 0.234, ""scale_pos_weight"": 6.898, ""colsample_bytree"": 0.968, ""subsample"": 0.842, ""n_estimators"": 1000, ""early_stopping_rounds"": 20, ""tree_method"": ""hist"", ""n_jobs"": -1}"
3,1.0,0.6222222222222222,0.5170068027210885,0.5893676599551299,167,10.6,5,0.07245,0.0113,6.433,0.549,0.936,"{""max_depth"": 5, ""learning_rate"": 0.07245, ""reg_lambda"": 0.0113, ""scale_pos_weight"": 6.433, ""colsample_bytree"": 0.549, ""subsample"": 0.936, ""n_estimators"": 1000, ""early_stopping_rounds"": 20, ""tree_method"": ""hist"", ""n_jobs"": -1}"
3,1.0,0.5909090909090909,0.5889423076923077,0.5528167825188561,47,4.3,10,0.0257,8.2792,5.893,0.968,0.908,"{""max_depth"": 10, ""learning_rate"": 0.0257, ""reg_lambda"": 8.2792, ""scale_pos_weight"": 5.893, ""colsample_bytree"": 0.968, ""subsample"": 0.908, ""n_estimators"": 1000, ""early_stopping_rounds"": 20, ""tree_method"": ""hist"", ""n_jobs"": -1}"
3,1.0,0.6126340882002383,0.6122692078618225,0.5780357579027806,44,4.7,11,0.08717,0.0137,2.199,0.916,0.843,"{""max_depth"": 11, ""learning_rate"": 0.08717, ""reg_lambda"": 0.0137, ""scale_pos_weight"": 2.199, ""colsample_bytree"": 0.916, ""subsample"": 0.843, ""n_estimators"": 1000, ""early_stopping_rounds"": 20, ""tree_method"": ""hist"", ""n_jobs"": -1}"
3,1.0,0.6176129779837776,0.6147393648891551,0.589737929872719,96,8.7,13,0.08682,0.3003,5.974,0.797,0.924,"{""max_depth"": 13, ""learning_rate"": 0.08682, ""reg_lambda"": 0.3003, ""scale_pos_weight"": 5.974, ""colsample_bytree"": 0.797, ""subsample"": 0.924, ""n_estimators"": 1000, ""early_stopping_rounds"": 20, ""tree_method"": ""hist"", ""n_jobs"": -1}"
3,1.0,0.6366262276140959,0.6282973621103117,0.605843810218363,301,23.5,13,0.0435,0.02,4.415,0.663,0.785,"{""max_depth"": 13, ""learning_rate"": 0.0435, ""reg_lambda"": 0.02, ""scale_pos_weight"": 4.415, ""colsample_bytree"": 0.663, ""subsample"": 0.785, ""n_estimators"": 1000, ""early_stopping_rounds"": 20, ""tree_method"": ""hist"", ""n_jobs"": -1}"
3,1.0,0.5786743515850145,0.0,0.5044481264062494,4,2.3,6,0.0166,0.085,8.217,0.962,0.633,"{""max_depth"": 6, ""learning_rate"": 0.0166, ""reg_lambda"": 0.085, ""scale_pos_weight"": 8.217, ""colsample_bytree"": 0.962, ""subsample"": 0.633, ""n_estimators"": 1000, ""early_stopping_rounds"": 20, ""tree_method"": ""hist"", ""n_jobs"": -1}"
3,1.0,0.6127450980392157,0.5994301994301995,0.5858047667029977,163,12.6,11,0.04289,5.6985,7.172,0.886,0.699,"{""max_depth"": 11, ""learning_rate"": 0.04289, ""reg_lambda"": 5.6985, ""scale_pos_weight"": 7.172, ""colsample_bytree"": 0.886, ""subsample"": 0.699, ""n_estimators"": 1000, ""early_stopping_rounds"": 20, ""tree_method"": ""hist"", ""n_jobs"": -1}"
3,1.0,0.629080118694362,0.6283343212803794,0.595226793106021,131,10.2,9,0.08123,3.2834,3.026,0.779,0.886,"{""max_depth"": 9, ""learning_rate"": 0.08123, ""reg_lambda"": 3.2834, ""scale_pos_weight"": 3.026, ""colsample_bytree"": 0.779, ""subsample"": 0.886, ""n_estimators"": 1000, ""early_stopping_rounds"": 20, ""tree_method"": ""hist"", ""n_jobs"": -1}"
3,1.0,0.6322505800464037,0.6258907363420427,0.6017075519788881,248,18.9,15,0.04772,0.4556,7.61,0.856,0.966,"{""max_depth"": 15, ""learning_rate"": 0.04772, ""reg_lambda"": 0.4556, ""scale_pos_weight"": 7.61, ""colsample_bytree"": 0.856, ""subsample"": 0.966, ""n_estimators"": 1000, ""early_stopping_rounds"": 20, ""tree_method"": ""hist"", ""n_jobs"": -1}"
3,1.0,0.6221966647498562,0.6142857142857143,0.5982422801347267,164,14.6,13,0.08837,1.2323,7.679,0.766,0.91,"{""max_depth"": 13, ""learning_rate"": 0.08837, ""reg_lambda"": 1.2323, ""scale_pos_weight"": 7.679, ""colsample_bytree"": 0.766, ""subsample"": 0.91, ""n_estimators"": 1000, ""early_stopping_rounds"": 20, ""tree_method"": ""hist"", ""n_jobs"": -1}"
3,1.0,0.6212121212121212,0.6165865384615384,0.594064163688822,81,7.9,15,0.09163,0.0211,2.275,0.787,0.887,"{""max_depth"": 15, ""learning_rate"": 0.09163, ""reg_lambda"": 0.0211, ""scale_pos_weight"": 2.275, ""colsample_bytree"": 0.787, ""subsample"": 0.887, ""n_estimators"": 1000, ""early_stopping_rounds"": 20, ""tree_method"": ""hist"", ""n_jobs"": -1}"
3,1.0,0.6271855611957134,0.6185446009389671,0.6004268874874801,251,15.7,6,0.04136,25.5566,2.25,0.852,0.911,"{""max_depth"": 6, ""learning_rate"": 0.04136, ""reg_lambda"": 25.5566, ""scale_pos_weight"": 2.25, ""colsample_bytree"": 0.852, ""subsample"": 0.911, ""n_estimators"": 1000, ""early_stopping_rounds"": 20, ""tree_method"": ""hist"", ""n_jobs"": -1}"
3,1.0,0.6200241254523522,0.6200241254523522,0.5925981369532343,80,6.0,9,0.05922,2.5168,2.329,0.683,0.93,"{""max_depth"": 9, ""learning_rate"": 0.05922, ""reg_lambda"": 2.5168, ""scale_pos_weight"": 2.329, ""colsample_bytree"": 0.683, ""subsample"": 0.93, ""n_estimators"": 1000, ""early_stopping_rounds"": 20, ""tree_method"": ""hist"", ""n_jobs"": -1}"
3,1.0,0.6106604866743917,0.0,0.5304774539381174,18,4.0,15,0.01191,0.0267,5.922,0.685,0.803,"{""max_depth"": 15, ""learning_rate"": 0.01191, ""reg_lambda"": 0.0267, ""scale_pos_weight"": 5.922, ""colsample_bytree"": 0.685, ""subsample"": 0.803, ""n_estimators"": 1000, ""early_stopping_rounds"": 20, ""tree_method"": ""hist"", ""n_jobs"": -1}"
3,1.0,0.6207302709069493,0.587991718426501,0.5873591018240016,205,12.5,5,0.09826,0.1836,2.644,0.94,0.906,"{""max_depth"": 5, ""learning_rate"": 0.09826, ""reg_lambda"": 0.1836, ""scale_pos_weight"": 2.644, ""colsample_bytree"": 0.94, ""subsample"": 0.906, ""n_estimators"": 1000, ""early_stopping_rounds"": 20, ""tree_method"": ""hist"", ""n_jobs"": -1}"
3,1.0,0.6059171597633136,0.589041095890411,0.5563725602352307,40,4.9,12,0.03286,0.2987,6.181,0.782,0.968,"{""max_depth"": 12, ""learning_rate"": 0.03286, ""reg_lambda"": 0.2987, ""scale_pos_weight"": 6.181, ""colsample_bytree"": 0.782, ""subsample"": 0.968, ""n_estimators"": 1000, ""early_stopping_rounds"": 20, ""tree_method"": ""hist"", ""n_jobs"": -1}"
3,1.0,0.6157489638839551,0.5234375,0.5876892391594228,100,7.6,6,0.04793,0.0907,8.888,0.529,0.668,"{""max_depth"": 6, ""learning_rate"": 0.04793, ""reg_lambda"": 0.0907, ""scale_pos_weight"": 8.888, ""colsample_bytree"": 0.529, ""subsample"": 0.668, ""n_estimators"": 1000, ""early_stopping_rounds"": 20, ""tree_method"": ""hist"", ""n_jobs"": -1}"
3,1.0,0.6019417475728155,0.0,0.542605071918139,21,3.2,9,0.01761,0.0943,8.428,0.717,0.923,"{""max_depth"": 9, ""learning_rate"": 0.01761, ""reg_lambda"": 0.0943, ""scale_pos_weight"": 8.428, ""colsample_bytree"": 0.717, ""subsample"": 0.923, ""n_estimators"": 1000, ""early_stopping_rounds"": 20, ""tree_method"": ""hist"", ""n_jobs"": -1}"
3,1.0,0.6214285714285714,0.0,0.5396922345053558,13,3.3,13,0.00803,0.0146,1.149,0.907,0.956,"{""max_depth"": 13, ""learning_rate"": 0.00803, ""reg_lambda"": 0.0146, ""scale_pos_weight"": 1.149, ""colsample_bytree"": 0.907, ""subsample"": 0.956, ""n_estimators"": 1000, ""early_stopping_rounds"": 20, ""tree_method"": ""hist"", ""n_jobs"": -1}"
3,1.0,0.6011494252873564,0.0,0.5290046520437909,20,2.9,9,0.01041,1.7342,1.194,0.781,0.928,"{""max_depth"": 9, ""learning_rate"": 0.01041, ""reg_lambda"": 1.7342, ""scale_pos_weight"": 1.194, ""colsample_bytree"": 0.781, ""subsample"": 0.928, ""n_estimators"": 1000, ""early_stopping_rounds"": 20, ""tree_method"": ""hist"", ""n_jobs"": -1}"
3,1.0,0.6250722125938764,0.6209824135839903,0.605893357813764,729,51.0,15,0.01391,1.8599,4.193,0.728,0.8,"{""max_depth"": 15, ""learning_rate"": 0.01391, ""reg_lambda"": 1.8599, ""scale_pos_weight"": 4.193, ""colsample_bytree"": 0.728, ""subsample"": 0.8, ""n_estimators"": 1000, ""early_stopping_rounds"": 20, ""tree_method"": ""hist"", ""n_jobs"": -1}"
3,1.0,0.579136690647482,0.5749851807943094,0.5360432396577229,90,5.6,5,0.01178,0.5237,5.4,0.988,0.888,"{""max_depth"": 5, ""learning_rate"": 0.01178, ""reg_lambda"": 0.5237, ""scale_pos_weight"": 5.4, ""colsample_bytree"": 0.988, ""subsample"": 0.888, ""n_estimators"": 1000, ""early_stopping_rounds"": 20, ""tree_method"": ""hist"", ""n_jobs"": -1}"
3,1.0,0.5964912280701754,0.0,0.5332207077434921,15,2.9,8,0.01755,0.5542,6.416,0.925,0.646,"{""max_depth"": 8, ""learning_rate"": 0.01755, ""reg_lambda"": 0.5542, ""scale_pos_weight"": 6.416, ""colsample_bytree"": 0.925, ""subsample"": 0.646, ""n_estimators"": 1000, ""early_stopping_rounds"": 20, ""tree_method"": ""hist"", ""n_jobs"": -1}"
3,1.0,0.6212303980699638,0.5486143729450447,0.5880618133686892,122,9.2,7,0.06215,0.1209,7.06,0.784,0.814,"{""max_depth"": 7, ""learning_rate"": 0.06215, ""reg_lambda"": 0.1209, ""scale_pos_weight"": 7.06, ""colsample_bytree"": 0.784, ""subsample"": 0.814, ""n_estimators"": 1000, ""early_stopping_rounds"": 20, ""tree_method"": ""hist"", ""n_jobs"": -1}"
3,1.0,0.5965770171149144,0.0,0.5441140438824953,37,4.5,12,0.00526,0.1329,7.576,0.784,0.95,"{""max_depth"": 12, ""learning_rate"": 0.00526, ""reg_lambda"": 0.1329, ""scale_pos_weight"": 7.576, ""colsample_bytree"": 0.784, ""subsample"": 0.95, ""n_estimators"": 1000, ""early_stopping_rounds"": 20, ""tree_method"": ""hist"", ""n_jobs"": -1}"
