round,r,f1_val,f1_val@0.5,pr_auc,n_tree,fit_s,num_leaves,learning_rate,reg_lambda,reg_alpha,scale_pos_weight,params
0,0.125,0.45754716981132076,0.36342042755344417,0.2842316260602572,68,0.7,4096,0.00803,0.0146,1.0426,8.319,"{""num_leaves"": 4096, ""learning_rate"": 0.00803, ""reg_lambda"": 0.0146, ""reg_alpha"": 1.0426, ""scale_pos_weight"": 8.319, ""n_estimators"": 1000, ""max_bin"": 63, ""n_jobs"": -1, ""verbose"": -1}"
0,0.125,0.46563467492260063,0.07516040329972502,0.3357287232224839,30,0.5,512,0.07398,2.6702,2.3305,5.893,"{""num_leaves"": 512, ""learning_rate"": 0.07398, ""reg_lambda"": 2.6702, ""reg_alpha"": 2.3305, ""scale_pos_weight"": 5.893, ""n_estimators"": 1000, ""max_bin"": 63, ""n_jobs"": -1, ""verbose"": -1}"
0,0.125,0.2670411028848609,0.262831638978428,0.10249353577124817,1,0.3,256,0.05294,0.0103,2.6923,1.302,"{""num_leaves"": 256, ""learning_rate"": 0.05294, ""reg_lambda"": 0.0103, ""reg_alpha"": 2.6923, ""scale_pos_weight"": 1.302, ""n_estimators"": 1000, ""max_bin"": 63, ""n_jobs"": -1, ""verbose"": -1}"
0,0.125,0.25938009787928223,0.20176991150442478,0.11051485378463763,1,1.3,16384,0.03931,0.0504,2.7099,5.873,"{""num_leaves"": 16384, ""learning_rate"": 0.03931, ""reg_lambda"": 0.0504, ""reg_alpha"": 2.7099, ""scale_pos_weight"": 5.873, ""n_estimators"": 1000, ""max_bin"": 63, ""n_jobs"": -1, ""verbose"": -1}"
0,0.125,0.2609167344724708,0.25938009787928223,0.10168935680769764,29,0.3,4,0.01362,0.013,1.1773,7.036,"{""num_leaves"": 4, ""learning_rate"": 0.01362, ""reg_lambda"": 0.013, ""reg_alpha"": 1.1773, ""scale_pos_weight"": 7.036, ""n_estimators"": 1000, ""max_bin"": 63, ""n_jobs"": -1, ""verbose"": -1}"
0,0.125,0.2672367717797969,0.032667876588021776,0.12707395674845612,11,0.4,32,0.02957,2.8943,1.5776,9.975,"{""num_leaves"": 32, ""learning_rate"": 0.02957, ""reg_lambda"": 2.8943, ""reg_alpha"": 1.5776, ""scale_pos_weight"": 9.975, ""n_estimators"": 1000, ""max_bin"": 63, ""n_jobs"": -1, ""verbose"": -1}"
0,0.125,0.46851385390428213,0.0,0.3341624691665086,5,0.4,4096,0.03375,3.9979,2.225,4.5,"{""num_leaves"": 4096, ""learning_rate"": 0.03375, ""reg_lambda"": 3.9979, ""reg_alpha"": 2.225, ""scale_pos_weight"": 4.5, ""n_estimators"": 1000, ""max_bin"": 63, ""n_jobs"": -1, ""verbose"": -1}"
0,0.125,0.4666666666666667,0.0,0.33816061763324456,65,1.6,16384,0.00504,7.6905,1.8511,3.792,"{""num_leaves"": 16384, ""learning_rate"": 0.00504, ""reg_lambda"": 7.6905, ""reg_alpha"": 1.8511, ""scale_pos_weight"": 3.792, ""n_estimators"": 1000, ""max_bin"": 63, ""n_jobs"": -1, ""verbose"": -1}"
0,0.125,0.4380475594493116,0.28954248366013075,0.37040828900458345,59,0.6,64,0.06827,54.4721,1.5322,6.144,"{""num_leaves"": 64, ""learning_rate"": 0.06827, ""reg_lambda"": 54.4721, ""reg_alpha"": 1.5322, ""scale_pos_weight"": 6.144, ""n_estimators"": 1000, ""max_bin"": 63, ""n_jobs"": -1, ""verbose"": -1}"
0,0.125,0.45095541401273886,0.0,0.33672656292198466,18,0.3,128,0.00961,2.3834,1.4982,4.525,"{""num_leaves"": 128, ""learning_rate"": 0.00961, ""reg_lambda"": 2.3834, ""reg_alpha"": 1.4982, ""scale_pos_weight"": 4.525, ""n_estimators"": 1000, ""max_bin"": 63, ""n_jobs"": -1, ""verbose"": -1}"
0,0.125,0.4719512195121951,0.0,0.34941086163307156,19,0.4,32,0.00693,3.1099,1.125,8.494,"{""num_leaves"": 32, ""learning_rate"": 0.00693, ""reg_lambda"": 3.1099, ""reg_alpha"": 1.125, ""scale_pos_weight"": 8.494, ""n_estimators"": 1000, ""max_bin"": 63, ""n_jobs"": -1, ""verbose"": -1}"
0,0.125,0.25938009787928223,0.2576289495004051,0.125248793367913,3,0.8,8192,0.04793,0.0907,2.7509,1.527,"{""num_leaves"": 8192, ""learning_rate"": 0.04793, ""reg_lambda"": 0.0907, ""reg_alpha"": 2.7509, ""scale_pos_weight"": 1.527, ""n_estimators"": 1000, ""max_bin"": 63, ""n_jobs"": -1, ""verbose"": -1}"
0,0.125,0.4529295589203423,0.0,0.3190053102193073,10,0.4,1024,0.00531,0.6329,2.513,3.076,"{""num_leaves"": 1024, ""learning_rate"": 0.00531, ""reg_lambda"": 0.6329, ""reg_alpha"": 2.513, ""scale_pos_weight"": 3.076, ""n_estimators"": 1000, ""max_bin"": 63, ""n_jobs"": -1, ""verbose"": -1}"
0,0.125,0.4618296529968454,0.0,0.3734082710367255,17,0.3,32,0.00378,0.4152,1.2802,1.817,"{""num_leaves"": 32, ""learning_rate"": 0.00378, ""reg_lambda"": 0.4152, ""reg_alpha"": 1.2802, ""scale_pos_weight"": 1.817, ""n_estimators"": 1000, ""max_bin"": 63, ""n_jobs"": -1, ""verbose"": -1}"
0,0.125,0.43843031123139375,0.0,0.3080305055661393,14,0.4,512,0.00887,4.8751,1.2816,9.479,"{""num_leaves"": 512, ""learning_rate"": 0.00887, ""reg_lambda"": 4.8751, ""reg_alpha"": 1.2816, ""scale_pos_weight"": 9.479, ""n_estimators"": 1000, ""max_bin"": 63, ""n_jobs"": -1, ""verbose"": -1}"
0,0.125,0.46589446589446587,0.25766871165644173,0.3154701452389246,20,0.4,512,0.01116,0.0264,2.081,9.344,"{""num_leaves"": 512, ""learning_rate"": 0.01116, ""reg_lambda"": 0.0264, ""reg_alpha"": 2.081, ""scale_pos_weight"": 9.344, ""n_estimators"": 1000, ""max_bin"": 63, ""n_jobs"": -1, ""verbose"": -1}"
0,0.125,0.2865264354747015,0.10473419730230098,0.11920096078204258,21,0.6,64,0.08548,0.999,1.6533,6.582,"{""num_leaves"": 64, ""learning_rate"": 0.08548, ""reg_lambda"": 0.999, ""reg_alpha"": 1.6533, ""scale_pos_weight"": 6.582, ""n_estimators"": 1000, ""max_bin"": 63, ""n_jobs"": -1, ""verbose"": -1}"
0,0.125,0.45561762880198636,0.26364692218350755,0.38044333297977057,48,0.8,128,0.09832,62.4848,1.7196,7.82,"{""num_leaves"": 128, ""learning_rate"": 0.09832, ""reg_lambda"": 62.4848, ""reg_alpha"": 1.7196, ""scale_pos_weight"": 7.82, ""n_estimators"": 1000, ""max_bin"": 63, ""n_jobs"": -1, ""verbose"": -1}"
0,0.125,0.4627349319507453,0.2704967085577499,0.3843134114608561,105,0.9,64,0.01968,13.9041,1.6337,7.61,"{""num_leaves"": 64, ""learning_rate"": 0.01968, ""reg_lambda"": 13.9041, ""reg_alpha"": 1.6337, ""scale_pos_weight"": 7.61, ""n_estimators"": 1000, ""max_bin"": 63, ""n_jobs"": -1, ""verbose"": -1}"
0,0.125,0.4394037589112119,0.26907630522088355,0.38014122340802514,105,1.0,128,0.03687,53.4858,1.165,7.561,"{""num_leaves"": 128, ""learning_rate"": 0.03687, ""reg_lambda"": 53.4858, ""reg_alpha"": 1.165, ""scale_pos_weight"": 7.561, ""n_estimators"": 1000, ""max_bin"": 63, ""n_jobs"": -1, ""verbose"": -1}"
0,0.125,0.2362735381565907,0.05930584301862761,0.09561646585278664,1,2.0,16384,0.08951,0.0115,2.7113,9.831,"{""num_leaves"": 16384, ""learning_rate"": 0.08951, ""reg_lambda"": 0.0115, ""reg_alpha"": 2.7113, ""scale_pos_weight"": 9.831, ""n_estimators"": 1000, ""max_bin"": 63, ""n_jobs"": -1, ""verbose"": -1}"
0,0.125,0.25938009787928223,0.12486678507992895,0.11094971486222728,1,0.6,8192,0.08626,0.0394,3.0661,9.009,"{""num_leaves"": 8192, ""learning_rate"": 0.08626, ""reg_lambda"": 0.0394, ""reg_alpha"": 3.0661, ""scale_pos_weight"": 9.009, ""n_estimators"": 1000, ""max_bin"": 63, ""n_jobs"": -1, ""verbose"": -1}"
0,0.125,0.2603513174404015,0.21622670807453417,0.14414636297428196,6,0.3,64,0.0166,0.085,2.5288,9.312,"{""num_leaves"": 64, ""learning_rate"": 0.0166, ""reg_lambda"": 0.085, ""reg_alpha"": 2.5288, ""scale_pos_weight"": 9.312, ""n_estimators"": 1000, ""max_bin"": 63, ""n_jobs"": -1, ""verbose"": -1}"
0,0.125,0.44881889763779526,0.0,0.37868596735407134,37,0.5,4096,0.00793,1.4313,1.6864,9.379,"{""num_leaves"": 4096, ""learning_rate"": 0.00793, ""reg_lambda"": 1.4313, ""reg_alpha"": 1.6864, ""scale_pos_weight"": 9.379, ""n_estimators"": 1000, ""max_bin"": 63, ""n_jobs"": -1, ""verbose"": -1}"
0,0.125,0.48757396449704143,0.2677801724137931,0.3475729299646963,69,0.7,1024,0.03963,2.8674,1.0566,7.473,"{""num_leaves"": 1024, ""learning_rate"": 0.03963, ""reg_lambda"": 2.8674, ""reg_alpha"": 1.0566, ""scale_pos_weight"": 7.473, ""n_estimators"": 1000, ""max_bin"": 63, ""n_jobs"": -1, ""verbose"": -1}"
0,0.125,0.25938009787928223,0.0,0.0896052193141589,42,0.3,2,0.00334,10.7598,1.825,9.362,"{""num_leaves"": 2, ""learning_rate"": 0.00334, ""reg_lambda"": 10.7598, ""reg_alpha"": 1.825, ""scale_pos_weight"": 9.362, ""n_estimators"": 1000, ""max_bin"": 63, ""n_jobs"": -1, ""verbose"": -1}"
0,0.125,0.25322713540236197,0.062314264487369986,0.12694548590836882,4,0.2,16,0.05781,0.0185,1.5091,4.873,"{""num_leaves"": 16, ""learning_rate"": 0.05781, ""reg_lambda"": 0.0185, ""reg_alpha"": 1.5091, ""scale_pos_weight"": 4.873, ""n_estimators"": 1000, ""max_bin"": 63, ""n_jobs"": -1, ""verbose"": -1}"
0,0.125,0.44415752098127825,0.347926267281106,0.32281252978683095,54,0.3,2,0.08894,1.7739,1.3704,3.175,"{""num_leaves"": 2, ""learning_rate"": 0.08894, ""reg_lambda"": 1.7739, ""reg_alpha"": 1.3704, ""scale_pos_weight"": 3.175, ""n_estimators"": 1000, ""max_bin"": 63, ""n_jobs"": -1, ""verbose"": -1}"
0,0.125,0.40914158305462656,0.2697881828316611,0.2705051456169455,129,0.5,8,0.0069,0.0315,1.4167,6.275,"{""num_leaves"": 8, ""learning_rate"": 0.0069, ""reg_lambda"": 0.0315, ""reg_alpha"": 1.4167, ""scale_pos_weight"": 6.275, ""n_estimators"": 1000, ""max_bin"": 63, ""n_jobs"": -1, ""verbose"": -1}"
0,0.125,0.4583068109484405,0.0,0.36234489908325407,44,0.8,8192,0.02144,17.3318,1.9259,3.596,"{""num_leaves"": 8192, ""learning_rate"": 0.02144, ""reg_lambda"": 17.3318, ""reg_alpha"": 1.9259, ""scale_pos_weight"": 3.596, ""n_estimators"": 1000, ""max_bin"": 63, ""n_jobs"": -1, ""verbose"": -1}"
0,0.125,0.48537647790914745,0.2713681241184767,0.3829990644884044,98,0.9,128,0.05336,3.2065,3.0196,4.325,"{""num_leaves"": 128, ""learning_rate"": 0.05336, ""reg_lambda"": 3.2065, ""reg_alpha"": 3.0196, ""scale_pos_weight"": 4.325, ""n_estimators"": 1000, ""max_bin"": 63, ""n_jobs"": -1, ""verbose"": -1}"
0,0.125,0.4415935178933153,0.0,0.32309467418209314,15,0.4,64,0.02133,2.3752,2.6648,2.309,"{""num_leaves"": 64, ""learning_rate"": 0.02133, ""reg_lambda"": 2.3752, ""reg_alpha"": 2.6648, ""scale_pos_weight"": 2.309, ""n_estimators"": 1000, ""max_bin"": 63, ""n_jobs"": -1, ""verbose"": -1}"
0,0.125,0.23665631177633437,0.05750276455598827,0.0795638391333867,2,0.5,4096,0.07327,0.0149,2.589,4.738,"{""num_leaves"": 4096, ""learning_rate"": 0.07327, ""reg_lambda"": 0.0149, ""reg_alpha"": 2.589, ""scale_pos_weight"": 4.738, ""n_estimators"": 1000, ""max_bin"": 63, ""n_jobs"": -1, ""verbose"": -1}"
0,0.125,0.2720763723150358,0.21867082440070162,0.12655537497461192,2,0.3,64,0.05555,0.011,1.5448,1.708,"{""num_leaves"": 64, ""learning_rate"": 0.05555, ""reg_lambda"": 0.011, ""reg_alpha"": 1.5448, ""scale_pos_weight"": 1.708, ""n_estimators"": 1000, ""max_bin"": 63, ""n_jobs"": -1, ""verbose"": -1}"
0,0.125,0.460942543576501,0.42896174863387976,0.3825138431861201,193,0.8,16,0.00814,6.4656,2.968,2.141,"{""num_leaves"": 16, ""learning_rate"": 0.00814, ""reg_lambda"": 6.4656, ""reg_alpha"": 2.968, ""scale_pos_weight"": 2.141, ""n_estimators"": 1000, ""max_bin"": 63, ""n_jobs"": -1, ""verbose"": -1}"
0,0.125,0.2706923477355544,0.061875740646690366,0.10665655947866418,1,0.3,1024,0.06269,0.0173,1.5725,4.868,"{""num_leaves"": 1024, ""learning_rate"": 0.06269, ""reg_lambda"": 0.0173, ""reg_alpha"": 1.5725, ""scale_pos_weight"": 4.868, ""n_estimators"": 1000, ""max_bin"": 63, ""n_jobs"": -1, ""verbose"": -1}"
0,0.125,0.40816326530612246,0.31326116373477675,0.34009907022825797,64,0.5,32,0.09219,12.6697,1.4499,3.429,"{""num_leaves"": 32, ""learning_rate"": 0.09219, ""reg_lambda"": 12.6697, ""reg_alpha"": 1.4499, ""scale_pos_weight"": 3.429, ""n_estimators"": 1000, ""max_bin"": 63, ""n_jobs"": -1, ""verbose"": -1}"
0,0.125,0.43599493029150826,0.328,0.38949514208640035,115,0.7,128,0.06233,33.5142,1.8207,4.099,"{""num_leaves"": 128, ""learning_rate"": 0.06233, ""reg_lambda"": 33.5142, ""reg_alpha"": 1.8207, ""scale_pos_weight"": 4.099, ""n_estimators"": 1000, ""max_bin"": 63, ""n_jobs"": -1, ""verbose"": -1}"
0,0.125,0.26058240768537977,0.019891500904159132,0.12864825714533112,13,0.4,512,0.00942,0.0538,2.7622,8.311,"{""num_leaves"": 512, ""learning_rate"": 0.00942, ""reg_lambda"": 0.0538, ""reg_alpha"": 2.7622, ""scale_pos_weight"": 8.311, ""n_estimators"": 1000, ""max_bin"": 63, ""n_jobs"": -1, ""verbose"": -1}"
0,0.125,0.4445859872611465,0.3414851044908848,0.3613534928579856,69,1.8,16384,0.03176,68.1796,2.908,7.734,"{""num_leaves"": 16384, ""learning_rate"": 0.03176, ""reg_lambda"": 68.1796, ""reg_alpha"": 2.908, ""scale_pos_weight"": 7.734, ""n_estimators"": 1000, ""max_bin"": 63, ""n_jobs"": -1, ""verbose"": -1}"
0,0.125,0.47065868263473054,0.014047410008779631,0.29355458003707346,67,0.6,512,0.00743,0.0367,2.1794,7.432,"{""num_leaves"": 512, ""learning_rate"": 0.00743, ""reg_lambda"": 0.0367, ""reg_alpha"": 2.1794, ""scale_pos_weight"": 7.432, ""n_estimators"": 1000, ""max_bin"": 63, ""n_jobs"": -1, ""verbose"": -1}"
0,0.125,0.46900958466453674,0.0,0.3182556891420636,3,0.5,8192,0.00563,0.3821,2.8578,6.053,"{""num_leaves"": 8192, ""learning_rate"": 0.00563, ""reg_lambda"": 0.3821, ""reg_alpha"": 2.8578, ""scale_pos_weight"": 6.053, ""n_estimators"": 1000, ""max_bin"": 63, ""n_jobs"": -1, ""verbose"": -1}"
0,0.125,0.4602346805736636,0.0,0.38702509735892465,74,0.5,1024,0.00618,1.2708,1.8471,1.8,"{""num_leaves"": 1024, ""learning_rate"": 0.00618, ""reg_lambda"": 1.2708, ""reg_alpha"": 1.8471, ""scale_pos_weight"": 1.8, ""n_estimators"": 1000, ""max_bin"": 63, ""n_jobs"": -1, ""verbose"": -1}"
0,0.125,0.3154008438818565,0.21229957377714634,0.24071000070245316,177,1.4,512,0.09395,1.9301,1.0307,7.954,"{""num_leaves"": 512, ""learning_rate"": 0.09395, ""reg_lambda"": 1.9301, ""reg_alpha"": 1.0307, ""scale_pos_weight"": 7.954, ""n_estimators"": 1000, ""max_bin"": 63, ""n_jobs"": -1, ""verbose"": -1}"
0,0.125,0.2622678125866371,0.18858954041204437,0.09656139904356623,2,0.4,2048,0.02426,0.19,1.2644,7.053,"{""num_leaves"": 2048, ""learning_rate"": 0.02426, ""reg_lambda"": 0.19, ""reg_alpha"": 1.2644, ""scale_pos_weight"": 7.053, ""n_estimators"": 1000, ""max_bin"": 63, ""n_jobs"": -1, ""verbose"": -1}"
0,0.125,0.4417831004657352,0.0,0.3327643395364718,42,1.9,16384,0.0062,2.0453,2.0188,9.662,"{""num_leaves"": 16384, ""learning_rate"": 0.0062, ""reg_lambda"": 2.0453, ""reg_alpha"": 2.0188, ""scale_pos_weight"": 9.662, ""n_estimators"": 1000, ""max_bin"": 63, ""n_jobs"": -1, ""verbose"": -1}"
0,0.125,0.4993894993894994,0.2712151113617141,0.40873479356445225,170,0.8,4,0.01778,9.4709,1.2498,4.493,"{""num_leaves"": 4, ""learning_rate"": 0.01778, ""reg_lambda"": 9.4709, ""reg_alpha"": 1.2498, ""scale_pos_weight"": 4.493, ""n_estimators"": 1000, ""max_bin"": 63, ""n_jobs"": -1, ""verbose"": -1}"
0,0.125,0.4746177370030581,0.0,0.34187413576541154,107,0.5,4,0.00393,8.008,1.1298,4.556,"{""num_leaves"": 4, ""learning_rate"": 0.00393, ""reg_lambda"": 8.008, ""reg_alpha"": 1.1298, ""scale_pos_weight"": 4.556, ""n_estimators"": 1000, ""max_bin"": 63, ""n_jobs"": -1, ""verbose"": -1}"
0,0.125,0.45787781350482315,0.27983795574945464,0.3784369998508187,144,2.7,16384,0.01616,44.7186,2.4283,9.238,"{""num_leaves"": 16384, ""learning_rate"": 0.01616, ""reg_lambda"": 44.7186, ""reg_alpha"": 2.4283, ""scale_pos_weight"": 9.238, ""n_estimators"": 1000, ""max_bin"": 63, ""n_jobs"": -1, ""verbose"": -1}"
0,0.125,0.27948243992606286,0.0,0.11768614274072663,32,0.8,8192,0.00491,0.0197,1.1078,8.82,"{""num_leaves"": 8192, ""learning_rate"": 0.00491, ""reg_lambda"": 0.0197, ""reg_alpha"": 1.1078, ""scale_pos_weight"": 8.82, ""n_estimators"": 1000, ""max_bin"": 63, ""n_jobs"": -1, ""verbose"": -1}"
0,0.125,0.37904015670910873,0.25253840145795364,0.16652258549382987,15,0.4,1024,0.01757,0.0451,2.1884,3.862,"{""num_leaves"": 1024, ""learning_rate"": 0.01757, ""reg_lambda"": 0.0451, ""reg_alpha"": 2.1884, ""scale_pos_weight"": 3.862, ""n_estimators"": 1000, ""max_bin"": 63, ""n_jobs"": -1, ""verbose"": -1}"
0,0.125,0.3232533889468196,0.2209795603548014,0.19805395123142022,6,0.4,512,0.03684,0.6941,1.8141,8.107,"{""num_leaves"": 512, ""learning_rate"": 0.03684, ""reg_lambda"": 0.6941, ""reg_alpha"": 1.8141, ""scale_pos_weight"": 8.107, ""n_estimators"": 1000, ""max_bin"": 63, ""n_jobs"": -1, ""verbose"": -1}"
0,0.125,0.2661907190209077,0.2520261437908497,0.212841900951706,10,0.3,16,0.02334,0.0615,2.5468,5.4,"{""num_leaves"": 16, ""learning_rate"": 0.02334, ""reg_lambda"": 0.0615, ""reg_alpha"": 2.5468, ""scale_pos_weight"": 5.4, ""n_estimators"": 1000, ""max_bin"": 63, ""n_jobs"": -1, ""verbose"": -1}"
0,0.125,0.25938009787928223,0.04219178082191781,0.0953254366384195,1,0.3,4,0.09617,0.0539,3.033,8.208,"{""num_leaves"": 4, ""learning_rate"": 0.09617, ""reg_lambda"": 0.0539, ""reg_alpha"": 3.033, ""scale_pos_weight"": 8.208, ""n_estimators"": 1000, ""max_bin"": 63, ""n_jobs"": -1, ""verbose"": -1}"
0,0.125,0.447242206235012,0.05762109317138202,0.2601276061891524,14,0.5,1024,0.05252,2.5787,2.1429,9.223,"{""num_leaves"": 1024, ""learning_rate"": 0.05252, ""reg_lambda"": 2.5787, ""reg_alpha"": 2.1429, ""scale_pos_weight"": 9.223, ""n_estimators"": 1000, ""max_bin"": 63, ""n_jobs"": -1, ""verbose"": -1}"
0,0.125,0.46025641025641023,0.0,0.3496507241177104,140,0.7,128,0.00396,21.8752,1.5743,3.93,"{""num_leaves"": 128, ""learning_rate"": 0.00396, ""reg_lambda"": 21.8752, ""reg_alpha"": 1.5743, ""scale_pos_weight"": 3.93, ""n_estimators"": 1000, ""max_bin"": 63, ""n_jobs"": -1, ""verbose"": -1}"
0,0.125,0.3687089715536105,0.28206850235057085,0.30169892974419427,101,1.0,1024,0.04697,0.8753,1.6485,8.898,"{""num_leaves"": 1024, ""learning_rate"": 0.04697, ""reg_lambda"": 0.8753, ""reg_alpha"": 1.6485, ""scale_pos_weight"": 8.898, ""n_estimators"": 1000, ""max_bin"": 63, ""n_jobs"": -1, ""verbose"": -1}"
0,0.125,0.4551901998710509,0.0,0.3257352104034439,31,1.9,16384,0.00427,6.8183,2.4928,8.193,"{""num_leaves"": 16384, ""learning_rate"": 0.00427, ""reg_lambda"": 6.8183, ""reg_alpha"": 2.4928, ""scale_pos_weight"": 8.193, ""n_estimators"": 1000, ""max_bin"": 63, ""n_jobs"": -1, ""verbose"": -1}"
0,0.125,0.25938009787928223,0.18570306362922231,0.11726233659892621,2,0.5,1024,0.04954,0.0797,1.54,4.757,"{""num_leaves"": 1024, ""learning_rate"": 0.04954, ""reg_lambda"": 0.0797, ""reg_alpha"": 1.54, ""scale_pos_weight"": 4.757, ""n_estimators"": 1000, ""max_bin"": 63, ""n_jobs"": -1, ""verbose"": -1}"
0,0.125,0.46619446233097234,0.25938009787928223,0.3507723292686393,17,0.4,32,0.02052,0.0282,1.6196,1.003,"{""num_leaves"": 32, ""learning_rate"": 0.02052, ""reg_lambda"": 0.0282, ""reg_alpha"": 1.6196, ""scale_pos_weight"": 1.003, ""n_estimators"": 1000, ""max_bin"": 63, ""n_jobs"": -1, ""verbose"": -1}"
0,0.125,0.2411302982731554,0.17342183307442452,0.10336140558385745,2,0.4,128,0.05995,0.036,2.2639,8.39,"{""num_leaves"": 128, ""learning_rate"": 0.05995, ""reg_lambda"": 0.036, ""reg_alpha"": 2.2639, ""scale_pos_weight"": 8.39, ""n_estimators"": 1000, ""max_bin"": 63, ""n_jobs"": -1, ""verbose"": -1}"
0,0.125,0.4776839565741858,0.2581529186078378,0.38551665606681484,36,0.6,2048,0.09392,23.7226,1.6512,9.817,"{""num_leaves"": 2048, ""learning_rate"": 0.09392, ""reg_lambda"": 23.7226, ""reg_alpha"": 1.6512, ""scale_pos_weight"": 9.817, ""n_estimators"": 1000, ""max_bin"": 63, ""n_jobs"": -1, ""verbose"": -1}"
0,0.125,0.46078431372549017,0.0,0.34952537614832274,13,0.4,1024,0.01801,10.3225,2.8693,5.285,"{""num_leaves"": 1024, ""learning_rate"": 0.01801, ""reg_lambda"": 10.3225, ""reg_alpha"": 2.8693, ""scale_pos_weight"": 5.285, ""n_estimators"": 1000, ""max_bin"": 63, ""n_jobs"": -1, ""verbose"": -1}"
0,0.125,0.44841269841269843,0.2379436964504284,0.34003091721143563,40,2.3,16384,0.06247,6.4014,1.4257,7.909,"{""num_leaves"": 16384, ""learning_rate"": 0.06247, ""reg_lambda"": 6.4014, ""reg_alpha"": 1.4257, ""scale_pos_weight"": 7.909, ""n_estimators"": 1000, ""max_bin"": 63, ""n_jobs"": -1, ""verbose"": -1}"
0,0.125,0.33528550512445093,0.0,0.264633841277479,4,0.4,512,0.00437,0.3677,1.1121,5.286,"{""num_leaves"": 512, ""learning_rate"": 0.00437, ""reg_lambda"": 0.3677, ""reg_alpha"": 1.1121, ""scale_pos_weight"": 5.286, ""n_estimators"": 1000, ""max_bin"": 63, ""n_jobs"": -1, ""verbose"": -1}"
0,0.125,0.42857142857142855,0.0,0.320455320524222,7,0.3,256,0.01389,0.4954,1.9828,2.104,"{""num_leaves"": 256, ""learning_rate"": 0.01389, ""reg_lambda"": 0.4954, ""reg_alpha"": 1.9828, ""scale_pos_weight"": 2.104, ""n_estimators"": 1000, ""max_bin"": 63, ""n_jobs"": -1, ""verbose"": -1}"
0,0.125,0.4544319600499376,0.2704646017699115,0.3771354009952858,104,0.8,32,0.03358,19.7299,2.8147,6.25,"{""num_leaves"": 32, ""learning_rate"": 0.03358, ""reg_lambda"": 19.7299, ""reg_alpha"": 2.8147, ""scale_pos_weight"": 6.25, ""n_estimators"": 1000, ""max_bin"": 63, ""n_jobs"": -1, ""verbose"": -1}"
0,0.125,0.4561178731582319,0.0,0.32321322627422944,36,1.9,16384,0.00363,7.0137,1.9446,8.434,"{""num_leaves"": 16384, ""learning_rate"": 0.00363, ""reg_lambda"": 7.0137, ""reg_alpha"": 1.9446, ""scale_pos_weight"": 8.434, ""n_estimators"": 1000, ""max_bin"": 63, ""n_jobs"": -1, ""verbose"": -1}"
0,0.125,0.4693745970341715,0.0,0.3813934209987127,63,0.8,4096,0.05246,97.2839,1.5197,2.539,"{""num_leaves"": 4096, ""learning_rate"": 0.05246, ""reg_lambda"": 97.2839, ""reg_alpha"": 1.5197, ""scale_pos_weight"": 2.539, ""n_estimators"": 1000, ""max_bin"": 63, ""n_jobs"": -1, ""verbose"": -1}"
0,0.125,0.4579858883899936,0.0,0.3317240743876028,22,0.4,256,0.01223,10.2849,1.6797,6.295,"{""num_leaves"": 256, ""learning_rate"": 0.01223, ""reg_lambda"": 10.2849, ""reg_alpha"": 1.6797, ""scale_pos_weight"": 6.295, ""n_estimators"": 1000, ""max_bin"": 63, ""n_jobs"": -1, ""verbose"": -1}"
0,0.125,0.25938009787928223,0.14610161554671036,0.10433086469957426,1,0.4,2048,0.03883,0.1319,1.2688,8.767,"{""num_leaves"": 2048, ""learning_rate"": 0.03883, ""reg_lambda"": 0.1319, ""reg_alpha"": 1.2688, ""scale_pos_weight"": 8.767, ""n_estimators"": 1000, ""max_bin"": 63, ""n_jobs"": -1, ""verbose"": -1}"
0,0.125,0.5153801508995938,0.5140515222482436,0.4160458803616245,94,0.5,4,0.02221,0.867,2.8211,1.774,"{""num_leaves"": 4, ""learning_rate"": 0.02221, ""reg_lambda"": 0.867, ""reg_alpha"": 2.8211, ""scale_pos_weight"": 1.774, ""n_estimators"": 1000, ""max_bin"": 63, ""n_jobs"": -1, ""verbose"": -1}"
0,0.125,0.44577656675749316,0.2593095949986409,0.2665568048514274,61,0.4,8,0.00982,0.0503,2.191,4.265,"{""num_leaves"": 8, ""learning_rate"": 0.00982, ""reg_lambda"": 0.0503, ""reg_alpha"": 2.191, ""scale_pos_weight"": 4.265, ""n_estimators"": 1000, ""max_bin"": 63, ""n_jobs"": -1, ""verbose"": -1}"
0,0.125,0.3916083916083916,0.0,0.29713032680881446,72,0.6,1024,0.00988,59.5266,1.2813,5.61,"{""num_leaves"": 1024, ""learning_rate"": 0.00988, ""reg_lambda"": 59.5266, ""reg_alpha"": 1.2813, ""scale_pos_weight"": 5.61, ""n_estimators"": 1000, ""max_bin"": 63, ""n_jobs"": -1, ""verbose"": -1}"
0,0.125,0.04381513613793856,0.0,0.019986299581992384,9,0.4,256,0.00556,34.1724,2.4931,6.012,"{""num_leaves"": 256, ""learning_rate"": 0.00556, ""reg_lambda"": 34.1724, ""reg_alpha"": 2.4931, ""scale_pos_weight"": 6.012, ""n_estimators"": 1000, ""max_bin"": 63, ""n_jobs"": -1, ""verbose"": -1}"
0,0.125,0.25938009787928223,0.0,0.08950147209080367,15,0.3,2,0.00682,1.7021,1.0374,7.417,"{""num_leaves"": 2, ""learning_rate"": 0.00682, ""reg_lambda"": 1.7021, ""reg_alpha"": 1.0374, ""scale_pos_weight"": 7.417, ""n_estimators"": 1000, ""max_bin"": 63, ""n_jobs"": -1, ""verbose"": -1}"
0,0.125,0.452755905511811,0.0,0.3550484035461054,20,0.5,64,0.02945,2.7884,1.112,3.218,"{""num_leaves"": 64, ""learning_rate"": 0.02945, ""reg_lambda"": 2.7884, ""reg_alpha"": 1.112, ""scale_pos_weight"": 3.218, ""n_estimators"": 1000, ""max_bin"": 63, ""n_jobs"": -1, ""verbose"": -1}"
0,0.125,0.26543878656554715,0.26543878656554715,0.08830838360129747,12,0.5,2048,0.02299,0.3774,3.1339,9.314,"{""num_leaves"": 2048, ""learning_rate"": 0.02299, ""reg_lambda"": 0.3774, ""reg_alpha"": 3.1339, ""scale_pos_weight"": 9.314, ""n_estimators"": 1000, ""max_bin"": 63, ""n_jobs"": -1, ""verbose"": -1}"
0,0.125,0.46619446233097234,0.0,0.29335928747954726,31,0.3,2,0.02426,6.0934,1.1937,3.813,"{""num_leaves"": 2, ""learning_rate"": 0.02426, ""reg_lambda"": 6.0934, ""reg_alpha"": 1.1937, ""scale_pos_weight"": 3.813, ""n_estimators"": 1000, ""max_bin"": 63, ""n_jobs"": -1, ""verbose"": -1}"
0,0.125,0.4665391969407266,0.2800707547169811,0.3933653576128735,186,0.8,8,0.03749,40.2191,1.5047,3.15,"{""num_leaves"": 8, ""learning_rate"": 0.03749, ""reg_lambda"": 40.2191, ""reg_alpha"": 1.5047, ""scale_pos_weight"": 3.15, ""n_estimators"": 1000, ""max_bin"": 63, ""n_jobs"": -1, ""verbose"": -1}"
0,0.125,0.46143790849673205,0.0,0.32544775793059766,3,0.5,4096,0.02385,0.806,1.3662,1.654,"{""num_leaves"": 4096, ""learning_rate"": 0.02385, ""reg_lambda"": 0.806, ""reg_alpha"": 1.3662, ""scale_pos_weight"": 1.654, ""n_estimators"": 1000, ""max_bin"": 63, ""n_jobs"": -1, ""verbose"": -1}"
0,0.125,0.4665391969407266,0.0,0.34305435318650823,31,0.5,4096,0.00336,2.0887,1.2695,9.78,"{""num_leaves"": 4096, ""learning_rate"": 0.00336, ""reg_lambda"": 2.0887, ""reg_alpha"": 1.2695, ""scale_pos_weight"": 9.78, ""n_estimators"": 1000, ""max_bin"": 63, ""n_jobs"": -1, ""verbose"": -1}"
0,0.125,0.46619446233097234,0.25938009787928223,0.31305324856956473,3,1.9,16384,0.01507,0.379,1.3299,7.739,"{""num_leaves"": 16384, ""learning_rate"": 0.01507, ""reg_lambda"": 0.379, ""reg_alpha"": 1.3299, ""scale_pos_weight"": 7.739, ""n_estimators"": 1000, ""max_bin"": 63, ""n_jobs"": -1, ""verbose"": -1}"
0,0.125,0.5116836428999401,0.3285863146926016,0.41255794040063687,95,0.5,4,0.02921,7.9989,1.1235,4.175,"{""num_leaves"": 4, ""learning_rate"": 0.02921, ""reg_lambda"": 7.9989, ""reg_alpha"": 1.1235, ""scale_pos_weight"": 4.175, ""n_estimators"": 1000, ""max_bin"": 63, ""n_jobs"": -1, ""verbose"": -1}"
0,0.125,0.2967914438502674,0.1795533951086131,0.16529962252711963,55,0.5,1024,0.01381,0.0145,1.2737,9.505,"{""num_leaves"": 1024, ""learning_rate"": 0.01381, ""reg_lambda"": 0.0145, ""reg_alpha"": 1.2737, ""scale_pos_weight"": 9.505, ""n_estimators"": 1000, ""max_bin"": 63, ""n_jobs"": -1, ""verbose"": -1}"
0,0.125,0.46025641025641023,0.0,0.3597229168945043,150,0.7,256,0.00554,25.5982,2.5873,4.522,"{""num_leaves"": 256, ""learning_rate"": 0.00554, ""reg_lambda"": 25.5982, ""reg_alpha"": 2.5873, ""scale_pos_weight"": 4.522, ""n_estimators"": 1000, ""max_bin"": 63, ""n_jobs"": -1, ""verbose"": -1}"
0,0.125,0.4631322364411944,0.20501822860819216,0.29135098947304405,27,0.3,2,0.05445,5.2814,2.6309,7.818,"{""num_leaves"": 2, ""learning_rate"": 0.05445, ""reg_lambda"": 5.2814, ""reg_alpha"": 2.6309, ""scale_pos_weight"": 7.818, ""n_estimators"": 1000, ""max_bin"": 63, ""n_jobs"": -1, ""verbose"": -1}"
0,0.125,0.4607397793640493,0.41365257259296995,0.4010292114088648,194,1.3,128,0.03443,44.8638,2.5893,2.612,"{""num_leaves"": 128, ""learning_rate"": 0.03443, ""reg_lambda"": 44.8638, ""reg_alpha"": 2.5893, ""scale_pos_weight"": 2.612, ""n_estimators"": 1000, ""max_bin"": 63, ""n_jobs"": -1, ""verbose"": -1}"
0,0.125,0.44642857142857145,0.0,0.3464458540576001,21,0.4,256,0.00427,0.5052,1.6011,2.82,"{""num_leaves"": 256, ""learning_rate"": 0.00427, ""reg_lambda"": 0.5052, ""reg_alpha"": 1.6011, ""scale_pos_weight"": 2.82, ""n_estimators"": 1000, ""max_bin"": 63, ""n_jobs"": -1, ""verbose"": -1}"
0,0.125,0.25938009787928223,0.10169751901067671,0.10175402081989138,1,0.5,2048,0.0807,0.0239,1.029,3.906,"{""num_leaves"": 2048, ""learning_rate"": 0.0807, ""reg_lambda"": 0.0239, ""reg_alpha"": 1.029, ""scale_pos_weight"": 3.906, ""n_estimators"": 1000, ""max_bin"": 63, ""n_jobs"": -1, ""verbose"": -1}"
0,0.125,0.45849297573435505,0.0,0.35838619775757974,100,0.8,256,0.00789,21.027,1.244,6.277,"{""num_leaves"": 256, ""learning_rate"": 0.00789, ""reg_lambda"": 21.027, ""reg_alpha"": 1.244, ""scale_pos_weight"": 6.277, ""n_estimators"": 1000, ""max_bin"": 63, ""n_jobs"": -1, ""verbose"": -1}"
0,0.125,0.4505289359054138,0.25131164742917106,0.32856310423019,40,2.3,16384,0.08662,7.346,3.0935,6.171,"{""num_leaves"": 16384, ""learning_rate"": 0.08662, ""reg_lambda"": 7.346, ""reg_alpha"": 3.0935, ""scale_pos_weight"": 6.171, ""n_estimators"": 1000, ""max_bin"": 63, ""n_jobs"": -1, ""verbose"": -1}"
0,0.125,0.45569620253164556,0.3340398473929631,0.35053906153008807,22,0.4,1024,0.05696,12.9716,2.7884,6.683,"{""num_leaves"": 1024, ""learning_rate"": 0.05696, ""reg_lambda"": 12.9716, ""reg_alpha"": 2.7884, ""scale_pos_weight"": 6.683, ""n_estimators"": 1000, ""max_bin"": 63, ""n_jobs"": -1, ""verbose"": -1}"
0,0.125,0.4203480589022758,0.0018467220683287165,0.3512640530037492,30,1.9,16384,0.01083,1.2976,1.3213,7.998,"{""num_leaves"": 16384, ""learning_rate"": 0.01083, ""reg_lambda"": 1.2976, ""reg_alpha"": 1.3213, ""scale_pos_weight"": 7.998, ""n_estimators"": 1000, ""max_bin"": 63, ""n_jobs"": -1, ""verbose"": -1}"
0,0.125,0.42950108459869846,0.21348314606741572,0.2682925438500765,113,0.7,8,0.02322,1.3919,2.1839,7.844,"{""num_leaves"": 8, ""learning_rate"": 0.02322, ""reg_lambda"": 1.3919, ""reg_alpha"": 2.1839, ""scale_pos_weight"": 7.844, ""n_estimators"": 1000, ""max_bin"": 63, ""n_jobs"": -1, ""verbose"": -1}"
0,0.125,0.4930006086427267,0.45568243610657966,0.39750580540334063,267,0.9,8,0.00462,3.1606,1.6324,6.528,"{""num_leaves"": 8, ""learning_rate"": 0.00462, ""reg_lambda"": 3.1606, ""reg_alpha"": 1.6324, ""scale_pos_weight"": 6.528, ""n_estimators"": 1000, ""max_bin"": 63, ""n_jobs"": -1, ""verbose"": -1}"
0,0.125,0.4306864064602961,0.31940422010757136,0.36635439701186673,60,0.6,2048,0.02389,8.5417,1.84,5.166,"{""num_leaves"": 2048, ""learning_rate"": 0.02389, ""reg_lambda"": 8.5417, ""reg_alpha"": 1.84, ""scale_pos_weight"": 5.166, ""n_estimators"": 1000, ""max_bin"": 63, ""n_jobs"": -1, ""verbose"": -1}"
0,0.125,0.38801422041645506,0.005939123979213066,0.21450345048719466,52,0.5,1024,0.00851,0.0825,2.2423,7.261,"{""num_leaves"": 1024, ""learning_rate"": 0.00851, ""reg_lambda"": 0.0825, ""reg_alpha"": 2.2423, ""scale_pos_weight"": 7.261, ""n_estimators"": 1000, ""max_bin"": 63, ""n_jobs"": -1, ""verbose"": -1}"
0,0.125,0.07330112059216613,0.06561012195917303,0.03202509017201588,7,0.3,8,0.09073,4.8373,1.8634,8.571,"{""num_leaves"": 8, ""learning_rate"": 0.09073, ""reg_lambda"": 4.8373, ""reg_alpha"": 1.8634, ""scale_pos_weight"": 8.571, ""n_estimators"": 1000, ""max_bin"": 63, ""n_jobs"": -1, ""verbose"": -1}"
0,0.125,0.4752116082224909,0.34019417475728153,0.3938444122391206,95,0.5,8,0.01697,0.8013,1.3695,2.405,"{""num_leaves"": 8, ""learning_rate"": 0.01697, ""reg_lambda"": 0.8013, ""reg_alpha"": 1.3695, ""scale_pos_weight"": 2.405, ""n_estimators"": 1000, ""max_bin"": 63, ""n_jobs"": -1, ""verbose"": -1}"
0,0.125,0.44527363184079605,0.2549713974393898,0.2841029352178904,23,0.4,128,0.05837,5.1427,1.5514,6.181,"{""num_leaves"": 128, ""learning_rate"": 0.05837, ""reg_lambda"": 5.1427, ""reg_alpha"": 1.5514, ""scale_pos_weight"": 6.181, ""n_estimators"": 1000, ""max_bin"": 63, ""n_jobs"": -1, ""verbose"": -1}"
0,0.125,0.4625445897740785,0.0,0.36399395510378885,86,0.6,1024,0.02214,55.7525,1.5847,2.483,"{""num_leaves"": 1024, ""learning_rate"": 0.02214, ""reg_lambda"": 55.7525, ""reg_alpha"": 1.5847, ""scale_pos_weight"": 2.483, ""n_estimators"": 1000, ""max_bin"": 63, ""n_jobs"": -1, ""verbose"": -1}"
0,0.125,0.2738126824091271,0.05882818685669042,0.10979376762264026,1,0.3,512,0.06952,0.0156,1.2798,6.727,"{""num_leaves"": 512, ""learning_rate"": 0.06952, ""reg_lambda"": 0.0156, ""reg_alpha"": 1.2798, ""scale_pos_weight"": 6.727, ""n_estimators"": 1000, ""max_bin"": 63, ""n_jobs"": -1, ""verbose"": -1}"
0,0.125,0.4375,0.4321223709369025,0.3659130002812985,41,0.8,8192,0.04822,2.6716,1.2702,2.059,"{""num_leaves"": 8192, ""learning_rate"": 0.04822, ""reg_lambda"": 2.6716, ""reg_alpha"": 1.2702, ""scale_pos_weight"": 2.059, ""n_estimators"": 1000, ""max_bin"": 63, ""n_jobs"": -1, ""verbose"": -1}"
0,0.125,0.25938009787928223,0.1761045426260112,0.10493923368527672,1,1.5,16384,0.05288,0.0738,1.1138,5.959,"{""num_leaves"": 16384, ""learning_rate"": 0.05288, ""reg_lambda"": 0.0738, ""reg_alpha"": 1.1138, ""scale_pos_weight"": 5.959, ""n_estimators"": 1000, ""max_bin"": 63, ""n_jobs"": -1, ""verbose"": -1}"
0,0.125,0.2596026490066225,0.0,0.11142225523854031,17,0.3,256,0.00613,0.0186,2.4485,8.391,"{""num_leaves"": 256, ""learning_rate"": 0.00613, ""reg_lambda"": 0.0186, ""reg_alpha"": 2.4485, ""scale_pos_weight"": 8.391, ""n_estimators"": 1000, ""max_bin"": 63, ""n_jobs"": -1, ""verbose"": -1}"
0,0.125,0.46953175112251444,0.0,0.3545251339905833,48,0.5,4096,0.00873,0.1284,1.5377,6.192,"{""num_leaves"": 4096, ""learning_rate"": 0.00873, ""reg_lambda"": 0.1284, ""reg_alpha"": 1.5377, ""scale_pos_weight"": 6.192, ""n_estimators"": 1000, ""max_bin"": 63, ""n_jobs"": -1, ""verbose"": -1}"
0,0.125,0.3627659574468085,0.26225234619395205,0.1979643407012256,44,0.6,64,0.01958,0.2639,2.1006,7.082,"{""num_leaves"": 64, ""learning_rate"": 0.01958, ""reg_lambda"": 0.2639, ""reg_alpha"": 2.1006, ""scale_pos_weight"": 7.082, ""n_estimators"": 1000, ""max_bin"": 63, ""n_jobs"": -1, ""verbose"": -1}"
0,0.125,0.4557779212395094,0.4516971279373368,0.3819256642378045,106,0.8,512,0.01205,3.1305,1.9954,4.063,"{""num_leaves"": 512, ""learning_rate"": 0.01205, ""reg_lambda"": 3.1305, ""reg_alpha"": 1.9954, ""scale_pos_weight"": 4.063, ""n_estimators"": 1000, ""max_bin"": 63, ""n_jobs"": -1, ""verbose"": -1}"
0,0.125,0.4327645051194539,0.0,0.32119250383617437,10,0.4,256,0.00901,1.524,2.042,6.497,"{""num_leaves"": 256, ""learning_rate"": 0.00901, ""reg_lambda"": 1.524, ""reg_alpha"": 2.042, ""scale_pos_weight"": 6.497, ""n_estimators"": 1000, ""max_bin"": 63, ""n_jobs"": -1, ""verbose"": -1}"
0,0.125,0.47946045370938073,0.3843364757070341,0.40557705421634216,81,1.4,8192,0.02232,87.7159,1.6586,8.587,"{""num_leaves"": 8192, ""learning_rate"": 0.02232, ""reg_lambda"": 87.7159, ""reg_alpha"": 1.6586, ""scale_pos_weight"": 8.587, ""n_estimators"": 1000, ""max_bin"": 63, ""n_jobs"": -1, ""verbose"": -1}"
0,0.125,0.4635838150289017,0.0,0.36834937121359806,264,1.4,64,0.00419,31.6893,2.961,3.357,"{""num_leaves"": 64, ""learning_rate"": 0.00419, ""reg_lambda"": 31.6893, ""reg_alpha"": 2.961, ""scale_pos_weight"": 3.357, ""n_estimators"": 1000, ""max_bin"": 63, ""n_jobs"": -1, ""verbose"": -1}"
0,0.125,0.32328560663149963,0.21296296296296297,0.166048416375062,27,0.4,256,0.01677,0.0538,3.0627,9.079,"{""num_leaves"": 256, ""learning_rate"": 0.01677, ""reg_lambda"": 0.0538, ""reg_alpha"": 3.0627, ""scale_pos_weight"": 9.079, ""n_estimators"": 1000, ""max_bin"": 63, ""n_jobs"": -1, ""verbose"": -1}"
0,0.125,0.09465381244522349,0.04219178082191781,0.06179893674060014,3,0.2,2,0.0873,2.603,1.8299,8.494,"{""num_leaves"": 2, ""learning_rate"": 0.0873, ""reg_lambda"": 2.603, ""reg_alpha"": 1.8299, ""scale_pos_weight"": 8.494, ""n_estimators"": 1000, ""max_bin"": 63, ""n_jobs"": -1, ""verbose"": -1}"
0,0.125,0.47764849969381507,0.425414364640884,0.3814033929834498,213,0.7,8,0.00746,54.5939,1.6806,7.962,"{""num_leaves"": 8, ""learning_rate"": 0.00746, ""reg_lambda"": 54.5939, ""reg_alpha"": 1.6806, ""scale_pos_weight"": 7.962, ""n_estimators"": 1000, ""max_bin"": 63, ""n_jobs"": -1, ""verbose"": -1}"
0,0.125,0.33195449844881075,0.23794642857142856,0.22839156901125618,31,0.4,1024,0.01784,0.0541,1.4289,6.17,"{""num_leaves"": 1024, ""learning_rate"": 0.01784, ""reg_lambda"": 0.0541, ""reg_alpha"": 1.4289, ""scale_pos_weight"": 6.17, ""n_estimators"": 1000, ""max_bin"": 63, ""n_jobs"": -1, ""verbose"": -1}"
0,0.125,0.41289437585733885,0.0,0.3220582391021513,148,0.5,8,0.00332,0.544,2.4181,6.527,"{""num_leaves"": 8, ""learning_rate"": 0.00332, ""reg_lambda"": 0.544, ""reg_alpha"": 2.4181, ""scale_pos_weight"": 6.527, ""n_estimators"": 1000, ""max_bin"": 63, ""n_jobs"": -1, ""verbose"": -1}"
0,0.125,0.4620253164556962,0.43843031123139375,0.3703811755874899,95,0.4,8,0.00969,7.3954,1.7677,9.996,"{""num_leaves"": 8, ""learning_rate"": 0.00969, ""reg_lambda"": 7.3954, ""reg_alpha"": 1.7677, ""scale_pos_weight"": 9.996, ""n_estimators"": 1000, ""max_bin"": 63, ""n_jobs"": -1, ""verbose"": -1}"
0,0.125,0.25938009787928223,0.2248234106962664,0.10033686366147015,3,0.7,8192,0.05571,0.1092,1.2151,2.794,"{""num_leaves"": 8192, ""learning_rate"": 0.05571, ""reg_lambda"": 0.1092, ""reg_alpha"": 1.2151, ""scale_pos_weight"": 2.794, ""n_estimators"": 1000, ""max_bin"": 63, ""n_jobs"": -1, ""verbose"": -1}"
0,0.125,0.27251516565562295,0.2704691812327507,0.15465764984118183,57,0.7,2048,0.01407,1.1184,1.2746,8.02,"{""num_leaves"": 2048, ""learning_rate"": 0.01407, ""reg_lambda"": 1.1184, ""reg_alpha"": 1.2746, ""scale_pos_weight"": 8.02, ""n_estimators"": 1000, ""max_bin"": 63, ""n_jobs"": -1, ""verbose"": -1}"
0,0.125,0.25938009787928223,0.0,0.08965697592735435,27,0.4,2,0.00942,1.0771,2.001,7.501,"{""num_leaves"": 2, ""learning_rate"": 0.00942, ""reg_lambda"": 1.0771, ""reg_alpha"": 2.001, ""scale_pos_weight"": 7.501, ""n_estimators"": 1000, ""max_bin"": 63, ""n_jobs"": -1, ""verbose"": -1}"
0,0.125,0.29682242990654206,0.0,0.11701205273389291,15,0.8,8192,0.00526,0.1329,2.3337,6.114,"{""num_leaves"": 8192, ""learning_rate"": 0.00526, ""reg_lambda"": 0.1329, ""reg_alpha"": 2.3337, ""scale_pos_weight"": 6.114, ""n_estimators"": 1000, ""max_bin"": 63, ""n_jobs"": -1, ""verbose"": -1}"
0,0.125,0.3733463988241058,0.0,0.18219961758889858,10,2.3,16384,0.01485,0.4231,1.4461,3.082,"{""num_leaves"": 16384, ""learning_rate"": 0.01485, ""reg_lambda"": 0.4231, ""reg_alpha"": 1.4461, ""scale_pos_weight"": 3.082, ""n_estimators"": 1000, ""max_bin"": 63, ""n_jobs"": -1, ""verbose"": -1}"
0,0.125,0.31600660066006603,0.24486024486024485,0.18587414910763636,13,0.9,8192,0.02993,0.1145,2.7072,3.436,"{""num_leaves"": 8192, ""learning_rate"": 0.02993, ""reg_lambda"": 0.1145, ""reg_alpha"": 2.7072, ""scale_pos_weight"": 3.436, ""n_estimators"": 1000, ""max_bin"": 63, ""n_jobs"": -1, ""verbose"": -1}"
0,0.125,0.4465366509751177,0.0,0.3321542352376762,13,0.4,256,0.0225,3.2646,2.8103,2.53,"{""num_leaves"": 256, ""learning_rate"": 0.0225, ""reg_lambda"": 3.2646, ""reg_alpha"": 2.8103, ""scale_pos_weight"": 2.53, ""n_estimators"": 1000, ""max_bin"": 63, ""n_jobs"": -1, ""verbose"": -1}"
0,0.125,0.27823240589198034,0.0,0.11585615333225577,29,0.5,1024,0.00531,0.0307,1.1155,5.808,"{""num_leaves"": 1024, ""learning_rate"": 0.00531, ""reg_lambda"": 0.0307, ""reg_alpha"": 1.1155, ""scale_pos_weight"": 5.808, ""n_estimators"": 1000, ""max_bin"": 63, ""n_jobs"": -1, ""verbose"": -1}"
0,0.125,0.2738126824091271,0.05957311245619624,0.11160998852877507,1,0.4,256,0.05138,0.0123,1.5616,5.259,"{""num_leaves"": 256, ""learning_rate"": 0.05138, ""reg_lambda"": 0.0123, ""reg_alpha"": 1.5616, ""scale_pos_weight"": 5.259, ""n_estimators"": 1000, ""max_bin"": 63, ""n_jobs"": -1, ""verbose"": -1}"
0,0.125,0.33819241982507287,0.0,0.25611019256125717,5,0.3,8,0.00668,0.2652,1.3157,3.536,"{""num_leaves"": 8, ""learning_rate"": 0.00668, ""reg_lambda"": 0.2652, ""reg_alpha"": 1.3157, ""scale_pos_weight"": 3.536, ""n_estimators"": 1000, ""max_bin"": 63, ""n_jobs"": -1, ""verbose"": -1}"
0,0.125,0.351555136663525,0.0,0.1776757142553675,6,0.4,128,0.01336,0.3495,2.0393,6.977,"{""num_leaves"": 128, ""learning_rate"": 0.01336, ""reg_lambda"": 0.3495, ""reg_alpha"": 2.0393, ""scale_pos_weight"": 6.977, ""n_estimators"": 1000, ""max_bin"": 63, ""n_jobs"": -1, ""verbose"": -1}"
0,0.125,0.25938009787928223,0.1089506932480105,0.10995699796597694,1,0.8,8192,0.03093,0.0218,1.973,7.623,"{""num_leaves"": 8192, ""learning_rate"": 0.03093, ""reg_lambda"": 0.0218, ""reg_alpha"": 1.973, ""scale_pos_weight"": 7.623, ""n_estimators"": 1000, ""max_bin"": 63, ""n_jobs"": -1, ""verbose"": -1}"
0,0.125,0.26096372495939363,0.2264,0.17382900658090095,8,0.4,32,0.02414,0.0333,1.1247,3.907,"{""num_leaves"": 32, ""learning_rate"": 0.02414, ""reg_lambda"": 0.0333, ""reg_alpha"": 1.1247, ""scale_pos_weight"": 3.907, ""n_estimators"": 1000, ""max_bin"": 63, ""n_jobs"": -1, ""verbose"": -1}"
0,0.125,0.265625,0.11402181702364839,0.08722197941172151,4,0.6,4096,0.07786,0.7771,2.8105,5.137,"{""num_leaves"": 4096, ""learning_rate"": 0.07786, ""reg_lambda"": 0.7771, ""reg_alpha"": 2.8105, ""scale_pos_weight"": 5.137, ""n_estimators"": 1000, ""max_bin"": 63, ""n_jobs"": -1, ""verbose"": -1}"
0,0.125,0.4746987951807229,0.4044943820224719,0.38008293015020145,46,0.5,32,0.01689,6.8361,1.4636,9.009,"{""num_leaves"": 32, ""learning_rate"": 0.01689, ""reg_lambda"": 6.8361, ""reg_alpha"": 1.4636, ""scale_pos_weight"": 9.009, ""n_estimators"": 1000, ""max_bin"": 63, ""n_jobs"": -1, ""verbose"": -1}"
0,0.125,0.3787450537026569,0.3291249455811929,0.2198278322137305,60,0.6,2048,0.00792,0.0106,2.3087,7.089,"{""num_leaves"": 2048, ""learning_rate"": 0.00792, ""reg_lambda"": 0.0106, ""reg_alpha"": 2.3087, ""scale_pos_weight"": 7.089, ""n_estimators"": 1000, ""max_bin"": 63, ""n_jobs"": -1, ""verbose"": -1}"
0,0.125,0.4353826850690088,0.2708095781071836,0.35266419885248523,65,0.5,4,0.03397,2.2134,1.1654,7.023,"{""num_leaves"": 4, ""learning_rate"": 0.03397, ""reg_lambda"": 2.2134, ""reg_alpha"": 1.1654, ""scale_pos_weight"": 7.023, ""n_estimators"": 1000, ""max_bin"": 63, ""n_jobs"": -1, ""verbose"": -1}"
0,0.125,0.3743427970557308,0.0,0.25142759274175364,12,0.4,1024,0.00324,0.0539,1.6452,4.405,"{""num_leaves"": 1024, ""learning_rate"": 0.00324, ""reg_lambda"": 0.0539, ""reg_alpha"": 1.6452, ""scale_pos_weight"": 4.405, ""n_estimators"": 1000, ""max_bin"": 63, ""n_jobs"": -1, ""verbose"": -1}"
0,0.125,0.45843520782396086,0.0,0.33224425216011577,7,2.1,16384,0.01382,3.1223,1.5666,7.376,"{""num_leaves"": 16384, ""learning_rate"": 0.01382, ""reg_lambda"": 3.1223, ""reg_alpha"": 1.5666, ""scale_pos_weight"": 7.376, ""n_estimators"": 1000, ""max_bin"": 63, ""n_jobs"": -1, ""verbose"": -1}"
0,0.125,0.4839586731919521,0.014598540145985401,0.3110825237702662,68,0.5,4,0.00702,0.0376,2.3821,7.019,"{""num_leaves"": 4, ""learning_rate"": 0.00702, ""reg_lambda"": 0.0376, ""reg_alpha"": 2.3821, ""scale_pos_weight"": 7.019, ""n_estimators"": 1000, ""max_bin"": 63, ""n_jobs"": -1, ""verbose"": -1}"
0,0.125,0.46065259117082535,0.0,0.3409509901938132,86,0.6,256,0.00507,4.5158,2.3849,2.475,"{""num_leaves"": 256, ""learning_rate"": 0.00507, ""reg_lambda"": 4.5158, ""reg_alpha"": 2.3849, ""scale_pos_weight"": 2.475, ""n_estimators"": 1000, ""max_bin"": 63, ""n_jobs"": -1, ""verbose"": -1}"
0,0.125,0.33094609875612513,0.20844099913867356,0.127424648406059,45,0.7,128,0.03419,0.2646,2.8735,7.764,"{""num_leaves"": 128, ""learning_rate"": 0.03419, ""reg_lambda"": 0.2646, ""reg_alpha"": 2.8735, ""scale_pos_weight"": 7.764, ""n_estimators"": 1000, ""max_bin"": 63, ""n_jobs"": -1, ""verbose"": -1}"
0,0.125,0.2987390882638215,0.2757427170464378,0.24495888864563775,75,0.5,2,0.08073,0.0126,1.2606,3.177,"{""num_leaves"": 2, ""learning_rate"": 0.08073, ""reg_lambda"": 0.0126, ""reg_alpha"": 1.2606, ""scale_pos_weight"": 3.177, ""n_estimators"": 1000, ""max_bin"": 63, ""n_jobs"": -1, ""verbose"": -1}"
0,0.125,0.4887810794420861,0.27150837988826815,0.4065057552355974,57,0.6,16,0.03964,1.2725,1.728,3.003,"{""num_leaves"": 16, ""learning_rate"": 0.03964, ""reg_lambda"": 1.2725, ""reg_alpha"": 1.728, ""scale_pos_weight"": 3.003, ""n_estimators"": 1000, ""max_bin"": 63, ""n_jobs"": -1, ""verbose"": -1}"
0,0.125,0.34860557768924305,0.0,0.18968912403409915,71,0.7,128,0.00474,0.0976,2.5417,5.059,"{""num_leaves"": 128, ""learning_rate"": 0.00474, ""reg_lambda"": 0.0976, ""reg_alpha"": 2.5417, ""scale_pos_weight"": 5.059, ""n_estimators"": 1000, ""max_bin"": 63, ""n_jobs"": -1, ""verbose"": -1}"
0,0.125,0.4397068620919387,0.34552666372851476,0.3584094050835473,44,0.7,2048,0.06535,2.5507,2.4939,2.687,"{""num_leaves"": 2048, ""learning_rate"": 0.06535, ""reg_lambda"": 2.5507, ""reg_alpha"": 2.4939, ""scale_pos_weight"": 2.687, ""n_estimators"": 1000, ""max_bin"": 63, ""n_jobs"": -1, ""verbose"": -1}"
0,0.125,0.436046511627907,0.009140767824497258,0.35314060211054976,49,2.3,16384,0.01162,0.948,1.7438,8.402,"{""num_leaves"": 16384, ""learning_rate"": 0.01162, ""reg_lambda"": 0.948, ""reg_alpha"": 1.7438, ""scale_pos_weight"": 8.402, ""n_estimators"": 1000, ""max_bin"": 63, ""n_jobs"": -1, ""verbose"": -1}"
0,0.125,0.04333492848407508,0.0,0.01902829127111345,21,0.4,32,0.00575,25.465,2.7902,1.68,"{""num_leaves"": 32, ""learning_rate"": 0.00575, ""reg_lambda"": 25.465, ""reg_alpha"": 2.7902, ""scale_pos_weight"": 1.68, ""n_estimators"": 1000, ""max_bin"": 63, ""n_jobs"": -1, ""verbose"": -1}"
0,0.125,0.4126315789473684,0.0,0.3741949942727663,55,0.5,64,0.00869,0.4008,3.0586,1.643,"{""num_leaves"": 64, ""learning_rate"": 0.00869, ""reg_lambda"": 0.4008, ""reg_alpha"": 3.0586, ""scale_pos_weight"": 1.643, ""n_estimators"": 1000, ""max_bin"": 63, ""n_jobs"": -1, ""verbose"": -1}"
0,0.125,0.49049662783568365,0.3738237810094098,0.3555662526284525,105,0.5,2,0.04698,0.7974,1.1848,4.295,"{""num_leaves"": 2, ""learning_rate"": 0.04698, ""reg_lambda"": 0.7974, ""reg_alpha"": 1.1848, ""scale_pos_weight"": 4.295, ""n_estimators"": 1000, ""max_bin"": 63, ""n_jobs"": -1, ""verbose"": -1}"
0,0.125,0.3964179104477612,0.32827004219409284,0.2432910125144401,95,0.7,64,0.00733,0.1505,1.6435,9.66,"{""num_leaves"": 64, ""learning_rate"": 0.00733, ""reg_lambda"": 0.1505, ""reg_alpha"": 1.6435, ""scale_pos_weight"": 9.66, ""n_estimators"": 1000, ""max_bin"": 63, ""n_jobs"": -1, ""verbose"": -1}"
0,0.125,0.04296649930035394,0.0,0.01899726881268085,23,0.4,64,0.01543,63.1742,1.0592,1.595,"{""num_leaves"": 64, ""learning_rate"": 0.01543, ""reg_lambda"": 63.1742, ""reg_alpha"": 1.0592, ""scale_pos_weight"": 1.595, ""n_estimators"": 1000, ""max_bin"": 63, ""n_jobs"": -1, ""verbose"": -1}"
0,0.125,0.25995694294940797,0.19381633594831565,0.09876203212760831,2,0.4,64,0.03154,0.076,1.9609,8.158,"{""num_leaves"": 64, ""learning_rate"": 0.03154, ""reg_lambda"": 0.076, ""reg_alpha"": 1.9609, ""scale_pos_weight"": 8.158, ""n_estimators"": 1000, ""max_bin"": 63, ""n_jobs"": -1, ""verbose"": -1}"
0,0.125,0.25938009787928223,0.0,0.08950147209080367,16,0.4,2,0.00995,0.0961,2.3198,5.283,"{""num_leaves"": 2, ""learning_rate"": 0.00995, ""reg_lambda"": 0.0961, ""reg_alpha"": 2.3198, ""scale_pos_weight"": 5.283, ""n_estimators"": 1000, ""max_bin"": 63, ""n_jobs"": -1, ""verbose"": -1}"
0,0.125,0.4564102564102564,0.0,0.3253278909674472,62,0.5,256,0.00428,8.8853,2.7015,9.013,"{""num_leaves"": 256, ""learning_rate"": 0.00428, ""reg_lambda"": 8.8853, ""reg_alpha"": 2.7015, ""scale_pos_weight"": 9.013, ""n_estimators"": 1000, ""max_bin"": 63, ""n_jobs"": -1, ""verbose"": -1}"
0,0.125,0.3498190591073583,0.24858757062146894,0.20913369206977064,18,0.4,8,0.01841,0.0411,1.32,5.082,"{""num_leaves"": 8, ""learning_rate"": 0.01841, ""reg_lambda"": 0.0411, ""reg_alpha"": 1.32, ""scale_pos_weight"": 5.082, ""n_estimators"": 1000, ""max_bin"": 63, ""n_jobs"": -1, ""verbose"": -1}"
0,0.125,0.26830631637786473,0.2155023923444976,0.18725548755960017,21,0.5,128,0.02987,0.125,2.4011,4.919,"{""num_leaves"": 128, ""learning_rate"": 0.02987, ""reg_lambda"": 0.125, ""reg_alpha"": 2.4011, ""scale_pos_weight"": 4.919, ""n_estimators"": 1000, ""max_bin"": 63, ""n_jobs"": -1, ""verbose"": -1}"
0,0.125,0.4214833759590793,0.25938009787928223,0.20937733631274968,3,0.5,4096,0.09422,0.5187,2.6316,1.131,"{""num_leaves"": 4096, ""learning_rate"": 0.09422, ""reg_lambda"": 0.5187, ""reg_alpha"": 2.6316, ""scale_pos_weight"": 1.131, ""n_estimators"": 1000, ""max_bin"": 63, ""n_jobs"": -1, ""verbose"": -1}"
0,0.125,0.46838709677419355,0.0,0.3046674834486901,9,0.9,8192,0.01252,0.9909,1.2806,9.366,"{""num_leaves"": 8192, ""learning_rate"": 0.01252, ""reg_lambda"": 0.9909, ""reg_alpha"": 1.2806, ""scale_pos_weight"": 9.366, ""n_estimators"": 1000, ""max_bin"": 63, ""n_jobs"": -1, ""verbose"": -1}"
0,0.125,0.4627720504009164,0.4534313725490196,0.3732682689804653,155,1.1,2048,0.0063,1.7634,2.0077,8.726,"{""num_leaves"": 2048, ""learning_rate"": 0.0063, ""reg_lambda"": 1.7634, ""reg_alpha"": 2.0077, ""scale_pos_weight"": 8.726, ""n_estimators"": 1000, ""max_bin"": 63, ""n_jobs"": -1, ""verbose"": -1}"
0,0.125,0.47477064220183485,0.26767151767151764,0.3793079718550481,54,0.4,4,0.05557,1.2462,3.0103,7.449,"{""num_leaves"": 4, ""learning_rate"": 0.05557, ""reg_lambda"": 1.2462, ""reg_alpha"": 3.0103, ""scale_pos_weight"": 7.449, ""n_estimators"": 1000, ""max_bin"": 63, ""n_jobs"": -1, ""verbose"": -1}"
0,0.125,0.4600366076876144,0.0,0.37180551530860445,31,0.5,128,0.07382,58.8088,2.5299,2.101,"{""num_leaves"": 128, ""learning_rate"": 0.07382, ""reg_lambda"": 58.8088, ""reg_alpha"": 2.5299, ""scale_pos_weight"": 2.101, ""n_estimators"": 1000, ""max_bin"": 63, ""n_jobs"": -1, ""verbose"": -1}"
0,0.125,0.3258520365752286,0.25938009787928223,0.13200105730983971,20,0.4,4,0.02657,0.1216,1.5802,2.564,"{""num_leaves"": 4, ""learning_rate"": 0.02657, ""reg_lambda"": 0.1216, ""reg_alpha"": 1.5802, ""scale_pos_weight"": 2.564, ""n_estimators"": 1000, ""max_bin"": 63, ""n_jobs"": -1, ""verbose"": -1}"
0,0.125,0.5148514851485149,0.31371280724450196,0.4267329472198269,79,0.5,4,0.04398,26.1813,1.1887,5.652,"{""num_leaves"": 4, ""learning_rate"": 0.04398, ""reg_lambda"": 26.1813, ""reg_alpha"": 1.1887, ""scale_pos_weight"": 5.652, ""n_estimators"": 1000, ""max_bin"": 63, ""n_jobs"": -1, ""verbose"": -1}"
0,0.125,0.2653669103709721,0.12442797995205927,0.13881367428927416,11,0.7,4096,0.04842,0.7244,2.334,6.095,"{""num_leaves"": 4096, ""learning_rate"": 0.04842, ""reg_lambda"": 0.7244, ""reg_alpha"": 2.334, ""scale_pos_weight"": 6.095, ""n_estimators"": 1000, ""max_bin"": 63, ""n_jobs"": -1, ""verbose"": -1}"
0,0.125,0.21579059374334966,0.19030837004405288,0.09243941139640882,6,0.5,64,0.09276,0.477,3.1186,4.739,"{""num_leaves"": 64, ""learning_rate"": 0.09276, ""reg_lambda"": 0.477, ""reg_alpha"": 3.1186, ""scale_pos_weight"": 4.739, ""n_estimators"": 1000, ""max_bin"": 63, ""n_jobs"": -1, ""verbose"": -1}"
0,0.125,0.25938009787928223,0.14590663851747596,0.10380236740830608,1,0.5,2048,0.04711,0.1221,1.9374,6.814,"{""num_leaves"": 2048, ""learning_rate"": 0.04711, ""reg_lambda"": 0.1221, ""reg_alpha"": 1.9374, ""scale_pos_weight"": 6.814, ""n_estimators"": 1000, ""max_bin"": 63, ""n_jobs"": -1, ""verbose"": -1}"
0,0.125,0.4331140350877193,0.0,0.23217482787655477,51,0.4,8,0.0063,0.0137,3.1164,8.357,"{""num_leaves"": 8, ""learning_rate"": 0.0063, ""reg_lambda"": 0.0137, ""reg_alpha"": 3.1164, ""scale_pos_weight"": 8.357, ""n_estimators"": 1000, ""max_bin"": 63, ""n_jobs"": -1, ""verbose"": -1}"
0,0.125,0.25938009787928223,0.10747004933051445,0.10310473357034622,1,0.4,64,0.05915,0.1078,1.3526,7.954,"{""num_leaves"": 64, ""learning_rate"": 0.05915, ""reg_lambda"": 0.1078, ""reg_alpha"": 1.3526, ""scale_pos_weight"": 7.954, ""n_estimators"": 1000, ""max_bin"": 63, ""n_jobs"": -1, ""verbose"": -1}"
0,0.125,0.5137067938021455,0.27720628045479156,0.42079737086497315,78,0.5,4,0.04326,24.2008,1.1939,7.728,"{""num_leaves"": 4, ""learning_rate"": 0.04326, ""reg_lambda"": 24.2008, ""reg_alpha"": 1.1939, ""scale_pos_weight"": 7.728, ""n_estimators"": 1000, ""max_bin"": 63, ""n_jobs"": -1, ""verbose"": -1}"
0,0.125,0.46006389776357826,0.0,0.3308833656600965,30,0.9,8192,0.00975,8.6539,2.6553,3.902,"{""num_leaves"": 8192, ""learning_rate"": 0.00975, ""reg_lambda"": 8.6539, ""reg_alpha"": 2.6553, ""scale_pos_weight"": 3.902, ""n_estimators"": 1000, ""max_bin"": 63, ""n_jobs"": -1, ""verbose"": -1}"
0,0.125,0.04114472446402931,0.0,0.016388328920221316,1,0.4,128,0.0054,92.6273,2.8867,3.609,"{""num_leaves"": 128, ""learning_rate"": 0.0054, ""reg_lambda"": 92.6273, ""reg_alpha"": 2.8867, ""scale_pos_weight"": 3.609, ""n_estimators"": 1000, ""max_bin"": 63, ""n_jobs"": -1, ""verbose"": -1}"
0,0.125,0.041141668935812066,0.0,0.016388311030942015,1,0.3,16,0.00431,44.6873,2.4523,2.772,"{""num_leaves"": 16, ""learning_rate"": 0.00431, ""reg_lambda"": 44.6873, ""reg_alpha"": 2.4523, ""scale_pos_weight"": 2.772, ""n_estimators"": 1000, ""max_bin"": 63, ""n_jobs"": -1, ""verbose"": -1}"
0,0.125,0.4438573315719947,0.0018467220683287165,0.3357043065852884,47,0.7,4096,0.00878,2.4111,1.5287,7.626,"{""num_leaves"": 4096, ""learning_rate"": 0.00878, ""reg_lambda"": 2.4111, ""reg_alpha"": 1.5287, ""scale_pos_weight"": 7.626, ""n_estimators"": 1000, ""max_bin"": 63, ""n_jobs"": -1, ""verbose"": -1}"
0,0.125,0.4805571677307023,0.4655380894800484,0.4061619121666642,299,1.1,8,0.00646,2.757,1.0397,2.006,"{""num_leaves"": 8, ""learning_rate"": 0.00646, ""reg_lambda"": 2.757, ""reg_alpha"": 1.0397, ""scale_pos_weight"": 2.006, ""n_estimators"": 1000, ""max_bin"": 63, ""n_jobs"": -1, ""verbose"": -1}"
0,0.125,0.27737704918032785,0.0,0.11074643383559915,30,0.5,512,0.00552,0.2598,1.0371,9.369,"{""num_leaves"": 512, ""learning_rate"": 0.00552, ""reg_lambda"": 0.2598, ""reg_alpha"": 1.0371, ""scale_pos_weight"": 9.369, ""n_estimators"": 1000, ""max_bin"": 63, ""n_jobs"": -1, ""verbose"": -1}"
0,0.125,0.3768870380010411,0.3119005328596803,0.30117427118321904,208,1.4,4096,0.00805,0.3181,2.9578,4.166,"{""num_leaves"": 4096, ""learning_rate"": 0.00805, ""reg_lambda"": 0.3181, ""reg_alpha"": 2.9578, ""scale_pos_weight"": 4.166, ""n_estimators"": 1000, ""max_bin"": 63, ""n_jobs"": -1, ""verbose"": -1}"
0,0.125,0.3997827267789245,0.260427807486631,0.31238954076235265,129,0.6,16,0.01402,0.1563,3.0786,4.284,"{""num_leaves"": 16, ""learning_rate"": 0.01402, ""reg_lambda"": 0.1563, ""reg_alpha"": 3.0786, ""scale_pos_weight"": 4.284, ""n_estimators"": 1000, ""max_bin"": 63, ""n_jobs"": -1, ""verbose"": -1}"
0,0.125,0.5220978196817914,0.35748031496062993,0.4100110146932066,62,0.4,4,0.03069,7.3522,1.5574,2.902,"{""num_leaves"": 4, ""learning_rate"": 0.03069, ""reg_lambda"": 7.3522, ""reg_alpha"": 1.5574, ""scale_pos_weight"": 2.902, ""n_estimators"": 1000, ""max_bin"": 63, ""n_jobs"": -1, ""verbose"": -1}"
0,0.125,0.4050518718989626,0.25938009787928223,0.16726102230670517,37,0.3,4,0.013,0.5705,3.1456,8.726,"{""num_leaves"": 4, ""learning_rate"": 0.013, ""reg_lambda"": 0.5705, ""reg_alpha"": 3.1456, ""scale_pos_weight"": 8.726, ""n_estimators"": 1000, ""max_bin"": 63, ""n_jobs"": -1, ""verbose"": -1}"
0,0.125,0.4543784445805266,0.0,0.31918002623205094,32,0.3,256,0.00618,5.6449,2.4094,1.678,"{""num_leaves"": 256, ""learning_rate"": 0.00618, ""reg_lambda"": 5.6449, ""reg_alpha"": 2.4094, ""scale_pos_weight"": 1.678, ""n_estimators"": 1000, ""max_bin"": 63, ""n_jobs"": -1, ""verbose"": -1}"
0,0.125,0.46619446233097234,0.0,0.3114384195265597,9,0.3,512,0.01173,0.203,1.9477,6.877,"{""num_leaves"": 512, ""learning_rate"": 0.01173, ""reg_lambda"": 0.203, ""reg_alpha"": 1.9477, ""scale_pos_weight"": 6.877, ""n_estimators"": 1000, ""max_bin"": 63, ""n_jobs"": -1, ""verbose"": -1}"
0,0.125,0.039219185722253205,0.0,0.01687596432957033,16,0.3,2,0.01601,93.0404,1.0418,4.339,"{""num_leaves"": 2, ""learning_rate"": 0.01601, ""reg_lambda"": 93.0404, ""reg_alpha"": 1.0418, ""scale_pos_weight"": 4.339, ""n_estimators"": 1000, ""max_bin"": 63, ""n_jobs"": -1, ""verbose"": -1}"
0,0.125,0.4039125431530495,0.03418803418803419,0.2370406447908576,59,0.4,8,0.01003,0.4191,2.7284,4.945,"{""num_leaves"": 8, ""learning_rate"": 0.01003, ""reg_lambda"": 0.4191, ""reg_alpha"": 2.7284, ""scale_pos_weight"": 4.945, ""n_estimators"": 1000, ""max_bin"": 63, ""n_jobs"": -1, ""verbose"": -1}"
0,0.125,0.2884882108183079,0.2571428571428571,0.11619085823279326,23,0.3,16,0.02308,0.4994,1.3603,8.413,"{""num_leaves"": 16, ""learning_rate"": 0.02308, ""reg_lambda"": 0.4994, ""reg_alpha"": 1.3603, ""scale_pos_weight"": 8.413, ""n_estimators"": 1000, ""max_bin"": 63, ""n_jobs"": -1, ""verbose"": -1}"
0,0.125,0.25999121651295565,0.2563689997318316,0.18198229105091582,3,0.5,8192,0.02926,0.0706,1.185,2.129,"{""num_leaves"": 8192, ""learning_rate"": 0.02926, ""reg_lambda"": 0.0706, ""reg_alpha"": 1.185, ""scale_pos_weight"": 2.129, ""n_estimators"": 1000, ""max_bin"": 63, ""n_jobs"": -1, ""verbose"": -1}"
0,0.125,0.4589955499046408,0.0,0.3261381907393682,35,0.3,8,0.01274,19.1087,2.8101,3.037,"{""num_leaves"": 8, ""learning_rate"": 0.01274, ""reg_lambda"": 19.1087, ""reg_alpha"": 2.8101, ""scale_pos_weight"": 3.037, ""n_estimators"": 1000, ""max_bin"": 63, ""n_jobs"": -1, ""verbose"": -1}"
0,0.125,0.4630606860158311,0.0,0.378981489978599,21,0.7,8192,0.00354,0.0526,2.4477,1.139,"{""num_leaves"": 8192, ""learning_rate"": 0.00354, ""reg_lambda"": 0.0526, ""reg_alpha"": 2.4477, ""scale_pos_weight"": 1.139, ""n_estimators"": 1000, ""max_bin"": 63, ""n_jobs"": -1, ""verbose"": -1}"
0,0.125,0.4580934101087652,0.0,0.34779716484159034,76,0.5,64,0.00612,11.6585,1.7575,5.942,"{""num_leaves"": 64, ""learning_rate"": 0.00612, ""reg_lambda"": 11.6585, ""reg_alpha"": 1.7575, ""scale_pos_weight"": 5.942, ""n_estimators"": 1000, ""max_bin"": 63, ""n_jobs"": -1, ""verbose"": -1}"
0,0.125,0.3454294901240239,0.0,0.18076479983780683,19,0.4,256,0.00871,0.6704,1.0775,8.286,"{""num_leaves"": 256, ""learning_rate"": 0.00871, ""reg_lambda"": 0.6704, ""reg_alpha"": 1.0775, ""scale_pos_weight"": 8.286, ""n_estimators"": 1000, ""max_bin"": 63, ""n_jobs"": -1, ""verbose"": -1}"
0,0.125,0.46619446233097234,0.0,0.29335240751180014,40,0.4,2,0.04256,0.9605,2.6513,1.034,"{""num_leaves"": 2, ""learning_rate"": 0.04256, ""reg_lambda"": 0.9605, ""reg_alpha"": 2.6513, ""scale_pos_weight"": 1.034, ""n_estimators"": 1000, ""max_bin"": 63, ""n_jobs"": -1, ""verbose"": -1}"
0,0.125,0.48063921327596804,0.2718556119571348,0.38992189605165134,59,0.9,8192,0.03155,11.7366,1.4793,8.709,"{""num_leaves"": 8192, ""learning_rate"": 0.03155, ""reg_lambda"": 11.7366, ""reg_alpha"": 1.4793, ""scale_pos_weight"": 8.709, ""n_estimators"": 1000, ""max_bin"": 63, ""n_jobs"": -1, ""verbose"": -1}"
0,0.125,0.34674922600619196,0.25943012211668925,0.1635651664277117,8,0.3,1024,0.02807,0.16,2.0798,3.262,"{""num_leaves"": 1024, ""learning_rate"": 0.02807, ""reg_lambda"": 0.16, ""reg_alpha"": 2.0798, ""scale_pos_weight"": 3.262, ""n_estimators"": 1000, ""max_bin"": 63, ""n_jobs"": -1, ""verbose"": -1}"
0,0.125,0.04219178082191781,0.0,0.01788841032197453,2,0.3,2,0.00653,3.1963,1.7927,2.686,"{""num_leaves"": 2, ""learning_rate"": 0.00653, ""reg_lambda"": 3.1963, ""reg_alpha"": 1.7927, ""scale_pos_weight"": 2.686, ""n_estimators"": 1000, ""max_bin"": 63, ""n_jobs"": -1, ""verbose"": -1}"
0,0.125,0.2972665148063781,0.07934086054317974,0.1833525489467213,66,0.7,256,0.06662,1.5786,2.2698,5.062,"{""num_leaves"": 256, ""learning_rate"": 0.06662, ""reg_lambda"": 1.5786, ""reg_alpha"": 2.2698, ""scale_pos_weight"": 5.062, ""n_estimators"": 1000, ""max_bin"": 63, ""n_jobs"": -1, ""verbose"": -1}"
0,0.125,0.45982694684796044,0.0,0.3619190007883211,17,0.6,8192,0.05037,21.6484,2.4235,3.188,"{""num_leaves"": 8192, ""learning_rate"": 0.05037, ""reg_lambda"": 21.6484, ""reg_alpha"": 2.4235, ""scale_pos_weight"": 3.188, ""n_estimators"": 1000, ""max_bin"": 63, ""n_jobs"": -1, ""verbose"": -1}"
0,0.125,0.3421383647798742,0.2641509433962264,0.24489671394205695,3,0.4,1024,0.03072,0.4416,2.8066,8.739,"{""num_leaves"": 1024, ""learning_rate"": 0.03072, ""reg_lambda"": 0.4416, ""reg_alpha"": 2.8066, ""scale_pos_weight"": 8.739, ""n_estimators"": 1000, ""max_bin"": 63, ""n_jobs"": -1, ""verbose"": -1}"
0,0.125,0.48703352308665404,0.06082289803220036,0.3197449974897358,64,0.3,2,0.01998,0.3234,2.2875,7.384,"{""num_leaves"": 2, ""learning_rate"": 0.01998, ""reg_lambda"": 0.3234, ""reg_alpha"": 2.2875, ""scale_pos_weight"": 7.384, ""n_estimators"": 1000, ""max_bin"": 63, ""n_jobs"": -1, ""verbose"": -1}"
0,0.125,0.42204132748904194,0.07438132733408324,0.31617776735353476,32,0.6,1024,0.05803,2.0383,1.8317,5.652,"{""num_leaves"": 1024, ""learning_rate"": 0.05803, ""reg_lambda"": 2.0383, ""reg_alpha"": 1.8317, ""scale_pos_weight"": 5.652, ""n_estimators"": 1000, ""max_bin"": 63, ""n_jobs"": -1, ""verbose"": -1}"
0,0.125,0.28904947192884933,0.25090470446320867,0.14237578999153774,2,0.3,1024,0.06815,0.2931,2.6457,5.544,"{""num_leaves"": 1024, ""learning_rate"": 0.06815, ""reg_lambda"": 0.2931, ""reg_alpha"": 2.6457, ""scale_pos_weight"": 5.544, ""n_estimators"": 1000, ""max_bin"": 63, ""n_jobs"": -1, ""verbose"": -1}"
0,0.125,0.4678138942001275,0.25832656376929325,0.317326597809829,19,0.4,512,0.01491,0.1461,1.8564,8.68,"{""num_leaves"": 512, ""learning_rate"": 0.01491, ""reg_lambda"": 0.1461, ""reg_alpha"": 1.8564, ""scale_pos_weight"": 8.68, ""n_estimators"": 1000, ""max_bin"": 63, ""n_jobs"": -1, ""verbose"": -1}"
0,0.125,0.5266946610677864,0.3503981797497156,0.41681428503546886,236,0.7,4,0.00588,0.796,1.9744,7.928,"{""num_leaves"": 4, ""learning_rate"": 0.00588, ""reg_lambda"": 0.796, ""reg_alpha"": 1.9744, ""scale_pos_weight"": 7.928, ""n_estimators"": 1000, ""max_bin"": 63, ""n_jobs"": -1, ""verbose"": -1}"
0,0.125,0.4595635430038511,0.2713023653462525,0.38272021304096765,139,0.8,16,0.02118,48.5816,1.4959,7.879,"{""num_leaves"": 16, ""learning_rate"": 0.02118, ""reg_lambda"": 48.5816, ""reg_alpha"": 1.4959, ""scale_pos_weight"": 7.879, ""n_estimators"": 1000, ""max_bin"": 63, ""n_jobs"": -1, ""verbose"": -1}"
0,0.125,0.47162673392181587,0.2702702702702703,0.33423930064792745,49,1.8,16384,0.04422,1.6037,1.245,4.476,"{""num_leaves"": 16384, ""learning_rate"": 0.04422, ""reg_lambda"": 1.6037, ""reg_alpha"": 1.245, ""scale_pos_weight"": 4.476, ""n_estimators"": 1000, ""max_bin"": 63, ""n_jobs"": -1, ""verbose"": -1}"
0,0.125,0.4761290322580645,0.2613541376427974,0.323736066520489,24,0.8,8192,0.08919,3.7887,2.8538,3.665,"{""num_leaves"": 8192, ""learning_rate"": 0.08919, ""reg_lambda"": 3.7887, ""reg_alpha"": 2.8538, ""scale_pos_weight"": 3.665, ""n_estimators"": 1000, ""max_bin"": 63, ""n_jobs"": -1, ""verbose"": -1}"
0,0.125,0.4675496688741722,0.27349397590361446,0.38546644260641044,120,0.9,32,0.01391,1.8599,1.5269,5.108,"{""num_leaves"": 32, ""learning_rate"": 0.01391, ""reg_lambda"": 1.8599, ""reg_alpha"": 1.5269, ""scale_pos_weight"": 5.108, ""n_estimators"": 1000, ""max_bin"": 63, ""n_jobs"": -1, ""verbose"": -1}"
0,0.125,0.34316353887399464,0.0,0.2698332098199941,9,2.1,16384,0.00349,0.2287,1.0235,5.343,"{""num_leaves"": 16384, ""learning_rate"": 0.00349, ""reg_lambda"": 0.2287, ""reg_alpha"": 1.0235, ""scale_pos_weight"": 5.343, ""n_estimators"": 1000, ""max_bin"": 63, ""n_jobs"": -1, ""verbose"": -1}"
0,0.125,0.25526100027329873,0.116021094744499,0.110345248483515,2,0.5,512,0.02582,0.0235,1.3447,8.236,"{""num_leaves"": 512, ""learning_rate"": 0.02582, ""reg_lambda"": 0.0235, ""reg_alpha"": 1.3447, ""scale_pos_weight"": 8.236, ""n_estimators"": 1000, ""max_bin"": 63, ""n_jobs"": -1, ""verbose"": -1}"
0,0.125,0.4569620253164557,0.0,0.347051224588017,51,2.6,16384,0.01207,18.0674,1.3989,7.355,"{""num_leaves"": 16384, ""learning_rate"": 0.01207, ""reg_lambda"": 18.0674, ""reg_alpha"": 1.3989, ""scale_pos_weight"": 7.355, ""n_estimators"": 1000, ""max_bin"": 63, ""n_jobs"": -1, ""verbose"": -1}"
0,0.125,0.43905635648754915,0.4265402843601896,0.3804797817717289,107,1.1,4096,0.02081,0.576,2.1461,1.121,"{""num_leaves"": 4096, ""learning_rate"": 0.02081, ""reg_lambda"": 0.576, ""reg_alpha"": 2.1461, ""scale_pos_weight"": 1.121, ""n_estimators"": 1000, ""max_bin"": 63, ""n_jobs"": -1, ""verbose"": -1}"
0,0.125,0.45436893203883494,0.0,0.3662714049242831,84,1.3,8192,0.00872,5.2753,2.2702,7.127,"{""num_leaves"": 8192, ""learning_rate"": 0.00872, ""reg_lambda"": 5.2753, ""reg_alpha"": 2.2702, ""scale_pos_weight"": 7.127, ""n_estimators"": 1000, ""max_bin"": 63, ""n_jobs"": -1, ""verbose"": -1}"
0,0.125,0.25938009787928223,0.06315138668079845,0.0948311982703852,1,0.4,8,0.04482,0.0208,1.1531,8.698,"{""num_leaves"": 8, ""learning_rate"": 0.04482, ""reg_lambda"": 0.0208, ""reg_alpha"": 1.1531, ""scale_pos_weight"": 8.698, ""n_estimators"": 1000, ""max_bin"": 63, ""n_jobs"": -1, ""verbose"": -1}"
0,0.125,0.4423465947403911,0.0,0.3466752784216809,18,2.4,16384,0.02252,1.0328,2.0752,1.693,"{""num_leaves"": 16384, ""learning_rate"": 0.02252, ""reg_lambda"": 1.0328, ""reg_alpha"": 2.0752, ""scale_pos_weight"": 1.693, ""n_estimators"": 1000, ""max_bin"": 63, ""n_jobs"": -1, ""verbose"": -1}"
0,0.125,0.22632020117351215,0.10317301935741369,0.09895985040404993,2,0.4,32,0.04515,0.0312,2.2074,4.619,"{""num_leaves"": 32, ""learning_rate"": 0.04515, ""reg_lambda"": 0.0312, ""reg_alpha"": 2.2074, ""scale_pos_weight"": 4.619, ""n_estimators"": 1000, ""max_bin"": 63, ""n_jobs"": -1, ""verbose"": -1}"
0,0.125,0.2625197680548234,0.16027003375421928,0.13042808611146428,2,2.2,16384,0.03218,0.3048,1.0779,9.678,"{""num_leaves"": 16384, ""learning_rate"": 0.03218, ""reg_lambda"": 0.3048, ""reg_alpha"": 1.0779, ""scale_pos_weight"": 9.678, ""n_estimators"": 1000, ""max_bin"": 63, ""n_jobs"": -1, ""verbose"": -1}"
0,0.125,0.45394736842105265,0.2607696726019529,0.36839904134435364,101,0.8,128,0.01923,9.302,1.8635,8.377,"{""num_leaves"": 128, ""learning_rate"": 0.01923, ""reg_lambda"": 9.302, ""reg_alpha"": 1.8635, ""scale_pos_weight"": 8.377, ""n_estimators"": 1000, ""max_bin"": 63, ""n_jobs"": -1, ""verbose"": -1}"
0,0.125,0.45245494095711625,0.0,0.32318376920147374,22,1.5,16384,0.00483,3.6951,1.2435,8.413,"{""num_leaves"": 16384, ""learning_rate"": 0.00483, ""reg_lambda"": 3.6951, ""reg_alpha"": 1.2435, ""scale_pos_weight"": 8.413, ""n_estimators"": 1000, ""max_bin"": 63, ""n_jobs"": -1, ""verbose"": -1}"
0,0.125,0.46204620462046203,0.0,0.37646232925155065,54,0.5,256,0.03323,57.4427,2.0809,3.026,"{""num_leaves"": 256, ""learning_rate"": 0.03323, ""reg_lambda"": 57.4427, ""reg_alpha"": 2.0809, ""scale_pos_weight"": 3.026, ""n_estimators"": 1000, ""max_bin"": 63, ""n_jobs"": -1, ""verbose"": -1}"
0,0.125,0.43443708609271525,0.26023706896551724,0.35565379268332376,85,0.8,1024,0.04546,7.0397,1.5057,6.898,"{""num_leaves"": 1024, ""learning_rate"": 0.04546, ""reg_lambda"": 7.0397, ""reg_alpha"": 1.5057, ""scale_pos_weight"": 6.898, ""n_estimators"": 1000, ""max_bin"": 63, ""n_jobs"": -1, ""verbose"": -1}"
0,0.125,0.39269981120201386,0.05331987721290105,0.28248435126620697,18,0.5,256,0.07997,5.4858,1.5487,9.197,"{""num_leaves"": 256, ""learning_rate"": 0.07997, ""reg_lambda"": 5.4858, ""reg_alpha"": 1.5487, ""scale_pos_weight"": 9.197, ""n_estimators"": 1000, ""max_bin"": 63, ""n_jobs"": -1, ""verbose"": -1}"
0,0.125,0.25938009787928223,0.05775458112690007,0.10400083444322303,1,0.3,8,0.06064,0.0268,1.4207,8.111,"{""num_leaves"": 8, ""learning_rate"": 0.06064, ""reg_lambda"": 0.0268, ""reg_alpha"": 1.4207, ""scale_pos_weight"": 8.111, ""n_estimators"": 1000, ""max_bin"": 63, ""n_jobs"": -1, ""verbose"": -1}"
0,0.125,0.28116551516972066,0.026912181303116147,0.10349179024518176,5,0.4,4096,0.00817,0.0197,2.2121,8.193,"{""num_leaves"": 4096, ""learning_rate"": 0.00817, ""reg_lambda"": 0.0197, ""reg_alpha"": 2.2121, ""scale_pos_weight"": 8.193, ""n_estimators"": 1000, ""max_bin"": 63, ""n_jobs"": -1, ""verbose"": -1}"
0,0.125,0.4315297261189045,0.0018467220683287165,0.37160419815180123,58,0.5,512,0.01041,1.7342,1.0484,6.064,"{""num_leaves"": 512, ""learning_rate"": 0.01041, ""reg_lambda"": 1.7342, ""reg_alpha"": 1.0484, ""scale_pos_weight"": 6.064, ""n_estimators"": 1000, ""max_bin"": 63, ""n_jobs"": -1, ""verbose"": -1}"
0,0.125,0.3302752293577982,0.12743051741184225,0.13241567509458718,3,0.3,512,0.06098,0.0205,1.577,2.484,"{""num_leaves"": 512, ""learning_rate"": 0.06098, ""reg_lambda"": 0.0205, ""reg_alpha"": 1.577, ""scale_pos_weight"": 2.484, ""n_estimators"": 1000, ""max_bin"": 63, ""n_jobs"": -1, ""verbose"": -1}"
0,0.125,0.45618556701030927,0.0,0.32930376565288816,112,0.6,16,0.00331,20.4669,1.7913,4.923,"{""num_leaves"": 16, ""learning_rate"": 0.00331, ""reg_lambda"": 20.4669, ""reg_alpha"": 1.7913, ""scale_pos_weight"": 4.923, ""n_estimators"": 1000, ""max_bin"": 63, ""n_jobs"": -1, ""verbose"": -1}"
0,0.125,0.4510050251256281,0.3617021276595745,0.3837696530740967,129,0.9,64,0.02528,25.1254,1.4214,3.408,"{""num_leaves"": 64, ""learning_rate"": 0.02528, ""reg_lambda"": 25.1254, ""reg_alpha"": 1.4214, ""scale_pos_weight"": 3.408, ""n_estimators"": 1000, ""max_bin"": 63, ""n_jobs"": -1, ""verbose"": -1}"
0,0.125,0.46499678869621064,0.0,0.3020654894392029,26,0.3,128,0.00794,0.0184,1.0724,5.975,"{""num_leaves"": 128, ""learning_rate"": 0.00794, ""reg_lambda"": 0.0184, ""reg_alpha"": 1.0724, ""scale_pos_weight"": 5.975, ""n_estimators"": 1000, ""max_bin"": 63, ""n_jobs"": -1, ""verbose"": -1}"
0,0.125,0.04219178082191781,0.0,0.01788841032197453,3,0.3,2,0.00597,0.0198,2.8787,2.339,"{""num_leaves"": 2, ""learning_rate"": 0.00597, ""reg_lambda"": 0.0198, ""reg_alpha"": 2.8787, ""scale_pos_weight"": 2.339, ""n_estimators"": 1000, ""max_bin"": 63, ""n_jobs"": -1, ""verbose"": -1}"
0,0.125,0.441351888667992,0.05302255844067334,0.31932085424200946,8,0.5,4096,0.09037,4.6544,2.3207,6.069,"{""num_leaves"": 4096, ""learning_rate"": 0.09037, ""reg_lambda"": 4.6544, ""reg_alpha"": 2.3207, ""scale_pos_weight"": 6.069, ""n_estimators"": 1000, ""max_bin"": 63, ""n_jobs"": -1, ""verbose"": -1}"
0,0.125,0.47170935080405,0.0,0.37093578972477087,165,0.6,4,0.00403,23.3082,1.64,4.532,"{""num_leaves"": 4, ""learning_rate"": 0.00403, ""reg_lambda"": 23.3082, ""reg_alpha"": 1.64, ""scale_pos_weight"": 4.532, ""n_estimators"": 1000, ""max_bin"": 63, ""n_jobs"": -1, ""verbose"": -1}"
0,0.125,0.4541832669322709,0.0,0.3249822835910266,23,0.5,4096,0.00468,1.2274,1.9439,5.668,"{""num_leaves"": 4096, ""learning_rate"": 0.00468, ""reg_lambda"": 1.2274, ""reg_alpha"": 1.9439, ""scale_pos_weight"": 5.668, ""n_estimators"": 1000, ""max_bin"": 63, ""n_jobs"": -1, ""verbose"": -1}"
0,0.125,0.5223529411764706,0.5117399157134257,0.4123857880989703,84,0.6,4,0.02628,32.4022,1.8074,4.412,"{""num_leaves"": 4, ""learning_rate"": 0.02628, ""reg_lambda"": 32.4022, ""reg_alpha"": 1.8074, ""scale_pos_weight"": 4.412, ""n_estimators"": 1000, ""max_bin"": 63, ""n_jobs"": -1, ""verbose"": -1}"
0,0.125,0.45593108018555334,0.0,0.327910669921009,17,0.4,512,0.00913,1.7508,2.5103,4.97,"{""num_leaves"": 512, ""learning_rate"": 0.00913, ""reg_lambda"": 1.7508, ""reg_alpha"": 2.5103, ""scale_pos_weight"": 4.97, ""n_estimators"": 1000, ""max_bin"": 63, ""n_jobs"": -1, ""verbose"": -1}"
0,0.125,0.41202672605790647,0.0,0.2900712150949093,8,0.4,16,0.00364,0.0566,1.1335,4.0,"{""num_leaves"": 16, ""learning_rate"": 0.00364, ""reg_lambda"": 0.0566, ""reg_alpha"": 1.1335, ""scale_pos_weight"": 4.0, ""n_estimators"": 1000, ""max_bin"": 63, ""n_jobs"": -1, ""verbose"": -1}"
0,0.125,0.4291898577612863,0.39790575916230364,0.352471271502083,159,1.2,256,0.02433,4.4515,1.709,1.988,"{""num_leaves"": 256, ""learning_rate"": 0.02433, ""reg_lambda"": 4.4515, ""reg_alpha"": 1.709, ""scale_pos_weight"": 1.988, ""n_estimators"": 1000, ""max_bin"": 63, ""n_jobs"": -1, ""verbose"": -1}"
0,0.125,0.45109780439121755,0.0,0.32750288576131886,15,0.4,1024,0.0088,1.1062,1.7931,3.193,"{""num_leaves"": 1024, ""learning_rate"": 0.0088, ""reg_lambda"": 1.1062, ""reg_alpha"": 1.7931, ""scale_pos_weight"": 3.193, ""n_estimators"": 1000, ""max_bin"": 63, ""n_jobs"": -1, ""verbose"": -1}"
0,0.125,0.4553686934023286,0.0,0.34836967719956835,63,0.7,1024,0.01412,24.0893,1.3807,9.477,"{""num_leaves"": 1024, ""learning_rate"": 0.01412, ""reg_lambda"": 24.0893, ""reg_alpha"": 1.3807, ""scale_pos_weight"": 9.477, ""n_estimators"": 1000, ""max_bin"": 63, ""n_jobs"": -1, ""verbose"": -1}"
0,0.125,0.46163601775523144,0.0,0.337695862848965,88,0.9,4096,0.00465,11.9325,1.0469,3.127,"{""num_leaves"": 4096, ""learning_rate"": 0.00465, ""reg_lambda"": 11.9325, ""reg_alpha"": 1.0469, ""scale_pos_weight"": 3.127, ""n_estimators"": 1000, ""max_bin"": 63, ""n_jobs"": -1, ""verbose"": -1}"
0,0.125,0.46296296296296297,0.3884180790960452,0.3783752198606628,150,0.9,128,0.0106,53.693,2.9202,8.202,"{""num_leaves"": 128, ""learning_rate"": 0.0106, ""reg_lambda"": 53.693, ""reg_alpha"": 2.9202, ""scale_pos_weight"": 8.202, ""n_estimators"": 1000, ""max_bin"": 63, ""n_jobs"": -1, ""verbose"": -1}"
0,0.125,0.46410891089108913,0.0,0.37299146872944877,141,1.3,8192,0.01242,27.1065,1.7139,2.136,"{""num_leaves"": 8192, ""learning_rate"": 0.01242, ""reg_lambda"": 27.1065, ""reg_alpha"": 1.7139, ""scale_pos_weight"": 2.136, ""n_estimators"": 1000, ""max_bin"": 63, ""n_jobs"": -1, ""verbose"": -1}"
0,0.125,0.2729023383768913,0.26673695308381656,0.18638589592110386,64,0.3,2,0.05301,0.0349,2.7202,5.671,"{""num_leaves"": 2, ""learning_rate"": 0.05301, ""reg_lambda"": 0.0349, ""reg_alpha"": 2.7202, ""scale_pos_weight"": 5.671, ""n_estimators"": 1000, ""max_bin"": 63, ""n_jobs"": -1, ""verbose"": -1}"
0,0.125,0.25938009787928223,0.14217055996423383,0.10453016337429816,1,0.6,4096,0.04125,0.1182,1.3049,8.635,"{""num_leaves"": 4096, ""learning_rate"": 0.04125, ""reg_lambda"": 0.1182, ""reg_alpha"": 1.3049, ""scale_pos_weight"": 8.635, ""n_estimators"": 1000, ""max_bin"": 63, ""n_jobs"": -1, ""verbose"": -1}"
0,0.125,0.3630987581312833,0.0,0.23245013394195202,5,0.4,16,0.00527,0.2907,2.6973,5.215,"{""num_leaves"": 16, ""learning_rate"": 0.00527, ""reg_lambda"": 0.2907, ""reg_alpha"": 2.6973, ""scale_pos_weight"": 5.215, ""n_estimators"": 1000, ""max_bin"": 63, ""n_jobs"": -1, ""verbose"": -1}"
0,0.125,0.35073409461663946,0.0,0.1704761572284951,28,0.5,512,0.01012,0.2311,2.5946,5.089,"{""num_leaves"": 512, ""learning_rate"": 0.01012, ""reg_lambda"": 0.2311, ""reg_alpha"": 2.5946, ""scale_pos_weight"": 5.089, ""n_estimators"": 1000, ""max_bin"": 63, ""n_jobs"": -1, ""verbose"": -1}"
0,0.125,0.4543714103382259,0.0,0.3378363563011414,52,0.6,32,0.0093,10.615,1.4125,7.911,"{""num_leaves"": 32, ""learning_rate"": 0.0093, ""reg_lambda"": 10.615, ""reg_alpha"": 1.4125, ""scale_pos_weight"": 7.911, ""n_estimators"": 1000, ""max_bin"": 63, ""n_jobs"": -1, ""verbose"": -1}"
0,0.125,0.3370892018779343,0.0,0.14752993784175053,3,1.5,16384,0.00336,0.0331,1.371,8.831,"{""num_leaves"": 16384, ""learning_rate"": 0.00336, ""reg_lambda"": 0.0331, ""reg_alpha"": 1.371, ""scale_pos_weight"": 8.831, ""n_estimators"": 1000, ""max_bin"": 63, ""n_jobs"": -1, ""verbose"": -1}"
0,0.125,0.3942766295707472,0.2509505703422053,0.279209097585719,72,0.6,64,0.0168,0.0268,1.9394,1.864,"{""num_leaves"": 64, ""learning_rate"": 0.0168, ""reg_lambda"": 0.0268, ""reg_alpha"": 1.9394, ""scale_pos_weight"": 1.864, ""n_estimators"": 1000, ""max_bin"": 63, ""n_jobs"": -1, ""verbose"": -1}"
0,0.125,0.45975609756097563,0.0,0.3364403386875618,142,0.7,32,0.00516,15.9915,1.3475,1.551,"{""num_leaves"": 32, ""learning_rate"": 0.00516, ""reg_lambda"": 15.9915, ""reg_alpha"": 1.3475, ""scale_pos_weight"": 1.551, ""n_estimators"": 1000, ""max_bin"": 63, ""n_jobs"": -1, ""verbose"": -1}"
0,0.125,0.44576719576719576,0.0,0.3124352314665717,44,0.5,256,0.00525,0.0163,2.612,4.575,"{""num_leaves"": 256, ""learning_rate"": 0.00525, ""reg_lambda"": 0.0163, ""reg_alpha"": 2.612, ""scale_pos_weight"": 4.575, ""n_estimators"": 1000, ""max_bin"": 63, ""n_jobs"": -1, ""verbose"": -1}"
0,0.125,0.4319306930693069,0.3722661703117729,0.37425234584641004,137,1.1,512,0.06284,9.4651,1.2837,1.763,"{""num_leaves"": 512, ""learning_rate"": 0.06284, ""reg_lambda"": 9.4651, ""reg_alpha"": 1.2837, ""scale_pos_weight"": 1.763, ""n_estimators"": 1000, ""max_bin"": 63, ""n_jobs"": -1, ""verbose"": -1}"
0,0.125,0.48703352308665404,0.0,0.3157061952299914,43,0.3,2,0.01745,0.2698,2.6162,5.223,"{""num_leaves"": 2, ""learning_rate"": 0.01745, ""reg_lambda"": 0.2698, ""reg_alpha"": 2.6162, ""scale_pos_weight"": 5.223, ""n_estimators"": 1000, ""max_bin"": 63, ""n_jobs"": -1, ""verbose"": -1}"
0,0.125,0.2727272727272727,0.25832656376929325,0.10895520112796363,27,0.3,8,0.02148,0.3547,2.3983,7.2,"{""num_leaves"": 8, ""learning_rate"": 0.02148, ""reg_lambda"": 0.3547, ""reg_alpha"": 2.3983, ""scale_pos_weight"": 7.2, ""n_estimators"": 1000, ""max_bin"": 63, ""n_jobs"": -1, ""verbose"": -1}"
0,0.125,0.2640599892876272,0.11094639931341188,0.08595797251973494,9,0.4,32,0.04544,0.393,1.1704,8.361,"{""num_leaves"": 32, ""learning_rate"": 0.04544, ""reg_lambda"": 0.393, ""reg_alpha"": 1.1704, ""scale_pos_weight"": 8.361, ""n_estimators"": 1000, ""max_bin"": 63, ""n_jobs"": -1, ""verbose"": -1}"
0,0.125,0.45949214026602175,0.0,0.3265762943807868,8,0.3,1024,0.01043,5.8486,3.1214,7.316,"{""num_leaves"": 1024, ""learning_rate"": 0.01043, ""reg_lambda"": 5.8486, ""reg_alpha"": 3.1214, ""scale_pos_weight"": 7.316, ""n_estimators"": 1000, ""max_bin"": 63, ""n_jobs"": -1, ""verbose"": -1}"
0,0.125,0.4404040404040404,0.0,0.3142512692845782,32,1.7,16384,0.00331,2.5994,1.1421,8.853,"{""num_leaves"": 16384, ""learning_rate"": 0.00331, ""reg_lambda"": 2.5994, ""reg_alpha"": 1.1421, ""scale_pos_weight"": 8.853, ""n_estimators"": 1000, ""max_bin"": 63, ""n_jobs"": -1, ""verbose"": -1}"
0,0.125,0.2362735381565907,0.05381296007542517,0.093388053708236,1,0.7,8192,0.08717,0.0137,1.1893,8.495,"{""num_leaves"": 8192, ""learning_rate"": 0.08717, ""reg_lambda"": 0.0137, ""reg_alpha"": 1.1893, ""scale_pos_weight"": 8.495, ""n_estimators"": 1000, ""max_bin"": 63, ""n_jobs"": -1, ""verbose"": -1}"
0,0.125,0.4570383912248629,0.25645205107307795,0.3661201329473922,57,2.5,16384,0.09386,10.6179,2.0006,5.853,"{""num_leaves"": 16384, ""learning_rate"": 0.09386, ""reg_lambda"": 10.6179, ""reg_alpha"": 2.0006, ""scale_pos_weight"": 5.853, ""n_estimators"": 1000, ""max_bin"": 63, ""n_jobs"": -1, ""verbose"": -1}"
0,0.125,0.1782848992690319,0.0,0.0630453338117849,65,0.6,1024,0.00327,13.654,1.5782,1.96,"{""num_leaves"": 1024, ""learning_rate"": 0.00327, ""reg_lambda"": 13.654, ""reg_alpha"": 1.5782, ""scale_pos_weight"": 1.96, ""n_estimators"": 1000, ""max_bin"": 63, ""n_jobs"": -1, ""verbose"": -1}"
1,0.25,0.4708893154190659,0.39067854694996573,0.37919941290470166,137,1.0,4,0.00588,0.796,1.9744,7.928,"{""num_leaves"": 4, ""learning_rate"": 0.00588, ""reg_lambda"": 0.796, ""reg_alpha"": 1.9744, ""scale_pos_weight"": 7.928, ""n_estimators"": 1000, ""max_bin"": 63, ""n_jobs"": -1, ""verbose"": -1}"
1,0.25,0.5215827338129496,0.3613251155624037,0.4294225779117017,111,0.9,4,0.02628,32.4022,1.8074,4.412,"{""num_leaves"": 4, ""learning_rate"": 0.02628, ""reg_lambda"": 32.4022, ""reg_alpha"": 1.8074, ""scale_pos_weight"": 4.412, ""n_estimators"": 1000, ""max_bin"": 63, ""n_jobs"": -1, ""verbose"": -1}"
1,0.25,0.5163240628778718,0.36356678147722926,0.44088836508526147,199,1.2,4,0.03069,7.3522,1.5574,2.902,"{""num_leaves"": 4, ""learning_rate"": 0.03069, ""reg_lambda"": 7.3522, ""reg_alpha"": 1.5574, ""scale_pos_weight"": 2.902, ""n_estimators"": 1000, ""max_bin"": 63, ""n_jobs"": -1, ""verbose"": -1}"
1,0.25,0.5079171741778319,0.40469483568075115,0.4094217778360585,78,0.7,4,0.02221,0.867,2.8211,1.774,"{""num_leaves"": 4, ""learning_rate"": 0.02221, ""reg_lambda"": 0.867, ""reg_alpha"": 2.8211, ""scale_pos_weight"": 1.774, ""n_estimators"": 1000, ""max_bin"": 63, ""n_jobs"": -1, ""verbose"": -1}"
1,0.25,0.5182567726737338,0.3359209597741708,0.42604135090335493,75,0.7,4,0.04398,26.1813,1.1887,5.652,"{""num_leaves"": 4, ""learning_rate"": 0.04398, ""reg_lambda"": 26.1813, ""reg_alpha"": 1.1887, ""scale_pos_weight"": 5.652, ""n_estimators"": 1000, ""max_bin"": 63, ""n_jobs"": -1, ""verbose"": -1}"
1,0.25,0.5009140767824497,0.305875737981445,0.4421629969018787,271,1.7,4,0.04326,24.2008,1.1939,7.728,"{""num_leaves"": 4, ""learning_rate"": 0.04326, ""reg_lambda"": 24.2008, ""reg_alpha"": 1.1939, ""scale_pos_weight"": 7.728, ""n_estimators"": 1000, ""max_bin"": 63, ""n_jobs"": -1, ""verbose"": -1}"
1,0.25,0.5238095238095238,0.4816824966078697,0.41009093444296596,40,0.7,4,0.02921,7.9989,1.1235,4.175,"{""num_leaves"": 4, ""learning_rate"": 0.02921, ""reg_lambda"": 7.9989, ""reg_alpha"": 1.1235, ""scale_pos_weight"": 4.175, ""n_estimators"": 1000, ""max_bin"": 63, ""n_jobs"": -1, ""verbose"": -1}"
1,0.25,0.43914373088685016,0.0,0.3144294891407381,17,0.5,4,0.01778,9.4709,1.2498,4.493,"{""num_leaves"": 4, ""learning_rate"": 0.01778, ""reg_lambda"": 9.4709, ""reg_alpha"": 1.2498, ""scale_pos_weight"": 4.493, ""n_estimators"": 1000, ""max_bin"": 63, ""n_jobs"": -1, ""verbose"": -1}"
1,0.25,0.5065666041275797,0.0,0.4202545903704496,60,0.7,8,0.00462,3.1606,1.6324,6.528,"{""num_leaves"": 8, ""learning_rate"": 0.00462, ""reg_lambda"": 3.1606, ""reg_alpha"": 1.6324, ""scale_pos_weight"": 6.528, ""n_estimators"": 1000, ""max_bin"": 63, ""n_jobs"": -1, ""verbose"": -1}"
1,0.25,0.4943283582089552,0.41237113402061853,0.35533452614444383,88,0.8,2,0.04698,0.7974,1.1848,4.295,"{""num_leaves"": 2, ""learning_rate"": 0.04698, ""reg_lambda"": 0.7974, ""reg_alpha"": 1.1848, ""scale_pos_weight"": 4.295, ""n_estimators"": 1000, ""max_bin"": 63, ""n_jobs"": -1, ""verbose"": -1}"
1,0.25,0.45620022753128553,0.3578643578643579,0.3958449620904532,229,1.8,16,0.03964,1.2725,1.728,3.003,"{""num_leaves"": 16, ""learning_rate"": 0.03964, ""reg_lambda"": 1.2725, ""reg_alpha"": 1.728, ""scale_pos_weight"": 3.003, ""n_estimators"": 1000, ""max_bin"": 63, ""n_jobs"": -1, ""verbose"": -1}"
1,0.25,0.4867997424339987,0.2860696517412935,0.4012375270056301,139,3.5,1024,0.03963,2.8674,1.0566,7.473,"{""num_leaves"": 1024, ""learning_rate"": 0.03963, ""reg_lambda"": 2.8674, ""reg_alpha"": 1.0566, ""scale_pos_weight"": 7.473, ""n_estimators"": 1000, ""max_bin"": 63, ""n_jobs"": -1, ""verbose"": -1}"
1,0.25,0.5046963055729493,0.2971948445792267,0.3836855805933666,149,1.1,2,0.01998,0.3234,2.2875,7.384,"{""num_leaves"": 2, ""learning_rate"": 0.01998, ""reg_lambda"": 0.3234, ""reg_alpha"": 2.2875, ""scale_pos_weight"": 7.384, ""n_estimators"": 1000, ""max_bin"": 63, ""n_jobs"": -1, ""verbose"": -1}"
1,0.25,0.26857606052418265,0.0,0.13319564990231458,5,0.6,2,0.01745,0.2698,2.6162,5.223,"{""num_leaves"": 2, ""learning_rate"": 0.01745, ""reg_lambda"": 0.2698, ""reg_alpha"": 2.6162, ""scale_pos_weight"": 5.223, ""n_estimators"": 1000, ""max_bin"": 63, ""n_jobs"": -1, ""verbose"": -1}"
1,0.25,0.49942196531791905,0.4255125284738041,0.42371020979416313,207,3.6,128,0.05336,3.2065,3.0196,4.325,"{""num_leaves"": 128, ""learning_rate"": 0.05336, ""reg_lambda"": 3.2065, ""reg_alpha"": 3.0196, ""scale_pos_weight"": 4.325, ""n_estimators"": 1000, ""max_bin"": 63, ""n_jobs"": -1, ""verbose"": -1}"
1,0.25,0.4681059862610402,0.25938009787928223,0.256756724530291,117,1.2,4,0.00702,0.0376,2.3821,7.019,"{""num_leaves"": 4, ""learning_rate"": 0.00702, ""reg_lambda"": 0.0376, ""reg_alpha"": 2.3821, ""scale_pos_weight"": 7.019, ""n_estimators"": 1000, ""max_bin"": 63, ""n_jobs"": -1, ""verbose"": -1}"
1,0.25,0.4987012987012987,0.0,0.3908643235762241,5,1.2,8192,0.03155,11.7366,1.4793,8.709,"{""num_leaves"": 8192, ""learning_rate"": 0.03155, ""reg_lambda"": 11.7366, ""reg_alpha"": 1.4793, ""scale_pos_weight"": 8.709, ""n_estimators"": 1000, ""max_bin"": 63, ""n_jobs"": -1, ""verbose"": -1}"
1,0.25,0.47785547785547783,0.0,0.3397092038324395,25,0.7,8,0.00646,2.757,1.0397,2.006,"{""num_leaves"": 8, ""learning_rate"": 0.00646, ""reg_lambda"": 2.757, ""reg_alpha"": 1.0397, ""scale_pos_weight"": 2.006, ""n_estimators"": 1000, ""max_bin"": 63, ""n_jobs"": -1, ""verbose"": -1}"
1,0.25,0.5419718309859155,0.535149863760218,0.4733534871681861,255,4.7,8192,0.02232,87.7159,1.6586,8.587,"{""num_leaves"": 8192, ""learning_rate"": 0.02232, ""reg_lambda"": 87.7159, ""reg_alpha"": 1.6586, ""scale_pos_weight"": 8.587, ""n_estimators"": 1000, ""max_bin"": 63, ""n_jobs"": -1, ""verbose"": -1}"
1,0.25,0.5106902871105681,0.3412483039348711,0.4428613571451823,274,4.6,2048,0.09392,23.7226,1.6512,9.817,"{""num_leaves"": 2048, ""learning_rate"": 0.09392, ""reg_lambda"": 23.7226, ""reg_alpha"": 1.6512, ""scale_pos_weight"": 9.817, ""n_estimators"": 1000, ""max_bin"": 63, ""n_jobs"": -1, ""verbose"": -1}"
1,0.25,0.5319280843149411,0.5184318314803978,0.4527470721761629,281,2.2,8,0.00746,54.5939,1.6806,7.962,"{""num_leaves"": 8, ""learning_rate"": 0.00746, ""reg_lambda"": 54.5939, ""reg_alpha"": 1.6806, ""scale_pos_weight"": 7.962, ""n_estimators"": 1000, ""max_bin"": 63, ""n_jobs"": -1, ""verbose"": -1}"
1,0.25,0.4934086629001883,0.31326094109904573,0.3987740739536969,122,2.7,8192,0.08919,3.7887,2.8538,3.665,"{""num_leaves"": 8192, ""learning_rate"": 0.08919, ""reg_lambda"": 3.7887, ""reg_alpha"": 2.8538, ""scale_pos_weight"": 3.665, ""n_estimators"": 1000, ""max_bin"": 63, ""n_jobs"": -1, ""verbose"": -1}"
1,0.25,0.32428466617754953,0.0,0.15144179344613687,13,0.7,8,0.01697,0.8013,1.3695,2.405,"{""num_leaves"": 8, ""learning_rate"": 0.01697, ""reg_lambda"": 0.8013, ""reg_alpha"": 1.3695, ""scale_pos_weight"": 2.405, ""n_estimators"": 1000, ""max_bin"": 63, ""n_jobs"": -1, ""verbose"": -1}"
1,0.25,0.28063081277800245,0.0530671044256089,0.16546826706145074,9,0.8,4,0.05557,1.2462,3.0103,7.449,"{""num_leaves"": 4, ""learning_rate"": 0.05557, ""reg_lambda"": 1.2462, ""reg_alpha"": 3.0103, ""scale_pos_weight"": 7.449, ""n_estimators"": 1000, ""max_bin"": 63, ""n_jobs"": -1, ""verbose"": -1}"
1,0.25,0.47766990291262135,0.0,0.39002350947971653,7,0.7,32,0.01689,6.8361,1.4636,9.009,"{""num_leaves"": 32, ""learning_rate"": 0.01689, ""reg_lambda"": 6.8361, ""reg_alpha"": 1.4636, ""scale_pos_weight"": 9.009, ""n_estimators"": 1000, ""max_bin"": 63, ""n_jobs"": -1, ""verbose"": -1}"
1,0.25,0.4768292682926829,0.0,0.3393943042915262,129,0.9,4,0.00393,8.008,1.1298,4.556,"{""num_leaves"": 4, ""learning_rate"": 0.00393, ""reg_lambda"": 8.008, ""reg_alpha"": 1.1298, ""scale_pos_weight"": 4.556, ""n_estimators"": 1000, ""max_bin"": 63, ""n_jobs"": -1, ""verbose"": -1}"
1,0.25,0.47348687734333156,0.0,0.34518897023038475,9,0.6,32,0.00693,3.1099,1.125,8.494,"{""num_leaves"": 32, ""learning_rate"": 0.00693, ""reg_lambda"": 3.1099, ""reg_alpha"": 1.125, ""scale_pos_weight"": 8.494, ""n_estimators"": 1000, ""max_bin"": 63, ""n_jobs"": -1, ""verbose"": -1}"
1,0.25,0.5233100233100233,0.0,0.40609333360181293,246,1.2,4,0.00403,23.3082,1.64,4.532,"{""num_leaves"": 4, ""learning_rate"": 0.00403, ""reg_lambda"": 23.3082, ""reg_alpha"": 1.64, ""scale_pos_weight"": 4.532, ""n_estimators"": 1000, ""max_bin"": 63, ""n_jobs"": -1, ""verbose"": -1}"
1,0.25,0.4651711924439197,0.3038605230386052,0.41929194962776634,186,4.1,16384,0.04422,1.6037,1.245,4.476,"{""num_leaves"": 16384, ""learning_rate"": 0.04422, ""reg_lambda"": 1.6037, ""reg_alpha"": 1.245, ""scale_pos_weight"": 4.476, ""n_estimators"": 1000, ""max_bin"": 63, ""n_jobs"": -1, ""verbose"": -1}"
1,0.25,0.48519218651543794,0.029038112522686024,0.34970900204286554,24,1.0,512,0.00743,0.0367,2.1794,7.432,"{""num_leaves"": 512, ""learning_rate"": 0.00743, ""reg_lambda"": 0.0367, ""reg_alpha"": 2.1794, ""scale_pos_weight"": 7.432, ""n_estimators"": 1000, ""max_bin"": 63, ""n_jobs"": -1, ""verbose"": -1}"
1,0.25,0.47774294670846396,0.0625,0.3775261707995781,21,1.0,4096,0.00873,0.1284,1.5377,6.192,"{""num_leaves"": 4096, ""learning_rate"": 0.00873, ""reg_lambda"": 0.1284, ""reg_alpha"": 1.5377, ""scale_pos_weight"": 6.192, ""n_estimators"": 1000, ""max_bin"": 63, ""n_jobs"": -1, ""verbose"": -1}"
1,0.25,0.547945205479452,0.506544502617801,0.4781401131841092,150,2.8,4096,0.05246,97.2839,1.5197,2.539,"{""num_leaves"": 4096, ""learning_rate"": 0.05246, ""reg_lambda"": 97.2839, ""reg_alpha"": 1.5197, ""scale_pos_weight"": 2.539, ""n_estimators"": 1000, ""max_bin"": 63, ""n_jobs"": -1, ""verbose"": -1}"
1,0.25,0.4889975550122249,0.0,0.37359362054422657,11,1.4,8192,0.00563,0.3821,2.8578,6.053,"{""num_leaves"": 8192, ""learning_rate"": 0.00563, ""reg_lambda"": 0.3821, ""reg_alpha"": 2.8578, ""scale_pos_weight"": 6.053, ""n_estimators"": 1000, ""max_bin"": 63, ""n_jobs"": -1, ""verbose"": -1}"
1,0.25,0.5153695225637671,0.4654150197628458,0.4702072324650463,174,3.4,4096,0.03375,3.9979,2.225,4.5,"{""num_leaves"": 4096, ""learning_rate"": 0.03375, ""reg_lambda"": 3.9979, ""reg_alpha"": 2.225, ""scale_pos_weight"": 4.5, ""n_estimators"": 1000, ""max_bin"": 63, ""n_jobs"": -1, ""verbose"": -1}"
1,0.25,0.47989789406509253,0.0,0.32957864766477946,6,1.2,8192,0.01252,0.9909,1.2806,9.366,"{""num_leaves"": 8192, ""learning_rate"": 0.01252, ""reg_lambda"": 0.9909, ""reg_alpha"": 1.2806, ""scale_pos_weight"": 9.366, ""n_estimators"": 1000, ""max_bin"": 63, ""n_jobs"": -1, ""verbose"": -1}"
1,0.25,0.25938009787928223,0.25938009787928223,0.1137540484261468,2,0.8,512,0.01491,0.1461,1.8564,8.68,"{""num_leaves"": 512, ""learning_rate"": 0.01491, ""reg_lambda"": 0.1461, ""reg_alpha"": 1.8564, ""scale_pos_weight"": 8.68, ""n_estimators"": 1000, ""max_bin"": 63, ""n_jobs"": -1, ""verbose"": -1}"
1,0.25,0.5311804008908686,0.5285252960172229,0.487288917532933,255,2.6,32,0.01391,1.8599,1.5269,5.108,"{""num_leaves"": 32, ""learning_rate"": 0.01391, ""reg_lambda"": 1.8599, ""reg_alpha"": 1.5269, ""scale_pos_weight"": 5.108, ""n_estimators"": 1000, ""max_bin"": 63, ""n_jobs"": -1, ""verbose"": -1}"
1,0.25,0.4650328750747161,0.0,0.3473956331586264,53,2.9,16384,0.00504,7.6905,1.8511,3.792,"{""num_leaves"": 16384, ""learning_rate"": 0.00504, ""reg_lambda"": 7.6905, ""reg_alpha"": 1.8511, ""scale_pos_weight"": 3.792, ""n_estimators"": 1000, ""max_bin"": 63, ""n_jobs"": -1, ""verbose"": -1}"
1,0.25,0.4880875724404379,0.3443939923157527,0.4440926884796155,252,2.1,8,0.03749,40.2191,1.5047,3.15,"{""num_leaves"": 8, ""learning_rate"": 0.03749, ""reg_lambda"": 40.2191, ""reg_alpha"": 1.5047, ""scale_pos_weight"": 3.15, ""n_estimators"": 1000, ""max_bin"": 63, ""n_jobs"": -1, ""verbose"": -1}"
1,0.25,0.42153047989623865,0.0,0.340808145716593,39,1.2,4096,0.00336,2.0887,1.2695,9.78,"{""num_leaves"": 4096, ""learning_rate"": 0.00336, ""reg_lambda"": 2.0887, ""reg_alpha"": 1.2695, ""scale_pos_weight"": 9.78, ""n_estimators"": 1000, ""max_bin"": 63, ""n_jobs"": -1, ""verbose"": -1}"
1,0.25,0.480719794344473,0.47989789406509253,0.39664858743501014,7,0.7,32,0.02052,0.0282,1.6196,1.003,"{""num_leaves"": 32, ""learning_rate"": 0.02052, ""reg_lambda"": 0.0282, ""reg_alpha"": 1.6196, ""scale_pos_weight"": 1.003, ""n_estimators"": 1000, ""max_bin"": 63, ""n_jobs"": -1, ""verbose"": -1}"
1,0.25,0.47989789406509253,0.0,0.30281966183531617,29,0.7,2,0.02426,6.0934,1.1937,3.813,"{""num_leaves"": 2, ""learning_rate"": 0.02426, ""reg_lambda"": 6.0934, ""reg_alpha"": 1.1937, ""scale_pos_weight"": 3.813, ""n_estimators"": 1000, ""max_bin"": 63, ""n_jobs"": -1, ""verbose"": -1}"
1,0.25,0.45992115637319314,0.2653344435192895,0.3948930132691864,68,3.6,16384,0.01507,0.379,1.3299,7.739,"{""num_leaves"": 16384, ""learning_rate"": 0.01507, ""reg_lambda"": 0.379, ""reg_alpha"": 1.3299, ""scale_pos_weight"": 7.739, ""n_estimators"": 1000, ""max_bin"": 63, ""n_jobs"": -1, ""verbose"": -1}"
1,0.25,0.4718853362734289,0.25938009787928223,0.34484709095625954,16,0.9,512,0.01173,0.203,1.9477,6.877,"{""num_leaves"": 512, ""learning_rate"": 0.01173, ""reg_lambda"": 0.203, ""reg_alpha"": 1.9477, ""scale_pos_weight"": 6.877, ""n_estimators"": 1000, ""max_bin"": 63, ""n_jobs"": -1, ""verbose"": -1}"
1,0.25,0.5033763044812769,0.0,0.3346210167614441,43,0.8,2,0.04256,0.9605,2.6513,1.034,"{""num_leaves"": 2, ""learning_rate"": 0.04256, ""reg_lambda"": 0.9605, ""reg_alpha"": 2.6513, ""scale_pos_weight"": 1.034, ""n_estimators"": 1000, ""max_bin"": 63, ""n_jobs"": -1, ""verbose"": -1}"
1,0.25,0.48091603053435117,0.27316040232927474,0.3784004660649196,9,0.8,512,0.01116,0.0264,2.081,9.344,"{""num_leaves"": 512, ""learning_rate"": 0.01116, ""reg_lambda"": 0.0264, ""reg_alpha"": 2.081, ""scale_pos_weight"": 9.344, ""n_estimators"": 1000, ""max_bin"": 63, ""n_jobs"": -1, ""verbose"": -1}"
1,0.25,0.2637238256932654,0.12930045871559634,0.09778522337772429,2,0.9,512,0.07398,2.6702,2.3305,5.893,"{""num_leaves"": 512, ""learning_rate"": 0.07398, ""reg_lambda"": 2.6702, ""reg_alpha"": 2.3305, ""scale_pos_weight"": 5.893, ""n_estimators"": 1000, ""max_bin"": 63, ""n_jobs"": -1, ""verbose"": -1}"
1,0.25,0.490426189005559,0.2612685560053981,0.34710290461043536,63,1.2,128,0.00794,0.0184,1.0724,5.975,"{""num_leaves"": 128, ""learning_rate"": 0.00794, ""reg_lambda"": 0.0184, ""reg_alpha"": 1.0724, ""scale_pos_weight"": 5.975, ""n_estimators"": 1000, ""max_bin"": 63, ""n_jobs"": -1, ""verbose"": -1}"
1,0.25,0.5024570024570024,0.0,0.4034991761530605,62,1.7,8192,0.01242,27.1065,1.7139,2.136,"{""num_leaves"": 8192, ""learning_rate"": 0.01242, ""reg_lambda"": 27.1065, ""reg_alpha"": 1.7139, ""scale_pos_weight"": 2.136, ""n_estimators"": 1000, ""max_bin"": 63, ""n_jobs"": -1, ""verbose"": -1}"
1,0.25,0.46998722860791825,0.0,0.3780170080420158,109,1.3,64,0.00419,31.6893,2.961,3.357,"{""num_leaves"": 64, ""learning_rate"": 0.00419, ""reg_lambda"": 31.6893, ""reg_alpha"": 2.961, ""scale_pos_weight"": 3.357, ""n_estimators"": 1000, ""max_bin"": 63, ""n_jobs"": -1, ""verbose"": -1}"
1,0.25,0.31512363427257045,0.20330778539733763,0.21478736406545582,127,1.0,2,0.05445,5.2814,2.6309,7.818,"{""num_leaves"": 2, ""learning_rate"": 0.05445, ""reg_lambda"": 5.2814, ""reg_alpha"": 2.6309, ""scale_pos_weight"": 7.818, ""n_estimators"": 1000, ""max_bin"": 63, ""n_jobs"": -1, ""verbose"": -1}"
1,0.25,0.49939686369119424,0.0,0.43244713084707465,20,1.3,8192,0.00354,0.0526,2.4477,1.139,"{""num_leaves"": 8192, ""learning_rate"": 0.00354, ""reg_lambda"": 0.0526, ""reg_alpha"": 2.4477, ""scale_pos_weight"": 1.139, ""n_estimators"": 1000, ""max_bin"": 63, ""n_jobs"": -1, ""verbose"": -1}"
1,0.25,0.5524673851389676,0.5516458569807038,0.4842434415356431,464,4.6,128,0.0106,53.693,2.9202,8.202,"{""num_leaves"": 128, ""learning_rate"": 0.0106, ""reg_lambda"": 53.693, ""reg_alpha"": 2.9202, ""scale_pos_weight"": 8.202, ""n_estimators"": 1000, ""max_bin"": 63, ""n_jobs"": -1, ""verbose"": -1}"
1,0.25,0.5191228964813871,0.5085653104925053,0.46001900093710135,300,2.8,2048,0.0063,1.7634,2.0077,8.726,"{""num_leaves"": 2048, ""learning_rate"": 0.0063, ""reg_lambda"": 1.7634, ""reg_alpha"": 2.0077, ""scale_pos_weight"": 8.726, ""n_estimators"": 1000, ""max_bin"": 63, ""n_jobs"": -1, ""verbose"": -1}"
1,0.25,0.543640897755611,0.48151750972762647,0.4942683337519415,350,4.1,64,0.01968,13.9041,1.6337,7.61,"{""num_leaves"": 64, ""learning_rate"": 0.01968, ""reg_lambda"": 13.9041, ""reg_alpha"": 1.6337, ""scale_pos_weight"": 7.61, ""n_estimators"": 1000, ""max_bin"": 63, ""n_jobs"": -1, ""verbose"": -1}"
1,0.25,0.5193704600484261,0.49267643142476697,0.4602753401923266,441,5.2,1024,0.02214,55.7525,1.5847,2.483,"{""num_leaves"": 1024, ""learning_rate"": 0.02214, ""reg_lambda"": 55.7525, ""reg_alpha"": 1.5847, ""scale_pos_weight"": 2.483, ""n_estimators"": 1000, ""max_bin"": 63, ""n_jobs"": -1, ""verbose"": -1}"
1,0.25,0.5215252152521526,0.48787061994609165,0.4475499833989141,123,1.6,256,0.03323,57.4427,2.0809,3.026,"{""num_leaves"": 256, ""learning_rate"": 0.03323, ""reg_lambda"": 57.4427, ""reg_alpha"": 2.0809, ""scale_pos_weight"": 3.026, ""n_estimators"": 1000, ""max_bin"": 63, ""n_jobs"": -1, ""verbose"": -1}"
1,0.25,0.4507042253521127,0.0,0.311458651529951,11,0.5,8,0.00969,7.3954,1.7677,9.996,"{""num_leaves"": 8, ""learning_rate"": 0.00969, ""reg_lambda"": 7.3954, ""reg_alpha"": 1.7677, ""scale_pos_weight"": 9.996, ""n_estimators"": 1000, ""max_bin"": 63, ""n_jobs"": -1, ""verbose"": -1}"
1,0.25,0.49144634525660963,0.0,0.4194286316667857,39,0.7,32,0.00378,0.4152,1.2802,1.817,"{""num_leaves"": 32, ""learning_rate"": 0.00378, ""reg_lambda"": 0.4152, ""reg_alpha"": 1.2802, ""scale_pos_weight"": 1.817, ""n_estimators"": 1000, ""max_bin"": 63, ""n_jobs"": -1, ""verbose"": -1}"
1,0.25,0.4713064713064713,0.0,0.3649939102855969,83,1.1,4096,0.00465,11.9325,1.0469,3.127,"{""num_leaves"": 4096, ""learning_rate"": 0.00465, ""reg_lambda"": 11.9325, ""reg_alpha"": 1.0469, ""scale_pos_weight"": 3.127, ""n_estimators"": 1000, ""max_bin"": 63, ""n_jobs"": -1, ""verbose"": -1}"
1,0.25,0.49095295536791317,0.3813682678311499,0.4236706875704344,40,0.9,4096,0.02385,0.806,1.3662,1.654,"{""num_leaves"": 4096, ""learning_rate"": 0.02385, ""reg_lambda"": 0.806, ""reg_alpha"": 1.3662, ""scale_pos_weight"": 1.654, ""n_estimators"": 1000, ""max_bin"": 63, ""n_jobs"": -1, ""verbose"": -1}"
1,0.25,0.4848137535816619,0.0,0.3858037481336004,65,0.7,16,0.00814,6.4656,2.968,2.141,"{""num_leaves"": 16, ""learning_rate"": 0.00814, ""reg_lambda"": 6.4656, ""reg_alpha"": 2.968, ""scale_pos_weight"": 2.141, ""n_estimators"": 1000, ""max_bin"": 63, ""n_jobs"": -1, ""verbose"": -1}"
1,0.25,0.45475113122171945,0.0,0.32286966133025313,12,0.6,1024,0.01801,10.3225,2.8693,5.285,"{""num_leaves"": 1024, ""learning_rate"": 0.01801, ""reg_lambda"": 10.3225, ""reg_alpha"": 2.8693, ""scale_pos_weight"": 5.285, ""n_estimators"": 1000, ""max_bin"": 63, ""n_jobs"": -1, ""verbose"": -1}"
1,0.25,0.5103785103785103,0.5,0.45631619259185036,276,3.3,128,0.03443,44.8638,2.5893,2.612,"{""num_leaves"": 128, ""learning_rate"": 0.03443, ""reg_lambda"": 44.8638, ""reg_alpha"": 2.5893, ""scale_pos_weight"": 2.612, ""n_estimators"": 1000, ""max_bin"": 63, ""n_jobs"": -1, ""verbose"": -1}"
1,0.25,0.48139255702280914,0.0,0.39302077405182767,76,1.1,256,0.00507,4.5158,2.3849,2.475,"{""num_leaves"": 256, ""learning_rate"": 0.00507, ""reg_lambda"": 4.5158, ""reg_alpha"": 2.3849, ""scale_pos_weight"": 2.475, ""n_estimators"": 1000, ""max_bin"": 63, ""n_jobs"": -1, ""verbose"": -1}"
1,0.25,0.49078947368421055,0.0,0.4050851751441721,101,1.2,128,0.00396,21.8752,1.5743,3.93,"{""num_leaves"": 128, ""learning_rate"": 0.00396, ""reg_lambda"": 21.8752, ""reg_alpha"": 1.5743, ""scale_pos_weight"": 3.93, ""n_estimators"": 1000, ""max_bin"": 63, ""n_jobs"": -1, ""verbose"": -1}"
1,0.25,0.48614609571788414,0.0,0.39448298900152556,60,0.8,256,0.00554,25.5982,2.5873,4.522,"{""num_leaves"": 256, ""learning_rate"": 0.00554, ""reg_lambda"": 25.5982, ""reg_alpha"": 2.5873, ""scale_pos_weight"": 4.522, ""n_estimators"": 1000, ""max_bin"": 63, ""n_jobs"": -1, ""verbose"": -1}"
1,0.25,0.4981729598051157,0.0,0.3902342506424903,15,0.6,1024,0.00618,1.2708,1.8471,1.8,"{""num_leaves"": 1024, ""learning_rate"": 0.00618, ""reg_lambda"": 1.2708, ""reg_alpha"": 1.8471, ""scale_pos_weight"": 1.8, ""n_estimators"": 1000, ""max_bin"": 63, ""n_jobs"": -1, ""verbose"": -1}"
1,0.25,0.46223736513344693,0.0,0.352621524152081,26,1.0,8192,0.00975,8.6539,2.6553,3.902,"{""num_leaves"": 8192, ""learning_rate"": 0.00975, ""reg_lambda"": 8.6539, ""reg_alpha"": 2.6553, ""scale_pos_weight"": 3.902, ""n_estimators"": 1000, ""max_bin"": 63, ""n_jobs"": -1, ""verbose"": -1}"
1,0.25,0.5218476903870163,0.49125168236877526,0.4649300681131222,133,1.7,128,0.07382,58.8088,2.5299,2.101,"{""num_leaves"": 128, ""learning_rate"": 0.07382, ""reg_lambda"": 58.8088, ""reg_alpha"": 2.5299, ""scale_pos_weight"": 2.101, ""n_estimators"": 1000, ""max_bin"": 63, ""n_jobs"": -1, ""verbose"": -1}"
1,0.25,0.5140012445550716,0.4956572090330052,0.4562047968193581,189,3.1,8192,0.05037,21.6484,2.4235,3.188,"{""num_leaves"": 8192, ""learning_rate"": 0.05037, ""reg_lambda"": 21.6484, ""reg_alpha"": 2.4235, ""scale_pos_weight"": 3.188, ""n_estimators"": 1000, ""max_bin"": 63, ""n_jobs"": -1, ""verbose"": -1}"
1,0.25,0.5033033033033033,0.0,0.407989958478334,171,1.4,32,0.00516,15.9915,1.3475,1.551,"{""num_leaves"": 32, ""learning_rate"": 0.00516, ""reg_lambda"": 15.9915, ""reg_alpha"": 1.3475, ""scale_pos_weight"": 1.551, ""n_estimators"": 1000, ""max_bin"": 63, ""n_jobs"": -1, ""verbose"": -1}"
1,0.25,0.5006402048655569,0.2761270491803279,0.4408341509181709,258,2.0,16,0.02118,48.5816,1.4959,7.879,"{""num_leaves"": 16, ""learning_rate"": 0.02118, ""reg_lambda"": 48.5816, ""reg_alpha"": 1.4959, ""scale_pos_weight"": 7.879, ""n_estimators"": 1000, ""max_bin"": 63, ""n_jobs"": -1, ""verbose"": -1}"
1,0.25,0.44549125168236875,0.0,0.3176330384303301,13,0.6,1024,0.01043,5.8486,3.1214,7.316,"{""num_leaves"": 1024, ""learning_rate"": 0.01043, ""reg_lambda"": 5.8486, ""reg_alpha"": 3.1214, ""scale_pos_weight"": 7.316, ""n_estimators"": 1000, ""max_bin"": 63, ""n_jobs"": -1, ""verbose"": -1}"
1,0.25,0.4731585518102372,0.0,0.38098097653772267,41,0.6,8,0.01274,19.1087,2.8101,3.037,"{""num_leaves"": 8, ""learning_rate"": 0.01274, ""reg_lambda"": 19.1087, ""reg_alpha"": 2.8101, ""scale_pos_weight"": 3.037, ""n_estimators"": 1000, ""max_bin"": 63, ""n_jobs"": -1, ""verbose"": -1}"
1,0.25,0.4350515463917526,0.0,0.326319322301865,27,0.6,256,0.00789,21.027,1.244,6.277,"{""num_leaves"": 256, ""learning_rate"": 0.00789, ""reg_lambda"": 21.027, ""reg_alpha"": 1.244, ""scale_pos_weight"": 6.277, ""n_estimators"": 1000, ""max_bin"": 63, ""n_jobs"": -1, ""verbose"": -1}"
1,0.25,0.48743424897720633,0.0,0.35409705914974676,7,1.8,16384,0.01382,3.1223,1.5666,7.376,"{""num_leaves"": 16384, ""learning_rate"": 0.01382, ""reg_lambda"": 3.1223, ""reg_alpha"": 1.5666, ""scale_pos_weight"": 7.376, ""n_estimators"": 1000, ""max_bin"": 63, ""n_jobs"": -1, ""verbose"": -1}"
1,0.25,0.470653996646171,0.0,0.3932180737056255,20,1.0,8192,0.02144,17.3318,1.9259,3.596,"{""num_leaves"": 8192, ""learning_rate"": 0.02144, ""reg_lambda"": 17.3318, ""reg_alpha"": 1.9259, ""scale_pos_weight"": 3.596, ""n_estimators"": 1000, ""max_bin"": 63, ""n_jobs"": -1, ""verbose"": -1}"
1,0.25,0.47307692307692306,0.0,0.34813737458407157,31,0.7,64,0.00612,11.6585,1.7575,5.942,"{""num_leaves"": 64, ""learning_rate"": 0.00612, ""reg_lambda"": 11.6585, ""reg_alpha"": 1.7575, ""scale_pos_weight"": 5.942, ""n_estimators"": 1000, ""max_bin"": 63, ""n_jobs"": -1, ""verbose"": -1}"
1,0.25,0.4507042253521127,0.0,0.3372682527308991,11,0.6,256,0.01223,10.2849,1.6797,6.295,"{""num_leaves"": 256, ""learning_rate"": 0.01223, ""reg_lambda"": 10.2849, ""reg_alpha"": 1.6797, ""scale_pos_weight"": 6.295, ""n_estimators"": 1000, ""max_bin"": 63, ""n_jobs"": -1, ""verbose"": -1}"
1,0.25,0.5259862241703194,0.3563300142247511,0.4668212283048713,528,8.9,16384,0.01616,44.7186,2.4283,9.238,"{""num_leaves"": 16384, ""learning_rate"": 0.01616, ""reg_lambda"": 44.7186, ""reg_alpha"": 2.4283, ""scale_pos_weight"": 9.238, ""n_estimators"": 1000, ""max_bin"": 63, ""n_jobs"": -1, ""verbose"": -1}"
1,0.25,0.4963768115942029,0.2894156560088203,0.4075627673704896,208,2.3,4096,0.00803,0.0146,1.0426,8.319,"{""num_leaves"": 4096, ""learning_rate"": 0.00803, ""reg_lambda"": 0.0146, ""reg_alpha"": 1.0426, ""scale_pos_weight"": 8.319, ""n_estimators"": 1000, ""max_bin"": 63, ""n_jobs"": -1, ""verbose"": -1}"
1,0.25,0.5237801111797405,0.3934156378600823,0.4393052559679216,130,4.0,16384,0.09386,10.6179,2.0006,5.853,"{""num_leaves"": 16384, ""learning_rate"": 0.09386, ""reg_lambda"": 10.6179, ""reg_alpha"": 2.0006, ""scale_pos_weight"": 5.853, ""n_estimators"": 1000, ""max_bin"": 63, ""n_jobs"": -1, ""verbose"": -1}"
1,0.25,0.4577903682719547,0.0,0.3495091389477213,14,1.9,16384,0.01207,18.0674,1.3989,7.355,"{""num_leaves"": 16384, ""learning_rate"": 0.01207, ""reg_lambda"": 18.0674, ""reg_alpha"": 1.3989, ""scale_pos_weight"": 7.355, ""n_estimators"": 1000, ""max_bin"": 63, ""n_jobs"": -1, ""verbose"": -1}"
1,0.25,0.4296834457706279,0.0,0.32249259439209815,24,0.7,256,0.00428,8.8853,2.7015,9.013,"{""num_leaves"": 256, ""learning_rate"": 0.00428, ""reg_lambda"": 8.8853, ""reg_alpha"": 2.7015, ""scale_pos_weight"": 9.013, ""n_estimators"": 1000, ""max_bin"": 63, ""n_jobs"": -1, ""verbose"": -1}"
1,0.25,0.48036059240180295,0.0,0.3983392289704299,92,0.8,16,0.00331,20.4669,1.7913,4.923,"{""num_leaves"": 16, ""learning_rate"": 0.00331, ""reg_lambda"": 20.4669, ""reg_alpha"": 1.7913, ""scale_pos_weight"": 4.923, ""n_estimators"": 1000, ""max_bin"": 63, ""n_jobs"": -1, ""verbose"": -1}"
1,0.25,0.4507042253521127,0.0,0.3341570826793552,29,2.0,16384,0.00363,7.0137,1.9446,8.434,"{""num_leaves"": 16384, ""learning_rate"": 0.00363, ""reg_lambda"": 7.0137, ""reg_alpha"": 1.9446, ""scale_pos_weight"": 8.434, ""n_estimators"": 1000, ""max_bin"": 63, ""n_jobs"": -1, ""verbose"": -1}"
1,0.25,0.5489067894131185,0.5430232558139535,0.4963045991591537,266,2.5,512,0.00913,1.7508,2.5103,4.97,"{""num_leaves"": 512, ""learning_rate"": 0.00913, ""reg_lambda"": 1.7508, ""reg_alpha"": 2.5103, ""scale_pos_weight"": 4.97, ""n_estimators"": 1000, ""max_bin"": 63, ""n_jobs"": -1, ""verbose"": -1}"
1,0.25,0.47388535031847134,0.0,0.38216844297261887,22,0.7,512,0.01205,3.1305,1.9954,4.063,"{""num_leaves"": 512, ""learning_rate"": 0.01205, ""reg_lambda"": 3.1305, ""reg_alpha"": 1.9954, ""scale_pos_weight"": 4.063, ""n_estimators"": 1000, ""max_bin"": 63, ""n_jobs"": -1, ""verbose"": -1}"
1,0.25,0.49184782608695654,0.2921696069328381,0.42855836474713743,118,2.0,1024,0.05696,12.9716,2.7884,6.683,"{""num_leaves"": 1024, ""learning_rate"": 0.05696, ""reg_lambda"": 12.9716, ""reg_alpha"": 2.7884, ""scale_pos_weight"": 6.683, ""n_estimators"": 1000, ""max_bin"": 63, ""n_jobs"": -1, ""verbose"": -1}"
1,0.25,0.5426260112009956,0.4170249355116079,0.47300615245106375,104,1.7,128,0.09832,62.4848,1.7196,7.82,"{""num_leaves"": 128, ""learning_rate"": 0.09832, ""reg_lambda"": 62.4848, ""reg_alpha"": 1.7196, ""scale_pos_weight"": 7.82, ""n_estimators"": 1000, ""max_bin"": 63, ""n_jobs"": -1, ""verbose"": -1}"
1,0.25,0.546112115732369,0.4821515892420538,0.4902216476584892,601,7.3,1024,0.01412,24.0893,1.3807,9.477,"{""num_leaves"": 1024, ""learning_rate"": 0.01412, ""reg_lambda"": 24.0893, ""reg_alpha"": 1.3807, ""scale_pos_weight"": 9.477, ""n_estimators"": 1000, ""max_bin"": 63, ""n_jobs"": -1, ""verbose"": -1}"
1,0.25,0.45277963831212326,0.0,0.34016640881180926,30,1.9,16384,0.00427,6.8183,2.4928,8.193,"{""num_leaves"": 16384, ""learning_rate"": 0.00427, ""reg_lambda"": 6.8183, ""reg_alpha"": 2.4928, ""scale_pos_weight"": 8.193, ""n_estimators"": 1000, ""max_bin"": 63, ""n_jobs"": -1, ""verbose"": -1}"
1,0.25,0.5255102040816326,0.41204819277108434,0.4793260968923403,207,2.2,32,0.03358,19.7299,2.8147,6.25,"{""num_leaves"": 32, ""learning_rate"": 0.03358, ""reg_lambda"": 19.7299, ""reg_alpha"": 2.8147, ""scale_pos_weight"": 6.25, ""n_estimators"": 1000, ""max_bin"": 63, ""n_jobs"": -1, ""verbose"": -1}"
1,0.25,0.49595015576323986,0.0,0.40746690760414006,97,1.2,256,0.00618,5.6449,2.4094,1.678,"{""num_leaves"": 256, ""learning_rate"": 0.00618, ""reg_lambda"": 5.6449, ""reg_alpha"": 2.4094, ""scale_pos_weight"": 1.678, ""n_estimators"": 1000, ""max_bin"": 63, ""n_jobs"": -1, ""verbose"": -1}"
1,0.25,0.4507042253521127,0.0,0.33543482889393256,13,0.7,32,0.0093,10.615,1.4125,7.911,"{""num_leaves"": 32, ""learning_rate"": 0.0093, ""reg_lambda"": 10.615, ""reg_alpha"": 1.4125, ""scale_pos_weight"": 7.911, ""n_estimators"": 1000, ""max_bin"": 63, ""n_jobs"": -1, ""verbose"": -1}"
1,0.25,0.4382647385984427,0.0,0.33301767738402605,15,1.0,8192,0.00872,5.2753,2.2702,7.127,"{""num_leaves"": 8192, ""learning_rate"": 0.00872, ""reg_lambda"": 5.2753, ""reg_alpha"": 2.2702, ""scale_pos_weight"": 7.127, ""n_estimators"": 1000, ""max_bin"": 63, ""n_jobs"": -1, ""verbose"": -1}"
1,0.25,0.43190056965302953,0.0,0.33414104617422685,5,0.7,4096,0.00468,1.2274,1.9439,5.668,"{""num_leaves"": 4096, ""learning_rate"": 0.00468, ""reg_lambda"": 1.2274, ""reg_alpha"": 1.9439, ""scale_pos_weight"": 5.668, ""n_estimators"": 1000, ""max_bin"": 63, ""n_jobs"": -1, ""verbose"": -1}"
1,0.25,0.46327077747989276,0.0,0.3480103056114731,6,0.6,128,0.01923,9.302,1.8635,8.377,"{""num_leaves"": 128, ""learning_rate"": 0.01923, ""reg_lambda"": 9.302, ""reg_alpha"": 1.8635, ""scale_pos_weight"": 8.377, ""n_estimators"": 1000, ""max_bin"": 63, ""n_jobs"": -1, ""verbose"": -1}"
1,0.25,0.49491525423728816,0.0,0.3785047769454757,10,0.6,1024,0.00531,0.6329,2.513,3.076,"{""num_leaves"": 1024, ""learning_rate"": 0.00531, ""reg_lambda"": 0.6329, ""reg_alpha"": 2.513, ""scale_pos_weight"": 3.076, ""n_estimators"": 1000, ""max_bin"": 63, ""n_jobs"": -1, ""verbose"": -1}"
1,0.25,0.519559902200489,0.4936034115138593,0.46163904554624835,422,4.1,64,0.02945,2.7884,1.112,3.218,"{""num_leaves"": 64, ""learning_rate"": 0.02945, ""reg_lambda"": 2.7884, ""reg_alpha"": 1.112, ""scale_pos_weight"": 3.218, ""n_estimators"": 1000, ""max_bin"": 63, ""n_jobs"": -1, ""verbose"": -1}"
1,0.25,0.45484949832775917,0.0,0.3239683637807604,25,2.1,16384,0.00483,3.6951,1.2435,8.413,"{""num_leaves"": 16384, ""learning_rate"": 0.00483, ""reg_lambda"": 3.6951, ""reg_alpha"": 1.2435, ""scale_pos_weight"": 8.413, ""n_estimators"": 1000, ""max_bin"": 63, ""n_jobs"": -1, ""verbose"": -1}"
1,0.25,0.4672897196261682,0.0,0.40756488637997956,25,0.7,1024,0.0088,1.1062,1.7931,3.193,"{""num_leaves"": 1024, ""learning_rate"": 0.0088, ""reg_lambda"": 1.1062, ""reg_alpha"": 1.7931, ""scale_pos_weight"": 3.193, ""n_estimators"": 1000, ""max_bin"": 63, ""n_jobs"": -1, ""verbose"": -1}"
1,0.25,0.5003126954346466,0.49876237623762376,0.45027740409332084,136,1.5,64,0.02528,25.1254,1.4214,3.408,"{""num_leaves"": 64, ""learning_rate"": 0.02528, ""reg_lambda"": 25.1254, ""reg_alpha"": 1.4214, ""scale_pos_weight"": 3.408, ""n_estimators"": 1000, ""max_bin"": 63, ""n_jobs"": -1, ""verbose"": -1}"
1,0.25,0.45707915273132665,0.0,0.3965798088807276,24,0.8,128,0.00961,2.3834,1.4982,4.525,"{""num_leaves"": 128, ""learning_rate"": 0.00961, ""reg_lambda"": 2.3834, ""reg_alpha"": 1.4982, ""scale_pos_weight"": 4.525, ""n_estimators"": 1000, ""max_bin"": 63, ""n_jobs"": -1, ""verbose"": -1}"
1,0.25,0.48518518518518516,0.14749262536873156,0.39375804287903526,39,2.5,16384,0.08662,7.346,3.0935,6.171,"{""num_leaves"": 16384, ""learning_rate"": 0.08662, ""reg_lambda"": 7.346, ""reg_alpha"": 3.0935, ""scale_pos_weight"": 6.171, ""n_estimators"": 1000, ""max_bin"": 63, ""n_jobs"": -1, ""verbose"": -1}"
1,0.25,0.2989399293286219,0.0,0.12747708274370106,18,0.9,4096,0.00793,1.4313,1.6864,9.379,"{""num_leaves"": 4096, ""learning_rate"": 0.00793, ""reg_lambda"": 1.4313, ""reg_alpha"": 1.6864, ""scale_pos_weight"": 9.379, ""n_estimators"": 1000, ""max_bin"": 63, ""n_jobs"": -1, ""verbose"": -1}"
1,0.25,0.4796650717703349,0.0552174892945684,0.3734905158768664,10,2.1,16384,0.06247,6.4014,1.4257,7.909,"{""num_leaves"": 16384, ""learning_rate"": 0.06247, ""reg_lambda"": 6.4014, ""reg_alpha"": 1.4257, ""scale_pos_weight"": 7.909, ""n_estimators"": 1000, ""max_bin"": 63, ""n_jobs"": -1, ""verbose"": -1}"
1,0.25,0.26268320180383314,0.1291708434770156,0.10482042845574539,2,0.6,1024,0.05252,2.5787,2.1429,9.223,"{""num_leaves"": 1024, ""learning_rate"": 0.05252, ""reg_lambda"": 2.5787, ""reg_alpha"": 2.1429, ""scale_pos_weight"": 9.223, ""n_estimators"": 1000, ""max_bin"": 63, ""n_jobs"": -1, ""verbose"": -1}"
1,0.25,0.5435168738898757,0.5280898876404494,0.487429148384397,376,4.4,256,0.0225,3.2646,2.8103,2.53,"{""num_leaves"": 256, ""learning_rate"": 0.0225, ""reg_lambda"": 3.2646, ""reg_alpha"": 2.8103, ""scale_pos_weight"": 2.53, ""n_estimators"": 1000, ""max_bin"": 63, ""n_jobs"": -1, ""verbose"": -1}"
1,0.25,0.47989789406509253,0.0,0.3720958568048587,12,0.8,256,0.00427,0.5052,1.6011,2.82,"{""num_leaves"": 256, ""learning_rate"": 0.00427, ""reg_lambda"": 0.5052, ""reg_alpha"": 1.6011, ""scale_pos_weight"": 2.82, ""n_estimators"": 1000, ""max_bin"": 63, ""n_jobs"": -1, ""verbose"": -1}"
1,0.25,0.27048528241845665,0.25938009787928223,0.12057239288867455,10,0.6,8,0.00982,0.0503,2.191,4.265,"{""num_leaves"": 8, ""learning_rate"": 0.00982, ""reg_lambda"": 0.0503, ""reg_alpha"": 2.191, ""scale_pos_weight"": 4.265, ""n_estimators"": 1000, ""max_bin"": 63, ""n_jobs"": -1, ""verbose"": -1}"
1,0.25,0.4768637532133676,0.0,0.3398497124059596,43,0.9,256,0.00525,0.0163,2.612,4.575,"{""num_leaves"": 256, ""learning_rate"": 0.00525, ""reg_lambda"": 0.0163, ""reg_alpha"": 2.612, ""scale_pos_weight"": 4.575, ""n_estimators"": 1000, ""max_bin"": 63, ""n_jobs"": -1, ""verbose"": -1}"
1,0.25,0.5144972239358421,0.387551867219917,0.43186620163041417,109,2.2,128,0.05837,5.1427,1.5514,6.181,"{""num_leaves"": 128, ""learning_rate"": 0.05837, ""reg_lambda"": 5.1427, ""reg_alpha"": 1.5514, ""scale_pos_weight"": 6.181, ""n_estimators"": 1000, ""max_bin"": 63, ""n_jobs"": -1, ""verbose"": -1}"
1,0.25,0.5490430622009569,0.5206655931293612,0.4869212876687482,440,8.5,16384,0.03176,68.1796,2.908,7.734,"{""num_leaves"": 16384, ""learning_rate"": 0.03176, ""reg_lambda"": 68.1796, ""reg_alpha"": 2.908, ""scale_pos_weight"": 7.734, ""n_estimators"": 1000, ""max_bin"": 63, ""n_jobs"": -1, ""verbose"": -1}"
1,0.25,0.3745907007203667,0.33707865168539325,0.2972724534022123,101,1.0,2,0.08894,1.7739,1.3704,3.175,"{""num_leaves"": 2, ""learning_rate"": 0.08894, ""reg_lambda"": 1.7739, ""reg_alpha"": 1.3704, ""scale_pos_weight"": 3.175, ""n_estimators"": 1000, ""max_bin"": 63, ""n_jobs"": -1, ""verbose"": -1}"
1,0.25,0.4345738295318127,0.0,0.3546217815649623,17,0.9,4096,0.00878,2.4111,1.5287,7.626,"{""num_leaves"": 4096, ""learning_rate"": 0.00878, ""reg_lambda"": 2.4111, ""reg_alpha"": 1.5287, ""scale_pos_weight"": 7.626, ""n_estimators"": 1000, ""max_bin"": 63, ""n_jobs"": -1, ""verbose"": -1}"
1,0.25,0.4811372334609076,0.0,0.34958943569180245,4,2.4,16384,0.02252,1.0328,2.0752,1.693,"{""num_leaves"": 16384, ""learning_rate"": 0.02252, ""reg_lambda"": 1.0328, ""reg_alpha"": 2.0752, ""scale_pos_weight"": 1.693, ""n_estimators"": 1000, ""max_bin"": 63, ""n_jobs"": -1, ""verbose"": -1}"
1,0.25,0.44776119402985076,0.0,0.3640147215973617,21,2.1,16384,0.0062,2.0453,2.0188,9.662,"{""num_leaves"": 16384, ""learning_rate"": 0.0062, ""reg_lambda"": 2.0453, ""reg_alpha"": 2.0188, ""scale_pos_weight"": 9.662, ""n_estimators"": 1000, ""max_bin"": 63, ""n_jobs"": -1, ""verbose"": -1}"
1,0.25,0.4791537025513379,0.0,0.43511650992541406,27,0.9,64,0.02133,2.3752,2.6648,2.309,"{""num_leaves"": 64, ""learning_rate"": 0.02133, ""reg_lambda"": 2.3752, ""reg_alpha"": 2.6648, ""scale_pos_weight"": 2.309, ""n_estimators"": 1000, ""max_bin"": 63, ""n_jobs"": -1, ""verbose"": -1}"
1,0.25,0.3059083379348426,0.09873489964805479,0.20742138019663875,36,1.7,4096,0.09037,4.6544,2.3207,6.069,"{""num_leaves"": 4096, ""learning_rate"": 0.09037, ""reg_lambda"": 4.6544, ""reg_alpha"": 2.3207, ""scale_pos_weight"": 6.069, ""n_estimators"": 1000, ""max_bin"": 63, ""n_jobs"": -1, ""verbose"": -1}"
1,0.25,0.44606221045665123,0.0,0.3714673315410902,42,3.2,16384,0.00331,2.5994,1.1421,8.853,"{""num_leaves"": 16384, ""learning_rate"": 0.00331, ""reg_lambda"": 2.5994, ""reg_alpha"": 1.1421, ""scale_pos_weight"": 8.853, ""n_estimators"": 1000, ""max_bin"": 63, ""n_jobs"": -1, ""verbose"": -1}"
1,0.25,0.5148514851485149,0.5082621082621083,0.4671268925127666,166,2.7,2048,0.06535,2.5507,2.4939,2.687,"{""num_leaves"": 2048, ""learning_rate"": 0.06535, ""reg_lambda"": 2.5507, ""reg_alpha"": 2.4939, ""scale_pos_weight"": 2.687, ""n_estimators"": 1000, ""max_bin"": 63, ""n_jobs"": -1, ""verbose"": -1}"
1,0.25,0.5347721822541966,0.4185844550586192,0.46865011784374816,240,4.0,128,0.03687,53.4858,1.165,7.561,"{""num_leaves"": 128, ""learning_rate"": 0.03687, ""reg_lambda"": 53.4858, ""reg_alpha"": 1.165, ""scale_pos_weight"": 7.561, ""n_estimators"": 1000, ""max_bin"": 63, ""n_jobs"": -1, ""verbose"": -1}"
1,0.25,0.4968944099378882,0.0,0.3983150696453834,11,1.0,4096,0.02081,0.576,2.1461,1.121,"{""num_leaves"": 4096, ""learning_rate"": 0.02081, ""reg_lambda"": 0.576, ""reg_alpha"": 2.1461, ""scale_pos_weight"": 1.121, ""n_estimators"": 1000, ""max_bin"": 63, ""n_jobs"": -1, ""verbose"": -1}"
1,0.25,0.4628632938643703,0.0,0.33918988767773606,11,0.7,512,0.00887,4.8751,1.2816,9.479,"{""num_leaves"": 512, ""learning_rate"": 0.00887, ""reg_lambda"": 4.8751, ""reg_alpha"": 1.2816, ""scale_pos_weight"": 9.479, ""n_estimators"": 1000, ""max_bin"": 63, ""n_jobs"": -1, ""verbose"": -1}"
1,0.25,0.5326757090012331,0.43423423423423424,0.47379818688206243,178,2.5,64,0.06827,54.4721,1.5322,6.144,"{""num_leaves"": 64, ""learning_rate"": 0.06827, ""reg_lambda"": 54.4721, ""reg_alpha"": 1.5322, ""scale_pos_weight"": 6.144, ""n_estimators"": 1000, ""max_bin"": 63, ""n_jobs"": -1, ""verbose"": -1}"
1,0.25,0.5495391705069125,0.5302214242968283,0.4999231721420713,176,3.5,8192,0.04822,2.6716,1.2702,2.059,"{""num_leaves"": 8192, ""learning_rate"": 0.04822, ""reg_lambda"": 2.6716, ""reg_alpha"": 1.2702, ""scale_pos_weight"": 2.059, ""n_estimators"": 1000, ""max_bin"": 63, ""n_jobs"": -1, ""verbose"": -1}"
2,0.5,0.550351288056206,0.0,0.47330805980418844,48,1.8,128,0.0106,53.693,2.9202,8.202,"{""num_leaves"": 128, ""learning_rate"": 0.0106, ""reg_lambda"": 53.693, ""reg_alpha"": 2.9202, ""scale_pos_weight"": 8.202, ""n_estimators"": 1000, ""max_bin"": 63, ""n_jobs"": -1, ""verbose"": -1}"
2,0.5,0.5906120023767083,0.5735849056603773,0.5669214573767793,52,2.8,8192,0.04822,2.6716,1.2702,2.059,"{""num_leaves"": 8192, ""learning_rate"": 0.04822, ""reg_lambda"": 2.6716, ""reg_alpha"": 1.2702, ""scale_pos_weight"": 2.059, ""n_estimators"": 1000, ""max_bin"": 63, ""n_jobs"": -1, ""verbose"": -1}"
2,0.5,0.5470485096434834,0.0,0.4510128318369117,15,3.3,16384,0.03176,68.1796,2.908,7.734,"{""num_leaves"": 16384, ""learning_rate"": 0.03176, ""reg_lambda"": 68.1796, ""reg_alpha"": 2.908, ""scale_pos_weight"": 7.734, ""n_estimators"": 1000, ""max_bin"": 63, ""n_jobs"": -1, ""verbose"": -1}"
2,0.5,0.5795454545454546,0.43569922698524244,0.5336401549787724,104,2.7,512,0.00913,1.7508,2.5103,4.97,"{""num_leaves"": 512, ""learning_rate"": 0.00913, ""reg_lambda"": 1.7508, ""reg_alpha"": 2.5103, ""scale_pos_weight"": 4.97, ""n_estimators"": 1000, ""max_bin"": 63, ""n_jobs"": -1, ""verbose"": -1}"
2,0.5,0.5674778761061947,0.5271507016473459,0.5233377567833567,73,3.0,4096,0.05246,97.2839,1.5197,2.539,"{""num_leaves"": 4096, ""learning_rate"": 0.05246, ""reg_lambda"": 97.2839, ""reg_alpha"": 1.5197, ""scale_pos_weight"": 2.539, ""n_estimators"": 1000, ""max_bin"": 63, ""n_jobs"": -1, ""verbose"": -1}"
2,0.5,0.579849946409432,0.5743589743589743,0.5601575403457886,250,7.2,1024,0.01412,24.0893,1.3807,9.477,"{""num_leaves"": 1024, ""learning_rate"": 0.01412, ""reg_lambda"": 24.0893, ""reg_alpha"": 1.3807, ""scale_pos_weight"": 9.477, ""n_estimators"": 1000, ""max_bin"": 63, ""n_jobs"": -1, ""verbose"": -1}"
2,0.5,0.5977142857142858,0.592797783933518,0.5802713026279133,246,5.7,64,0.01968,13.9041,1.6337,7.61,"{""num_leaves"": 64, ""learning_rate"": 0.01968, ""reg_lambda"": 13.9041, ""reg_alpha"": 1.6337, ""scale_pos_weight"": 7.61, ""n_estimators"": 1000, ""max_bin"": 63, ""n_jobs"": -1, ""verbose"": -1}"
2,0.5,0.5717403164211675,0.46153846153846156,0.5341907807977125,49,2.1,256,0.0225,3.2646,2.8103,2.53,"{""num_leaves"": 256, ""learning_rate"": 0.0225, ""reg_lambda"": 3.2646, ""reg_alpha"": 2.8103, ""scale_pos_weight"": 2.53, ""n_estimators"": 1000, ""max_bin"": 63, ""n_jobs"": -1, ""verbose"": -1}"
2,0.5,0.6062389640965273,0.6037514654161782,0.5796964883128358,234,7.2,128,0.09832,62.4848,1.7196,7.82,"{""num_leaves"": 128, ""learning_rate"": 0.09832, ""reg_lambda"": 62.4848, ""reg_alpha"": 1.7196, ""scale_pos_weight"": 7.82, ""n_estimators"": 1000, ""max_bin"": 63, ""n_jobs"": -1, ""verbose"": -1}"
2,0.5,0.5463071512309496,0.0,0.4465796532043101,19,1.8,8192,0.02232,87.7159,1.6586,8.587,"{""num_leaves"": 8192, ""learning_rate"": 0.02232, ""reg_lambda"": 87.7159, ""reg_alpha"": 1.6586, ""scale_pos_weight"": 8.587, ""n_estimators"": 1000, ""max_bin"": 63, ""n_jobs"": -1, ""verbose"": -1}"
2,0.5,0.56657223796034,0.5620689655172414,0.5455340914710205,116,3.8,128,0.03687,53.4858,1.165,7.561,"{""num_leaves"": 128, ""learning_rate"": 0.03687, ""reg_lambda"": 53.4858, ""reg_alpha"": 1.165, ""scale_pos_weight"": 7.561, ""n_estimators"": 1000, ""max_bin"": 63, ""n_jobs"": -1, ""verbose"": -1}"
2,0.5,0.5678873239436619,0.5652421652421652,0.5565534237736735,66,2.3,64,0.06827,54.4721,1.5322,6.144,"{""num_leaves"": 64, ""learning_rate"": 0.06827, ""reg_lambda"": 54.4721, ""reg_alpha"": 1.5322, ""scale_pos_weight"": 6.144, ""n_estimators"": 1000, ""max_bin"": 63, ""n_jobs"": -1, ""verbose"": -1}"
2,0.5,0.5486313337216074,0.0,0.4547645993585689,53,1.4,8,0.00746,54.5939,1.6806,7.962,"{""num_leaves"": 8, ""learning_rate"": 0.00746, ""reg_lambda"": 54.5939, ""reg_alpha"": 1.6806, ""scale_pos_weight"": 7.962, ""n_estimators"": 1000, ""max_bin"": 63, ""n_jobs"": -1, ""verbose"": -1}"
2,0.5,0.5979749851101847,0.589086859688196,0.5716039901317611,226,3.9,32,0.01391,1.8599,1.5269,5.108,"{""num_leaves"": 32, ""learning_rate"": 0.01391, ""reg_lambda"": 1.8599, ""reg_alpha"": 1.5269, ""scale_pos_weight"": 5.108, ""n_estimators"": 1000, ""max_bin"": 63, ""n_jobs"": -1, ""verbose"": -1}"
2,0.5,0.5629213483146067,0.5587044534412956,0.5236052956572242,196,9.4,16384,0.01616,44.7186,2.4283,9.238,"{""num_leaves"": 16384, ""learning_rate"": 0.01616, ""reg_lambda"": 44.7186, ""reg_alpha"": 2.4283, ""scale_pos_weight"": 9.238, ""n_estimators"": 1000, ""max_bin"": 63, ""n_jobs"": -1, ""verbose"": -1}"
2,0.5,0.6018735362997658,0.5956521739130435,0.586235846723817,204,4.1,32,0.03358,19.7299,2.8147,6.25,"{""num_leaves"": 32, ""learning_rate"": 0.03358, ""reg_lambda"": 19.7299, ""reg_alpha"": 2.8147, ""scale_pos_weight"": 6.25, ""n_estimators"": 1000, ""max_bin"": 63, ""n_jobs"": -1, ""verbose"": -1}"
2,0.5,0.5837592277115276,0.5804274465691789,0.5571729141174434,337,3.7,4,0.02921,7.9989,1.1235,4.175,"{""num_leaves"": 4, ""learning_rate"": 0.02921, ""reg_lambda"": 7.9989, ""reg_alpha"": 1.1235, ""scale_pos_weight"": 4.175, ""n_estimators"": 1000, ""max_bin"": 63, ""n_jobs"": -1, ""verbose"": -1}"
2,0.5,0.6169724770642202,0.6124346310284718,0.5736891021229803,167,9.2,16384,0.09386,10.6179,2.0006,5.853,"{""num_leaves"": 16384, ""learning_rate"": 0.09386, ""reg_lambda"": 10.6179, ""reg_alpha"": 2.0006, ""scale_pos_weight"": 5.853, ""n_estimators"": 1000, ""max_bin"": 63, ""n_jobs"": -1, ""verbose"": -1}"
2,0.5,0.5518840579710145,0.0,0.4407554923394761,54,1.3,4,0.00403,23.3082,1.64,4.532,"{""num_leaves"": 4, ""learning_rate"": 0.00403, ""reg_lambda"": 23.3082, ""reg_alpha"": 1.64, ""scale_pos_weight"": 4.532, ""n_estimators"": 1000, ""max_bin"": 63, ""n_jobs"": -1, ""verbose"": -1}"
2,0.5,0.5785674625208218,0.5588052271313005,0.556571967721763,97,3.1,128,0.07382,58.8088,2.5299,2.101,"{""num_leaves"": 128, ""learning_rate"": 0.07382, ""reg_lambda"": 58.8088, ""reg_alpha"": 2.5299, ""scale_pos_weight"": 2.101, ""n_estimators"": 1000, ""max_bin"": 63, ""n_jobs"": -1, ""verbose"": -1}"
2,0.5,0.5714285714285714,0.5686387133831131,0.5307029050492044,288,3.4,4,0.02628,32.4022,1.8074,4.412,"{""num_leaves"": 4, ""learning_rate"": 0.02628, ""reg_lambda"": 32.4022, ""reg_alpha"": 1.8074, ""scale_pos_weight"": 4.412, ""n_estimators"": 1000, ""max_bin"": 63, ""n_jobs"": -1, ""verbose"": -1}"
2,0.5,0.5708061002178649,0.5232273838630807,0.525017654617572,82,2.5,256,0.03323,57.4427,2.0809,3.026,"{""num_leaves"": 256, ""learning_rate"": 0.03323, ""reg_lambda"": 57.4427, ""reg_alpha"": 2.0809, ""scale_pos_weight"": 3.026, ""n_estimators"": 1000, ""max_bin"": 63, ""n_jobs"": -1, ""verbose"": -1}"
2,0.5,0.6155606407322655,0.611877624475105,0.5876093128615485,349,8.0,64,0.02945,2.7884,1.112,3.218,"{""num_leaves"": 64, ""learning_rate"": 0.02945, ""reg_lambda"": 2.7884, ""reg_alpha"": 1.112, ""scale_pos_weight"": 3.218, ""n_estimators"": 1000, ""max_bin"": 63, ""n_jobs"": -1, ""verbose"": -1}"
2,0.5,0.5708084644601193,0.5177215189873418,0.5302776208450334,134,3.3,1024,0.02214,55.7525,1.5847,2.483,"{""num_leaves"": 1024, ""learning_rate"": 0.02214, ""reg_lambda"": 55.7525, ""reg_alpha"": 1.5847, ""scale_pos_weight"": 2.483, ""n_estimators"": 1000, ""max_bin"": 63, ""n_jobs"": -1, ""verbose"": -1}"
2,0.5,0.5729788388497016,0.09162995594713656,0.5158289405044997,90,2.6,2048,0.0063,1.7634,2.0077,8.726,"{""num_leaves"": 2048, ""learning_rate"": 0.0063, ""reg_lambda"": 1.7634, ""reg_alpha"": 2.0077, ""scale_pos_weight"": 8.726, ""n_estimators"": 1000, ""max_bin"": 63, ""n_jobs"": -1, ""verbose"": -1}"
2,0.5,0.5749128919860628,0.5671806167400881,0.5471466138501127,244,2.9,4,0.04398,26.1813,1.1887,5.652,"{""num_leaves"": 4, ""learning_rate"": 0.04398, ""reg_lambda"": 26.1813, ""reg_alpha"": 1.1887, ""scale_pos_weight"": 5.652, ""n_estimators"": 1000, ""max_bin"": 63, ""n_jobs"": -1, ""verbose"": -1}"
2,0.5,0.5793337097684924,0.5724258289703316,0.5511826773425269,277,3.3,4,0.03069,7.3522,1.5574,2.902,"{""num_leaves"": 4, ""learning_rate"": 0.03069, ""reg_lambda"": 7.3522, ""reg_alpha"": 1.5574, ""scale_pos_weight"": 2.902, ""n_estimators"": 1000, ""max_bin"": 63, ""n_jobs"": -1, ""verbose"": -1}"
2,0.5,0.6070175438596491,0.5981981981981982,0.5788036552183432,360,10.3,4096,0.03375,3.9979,2.225,4.5,"{""num_leaves"": 4096, ""learning_rate"": 0.03375, ""reg_lambda"": 3.9979, ""reg_alpha"": 2.225, ""scale_pos_weight"": 4.5, ""n_estimators"": 1000, ""max_bin"": 63, ""n_jobs"": -1, ""verbose"": -1}"
2,0.5,0.587088915956151,0.5838287752675386,0.5471893703899078,53,2.6,2048,0.06535,2.5507,2.4939,2.687,"{""num_leaves"": 2048, ""learning_rate"": 0.06535, ""reg_lambda"": 2.5507, ""reg_alpha"": 2.4939, ""scale_pos_weight"": 2.687, ""n_estimators"": 1000, ""max_bin"": 63, ""n_jobs"": -1, ""verbose"": -1}"
2,0.5,0.6136890951276102,0.6110793832095945,0.5744552000545112,160,5.2,128,0.05837,5.1427,1.5514,6.181,"{""num_leaves"": 128, ""learning_rate"": 0.05837, ""reg_lambda"": 5.1427, ""reg_alpha"": 1.5514, ""scale_pos_weight"": 6.181, ""n_estimators"": 1000, ""max_bin"": 63, ""n_jobs"": -1, ""verbose"": -1}"
2,0.5,0.5982436882546652,0.5784313725490197,0.5751090462871393,133,5.2,8192,0.05037,21.6484,2.4235,3.188,"{""num_leaves"": 8192, ""learning_rate"": 0.05037, ""reg_lambda"": 21.6484, ""reg_alpha"": 2.4235, ""scale_pos_weight"": 3.188, ""n_estimators"": 1000, ""max_bin"": 63, ""n_jobs"": -1, ""verbose"": -1}"
2,0.5,0.6126436781609196,0.6082532504239684,0.5719607258345416,189,7.2,2048,0.09392,23.7226,1.6512,9.817,"{""num_leaves"": 2048, ""learning_rate"": 0.09392, ""reg_lambda"": 23.7226, ""reg_alpha"": 1.6512, ""scale_pos_weight"": 9.817, ""n_estimators"": 1000, ""max_bin"": 63, ""n_jobs"": -1, ""verbose"": -1}"
2,0.5,0.5808019441069259,0.5766646304215027,0.5692809299639612,216,5.6,128,0.03443,44.8638,2.5893,2.612,"{""num_leaves"": 128, ""learning_rate"": 0.03443, ""reg_lambda"": 44.8638, ""reg_alpha"": 2.5893, ""scale_pos_weight"": 2.612, ""n_estimators"": 1000, ""max_bin"": 63, ""n_jobs"": -1, ""verbose"": -1}"
2,0.5,0.5590062111801242,0.3305785123966942,0.4490883228441604,25,1.1,4,0.02221,0.867,2.8211,1.774,"{""num_leaves"": 4, ""learning_rate"": 0.02221, ""reg_lambda"": 0.867, ""reg_alpha"": 2.8211, ""scale_pos_weight"": 1.774, ""n_estimators"": 1000, ""max_bin"": 63, ""n_jobs"": -1, ""verbose"": -1}"
2,0.5,0.5787187839305103,0.5735461801596351,0.5413875566812262,415,4.6,8,0.00462,3.1606,1.6324,6.528,"{""num_leaves"": 8, ""learning_rate"": 0.00462, ""reg_lambda"": 3.1606, ""reg_alpha"": 1.6324, ""scale_pos_weight"": 6.528, ""n_estimators"": 1000, ""max_bin"": 63, ""n_jobs"": -1, ""verbose"": -1}"
2,0.5,0.5533175355450237,0.03804347826086957,0.41599396951632245,106,1.6,2,0.01998,0.3234,2.2875,7.384,"{""num_leaves"": 2, ""learning_rate"": 0.01998, ""reg_lambda"": 0.3234, ""reg_alpha"": 2.2875, ""scale_pos_weight"": 7.384, ""n_estimators"": 1000, ""max_bin"": 63, ""n_jobs"": -1, ""verbose"": -1}"
2,0.5,0.5342465753424658,0.0,0.4073351745427965,78,1.4,2,0.04256,0.9605,2.6513,1.034,"{""num_leaves"": 2, ""learning_rate"": 0.04256, ""reg_lambda"": 0.9605, ""reg_alpha"": 2.6513, ""scale_pos_weight"": 1.034, ""n_estimators"": 1000, ""max_bin"": 63, ""n_jobs"": -1, ""verbose"": -1}"
2,0.5,0.5543288785589774,0.0,0.46426610024371917,75,1.8,32,0.00516,15.9915,1.3475,1.551,"{""num_leaves"": 32, ""learning_rate"": 0.00516, ""reg_lambda"": 15.9915, ""reg_alpha"": 1.3475, ""scale_pos_weight"": 1.551, ""n_estimators"": 1000, ""max_bin"": 63, ""n_jobs"": -1, ""verbose"": -1}"
2,0.5,0.5785797438882422,0.5696517412935324,0.5694565976557592,430,12.0,8192,0.01242,27.1065,1.7139,2.136,"{""num_leaves"": 8192, ""learning_rate"": 0.01242, ""reg_lambda"": 27.1065, ""reg_alpha"": 1.7139, ""scale_pos_weight"": 2.136, ""n_estimators"": 1000, ""max_bin"": 63, ""n_jobs"": -1, ""verbose"": -1}"
2,0.5,0.5813031161473088,0.5598802395209581,0.5541762455121795,312,3.4,4,0.04326,24.2008,1.1939,7.728,"{""num_leaves"": 4, ""learning_rate"": 0.04326, ""reg_lambda"": 24.2008, ""reg_alpha"": 1.1939, ""scale_pos_weight"": 7.728, ""n_estimators"": 1000, ""max_bin"": 63, ""n_jobs"": -1, ""verbose"": -1}"
2,0.5,0.5593419506462984,0.5478312537136066,0.5090265173425238,68,1.6,16,0.02118,48.5816,1.4959,7.879,"{""num_leaves"": 16, ""learning_rate"": 0.02118, ""reg_lambda"": 48.5816, ""reg_alpha"": 1.4959, ""scale_pos_weight"": 7.879, ""n_estimators"": 1000, ""max_bin"": 63, ""n_jobs"": -1, ""verbose"": -1}"
2,0.5,0.5897840968931016,0.578096947935368,0.5738007098320334,215,4.2,64,0.02528,25.1254,1.4214,3.408,"{""num_leaves"": 64, ""learning_rate"": 0.02528, ""reg_lambda"": 25.1254, ""reg_alpha"": 1.4214, ""scale_pos_weight"": 3.408, ""n_estimators"": 1000, ""max_bin"": 63, ""n_jobs"": -1, ""verbose"": -1}"
2,0.5,0.5936564931178935,0.5906674542232723,0.556727764531499,114,3.3,128,0.05336,3.2065,3.0196,4.325,"{""num_leaves"": 128, ""learning_rate"": 0.05336, ""reg_lambda"": 3.2065, ""reg_alpha"": 3.0196, ""scale_pos_weight"": 4.325, ""n_estimators"": 1000, ""max_bin"": 63, ""n_jobs"": -1, ""verbose"": -1}"
2,0.5,0.58397365532382,0.3973703433162893,0.5371832505637183,253,5.5,8192,0.00354,0.0526,2.4477,1.139,"{""num_leaves"": 8192, ""learning_rate"": 0.00354, ""reg_lambda"": 0.0526, ""reg_alpha"": 2.4477, ""scale_pos_weight"": 1.139, ""n_estimators"": 1000, ""max_bin"": 63, ""n_jobs"": -1, ""verbose"": -1}"
2,0.5,0.597254004576659,0.594626168224299,0.5798291691356644,260,10.1,8192,0.03155,11.7366,1.4793,8.709,"{""num_leaves"": 8192, ""learning_rate"": 0.03155, ""reg_lambda"": 11.7366, ""reg_alpha"": 1.4793, ""scale_pos_weight"": 8.709, ""n_estimators"": 1000, ""max_bin"": 63, ""n_jobs"": -1, ""verbose"": -1}"
2,0.5,0.5738349241998877,0.0,0.5315937283181029,75,2.4,1024,0.00618,1.2708,1.8471,1.8,"{""num_leaves"": 1024, ""learning_rate"": 0.00618, ""reg_lambda"": 1.2708, ""reg_alpha"": 1.8471, ""scale_pos_weight"": 1.8, ""n_estimators"": 1000, ""max_bin"": 63, ""n_jobs"": -1, ""verbose"": -1}"
2,0.5,0.6009334889148191,0.5213333333333333,0.5701353086334515,105,3.3,4096,0.02081,0.576,2.1461,1.121,"{""num_leaves"": 4096, ""learning_rate"": 0.02081, ""reg_lambda"": 0.576, ""reg_alpha"": 2.1461, ""scale_pos_weight"": 1.121, ""n_estimators"": 1000, ""max_bin"": 63, ""n_jobs"": -1, ""verbose"": -1}"
2,0.5,0.5833333333333334,0.5736263736263736,0.5234470456478123,86,2.9,4096,0.00803,0.0146,1.0426,8.319,"{""num_leaves"": 4096, ""learning_rate"": 0.00803, ""reg_lambda"": 0.0146, ""reg_alpha"": 1.0426, ""scale_pos_weight"": 8.319, ""n_estimators"": 1000, ""max_bin"": 63, ""n_jobs"": -1, ""verbose"": -1}"
2,0.5,0.5871040723981901,0.5490699166132136,0.5707378042255903,557,11.3,256,0.00618,5.6449,2.4094,1.678,"{""num_leaves"": 256, ""learning_rate"": 0.00618, ""reg_lambda"": 5.6449, ""reg_alpha"": 2.4094, ""scale_pos_weight"": 1.678, ""n_estimators"": 1000, ""max_bin"": 63, ""n_jobs"": -1, ""verbose"": -1}"
2,0.5,0.582180409518539,0.09507042253521127,0.5425680645465023,114,2.8,1024,0.00531,0.6329,2.513,3.076,"{""num_leaves"": 1024, ""learning_rate"": 0.00531, ""reg_lambda"": 0.6329, ""reg_alpha"": 2.513, ""scale_pos_weight"": 3.076, ""n_estimators"": 1000, ""max_bin"": 63, ""n_jobs"": -1, ""verbose"": -1}"
2,0.5,0.5647727272727273,0.05560538116591928,0.42017527406166766,35,1.1,2,0.04698,0.7974,1.1848,4.295,"{""num_leaves"": 2, ""learning_rate"": 0.04698, ""reg_lambda"": 0.7974, ""reg_alpha"": 1.1848, ""scale_pos_weight"": 4.295, ""n_estimators"": 1000, ""max_bin"": 63, ""n_jobs"": -1, ""verbose"": -1}"
2,0.5,0.5873205741626795,0.5864306784660767,0.5399062793999292,167,5.8,8192,0.08919,3.7887,2.8538,3.665,"{""num_leaves"": 8192, ""learning_rate"": 0.08919, ""reg_lambda"": 3.7887, ""reg_alpha"": 2.8538, ""scale_pos_weight"": 3.665, ""n_estimators"": 1000, ""max_bin"": 63, ""n_jobs"": -1, ""verbose"": -1}"
2,0.5,0.6012048192771084,0.5928074245939675,0.564998712258023,162,5.9,1024,0.05696,12.9716,2.7884,6.683,"{""num_leaves"": 1024, ""learning_rate"": 0.05696, ""reg_lambda"": 12.9716, ""reg_alpha"": 2.7884, ""scale_pos_weight"": 6.683, ""n_estimators"": 1000, ""max_bin"": 63, ""n_jobs"": -1, ""verbose"": -1}"
2,0.5,0.5709552733296521,0.0,0.5172331871942263,19,1.2,32,0.00378,0.4152,1.2802,1.817,"{""num_leaves"": 32, ""learning_rate"": 0.00378, ""reg_lambda"": 0.4152, ""reg_alpha"": 1.2802, ""scale_pos_weight"": 1.817, ""n_estimators"": 1000, ""max_bin"": 63, ""n_jobs"": -1, ""verbose"": -1}"
2,0.5,0.6024235429890363,0.5950920245398773,0.5786923469989136,97,3.2,4096,0.02385,0.806,1.3662,1.654,"{""num_leaves"": 4096, ""learning_rate"": 0.02385, ""reg_lambda"": 0.806, ""reg_alpha"": 1.3662, ""scale_pos_weight"": 1.654, ""n_estimators"": 1000, ""max_bin"": 63, ""n_jobs"": -1, ""verbose"": -1}"
2,0.5,0.5487448920023351,0.0,0.4556133216238072,62,1.8,128,0.00396,21.8752,1.5743,3.93,"{""num_leaves"": 128, ""learning_rate"": 0.00396, ""reg_lambda"": 21.8752, ""reg_alpha"": 1.5743, ""scale_pos_weight"": 3.93, ""n_estimators"": 1000, ""max_bin"": 63, ""n_jobs"": -1, ""verbose"": -1}"
2,0.5,0.6043829296424452,0.5833333333333334,0.5290220716519779,239,4.9,128,0.00794,0.0184,1.0724,5.975,"{""num_leaves"": 128, ""learning_rate"": 0.00794, ""reg_lambda"": 0.0184, ""reg_alpha"": 1.0724, ""scale_pos_weight"": 5.975, ""n_estimators"": 1000, ""max_bin"": 63, ""n_jobs"": -1, ""verbose"": -1}"
2,0.5,0.5619100499722376,0.0,0.49015704853216646,19,2.0,8192,0.00563,0.3821,2.8578,6.053,"{""num_leaves"": 8192, ""learning_rate"": 0.00563, ""reg_lambda"": 0.3821, ""reg_alpha"": 2.8578, ""scale_pos_weight"": 6.053, ""n_estimators"": 1000, ""max_bin"": 63, ""n_jobs"": -1, ""verbose"": -1}"
2,0.5,0.5731246627091203,0.5706084959816303,0.5633224642733605,197,3.5,8,0.03749,40.2191,1.5047,3.15,"{""num_leaves"": 8, ""learning_rate"": 0.03749, ""reg_lambda"": 40.2191, ""reg_alpha"": 1.5047, ""scale_pos_weight"": 3.15, ""n_estimators"": 1000, ""max_bin"": 63, ""n_jobs"": -1, ""verbose"": -1}"
2,0.5,0.5524673851389676,0.45517241379310347,0.5098366573557082,55,4.0,16384,0.01382,3.1223,1.5666,7.376,"{""num_leaves"": 16384, ""learning_rate"": 0.01382, ""reg_lambda"": 3.1223, ""reg_alpha"": 1.5666, ""scale_pos_weight"": 7.376, ""n_estimators"": 1000, ""max_bin"": 63, ""n_jobs"": -1, ""verbose"": -1}"
2,0.5,0.5684468999386126,0.5495391705069125,0.5170367496734778,10,1.5,1024,0.03963,2.8674,1.0566,7.473,"{""num_leaves"": 1024, ""learning_rate"": 0.03963, ""reg_lambda"": 2.8674, ""reg_alpha"": 1.0566, ""scale_pos_weight"": 7.473, ""n_estimators"": 1000, ""max_bin"": 63, ""n_jobs"": -1, ""verbose"": -1}"
2,0.5,0.5493863237872589,0.0,0.4735222208445931,68,1.9,256,0.00554,25.5982,2.5873,4.522,"{""num_leaves"": 256, ""learning_rate"": 0.00554, ""reg_lambda"": 25.5982, ""reg_alpha"": 2.5873, ""scale_pos_weight"": 4.522, ""n_estimators"": 1000, ""max_bin"": 63, ""n_jobs"": -1, ""verbose"": -1}"
2,0.5,0.5671140939597316,0.5607369027058147,0.48688007975880965,125,3.0,512,0.00743,0.0367,2.1794,7.432,"{""num_leaves"": 512, ""learning_rate"": 0.00743, ""reg_lambda"": 0.0367, ""reg_alpha"": 2.1794, ""scale_pos_weight"": 7.432, ""n_estimators"": 1000, ""max_bin"": 63, ""n_jobs"": -1, ""verbose"": -1}"
2,0.5,0.5617597292724196,0.5325140809011777,0.47271297370102133,13,2.8,16384,0.08662,7.346,3.0935,6.171,"{""num_leaves"": 16384, ""learning_rate"": 0.08662, ""reg_lambda"": 7.346, ""reg_alpha"": 3.0935, ""scale_pos_weight"": 6.171, ""n_estimators"": 1000, ""max_bin"": 63, ""n_jobs"": -1, ""verbose"": -1}"
3,1.0,0.5533211456429007,0.5511811023622047,0.48103506261842904,184,17.3,16384,0.09386,10.6179,2.0006,5.853,"{""num_leaves"": 16384, ""learning_rate"": 0.09386, ""reg_lambda"": 10.6179, ""reg_alpha"": 2.0006, ""scale_pos_weight"": 5.853, ""n_estimators"": 1000, ""max_bin"": 63, ""n_jobs"": -1, ""verbose"": -1}"
3,1.0,0.5721331689272503,0.5495391705069125,0.5219672613664791,12,2.2,64,0.02945,2.7884,1.112,3.218,"{""num_leaves"": 64, ""learning_rate"": 0.02945, ""reg_lambda"": 2.7884, ""reg_alpha"": 1.112, ""scale_pos_weight"": 3.218, ""n_estimators"": 1000, ""max_bin"": 63, ""n_jobs"": -1, ""verbose"": -1}"
3,1.0,0.5665914221218962,0.22542123343693768,0.4698370704747542,3,2.1,128,0.05837,5.1427,1.5514,6.181,"{""num_leaves"": 128, ""learning_rate"": 0.05837, ""reg_lambda"": 5.1427, ""reg_alpha"": 1.5514, ""scale_pos_weight"": 6.181, ""n_estimators"": 1000, ""max_bin"": 63, ""n_jobs"": -1, ""verbose"": -1}"
3,1.0,0.602112676056338,0.5773968934118907,0.5753365721522395,276,19.4,2048,0.09392,23.7226,1.6512,9.817,"{""num_leaves"": 2048, ""learning_rate"": 0.09392, ""reg_lambda"": 23.7226, ""reg_alpha"": 1.6512, ""scale_pos_weight"": 9.817, ""n_estimators"": 1000, ""max_bin"": 63, ""n_jobs"": -1, ""verbose"": -1}"
3,1.0,0.5751715533374921,0.5499425947187141,0.530612329093052,26,3.2,4096,0.03375,3.9979,2.225,4.5,"{""num_leaves"": 4096, ""learning_rate"": 0.03375, ""reg_lambda"": 3.9979, ""reg_alpha"": 2.225, ""scale_pos_weight"": 4.5, ""n_estimators"": 1000, ""max_bin"": 63, ""n_jobs"": -1, ""verbose"": -1}"
3,1.0,0.6177829099307159,0.5924748277689454,0.5896360545895006,112,7.1,128,0.09832,62.4848,1.7196,7.82,"{""num_leaves"": 128, ""learning_rate"": 0.09832, ""reg_lambda"": 62.4848, ""reg_alpha"": 1.7196, ""scale_pos_weight"": 7.82, ""n_estimators"": 1000, ""max_bin"": 63, ""n_jobs"": -1, ""verbose"": -1}"
3,1.0,0.5653912050256996,0.5268414481897628,0.4664433630543743,42,2.8,128,0.00794,0.0184,1.0724,5.975,"{""num_leaves"": 128, ""learning_rate"": 0.00794, ""reg_lambda"": 0.0184, ""reg_alpha"": 1.0724, ""scale_pos_weight"": 5.975, ""n_estimators"": 1000, ""max_bin"": 63, ""n_jobs"": -1, ""verbose"": -1}"
3,1.0,0.6149323927101705,0.605875152998776,0.5827519060089836,212,10.7,4096,0.02385,0.806,1.3662,1.654,"{""num_leaves"": 4096, ""learning_rate"": 0.02385, ""reg_lambda"": 0.806, ""reg_alpha"": 1.3662, ""scale_pos_weight"": 1.654, ""n_estimators"": 1000, ""max_bin"": 63, ""n_jobs"": -1, ""verbose"": -1}"
3,1.0,0.6062024575775308,0.573170731707317,0.5800526737198938,261,9.0,32,0.03358,19.7299,2.8147,6.25,"{""num_leaves"": 32, ""learning_rate"": 0.03358, ""reg_lambda"": 19.7299, ""reg_alpha"": 2.8147, ""scale_pos_weight"": 6.25, ""n_estimators"": 1000, ""max_bin"": 63, ""n_jobs"": -1, ""verbose"": -1}"
3,1.0,0.6142941523922032,0.6109839816933639,0.5668250252151269,276,20.6,1024,0.05696,12.9716,2.7884,6.683,"{""num_leaves"": 1024, ""learning_rate"": 0.05696, ""reg_lambda"": 12.9716, ""reg_alpha"": 2.7884, ""scale_pos_weight"": 6.683, ""n_estimators"": 1000, ""max_bin"": 63, ""n_jobs"": -1, ""verbose"": -1}"
3,1.0,0.6123427201917315,0.6050523721503389,0.5788054146488839,150,7.7,4096,0.02081,0.576,2.1461,1.121,"{""num_leaves"": 4096, ""learning_rate"": 0.02081, ""reg_lambda"": 0.576, ""reg_alpha"": 2.1461, ""scale_pos_weight"": 1.121, ""n_estimators"": 1000, ""max_bin"": 63, ""n_jobs"": -1, ""verbose"": -1}"
3,1.0,0.5954022988505747,0.5893186003683242,0.5804164669261356,274,19.4,8192,0.05037,21.6484,2.4235,3.188,"{""num_leaves"": 8192, ""learning_rate"": 0.05037, ""reg_lambda"": 21.6484, ""reg_alpha"": 2.4235, ""scale_pos_weight"": 3.188, ""n_estimators"": 1000, ""max_bin"": 63, ""n_jobs"": -1, ""verbose"": -1}"
3,1.0,0.6224310041103934,0.6141124586549063,0.5953010205387159,352,10.1,32,0.01391,1.8599,1.5269,5.108,"{""num_leaves"": 32, ""learning_rate"": 0.01391, ""reg_lambda"": 1.8599, ""reg_alpha"": 1.5269, ""scale_pos_weight"": 5.108, ""n_estimators"": 1000, ""max_bin"": 63, ""n_jobs"": -1, ""verbose"": -1}"
3,1.0,0.5657820440429137,0.553314121037464,0.5203374749728547,82,4.1,64,0.01968,13.9041,1.6337,7.61,"{""num_leaves"": 64, ""learning_rate"": 0.01968, ""reg_lambda"": 13.9041, ""reg_alpha"": 1.6337, ""scale_pos_weight"": 7.61, ""n_estimators"": 1000, ""max_bin"": 63, ""n_jobs"": -1, ""verbose"": -1}"
3,1.0,0.6197183098591549,0.6168757126567845,0.5928533076632653,412,30.0,8192,0.03155,11.7366,1.4793,8.709,"{""num_leaves"": 8192, ""learning_rate"": 0.03155, ""reg_lambda"": 11.7366, ""reg_alpha"": 1.4793, ""scale_pos_weight"": 8.709, ""n_estimators"": 1000, ""max_bin"": 63, ""n_jobs"": -1, ""verbose"": -1}"
3,1.0,0.5812574139976275,0.5738636363636364,0.550450332277939,151,9.1,128,0.05336,3.2065,3.0196,4.325,"{""num_leaves"": 128, ""learning_rate"": 0.05336, ""reg_lambda"": 3.2065, ""reg_alpha"": 3.0196, ""scale_pos_weight"": 4.325, ""n_estimators"": 1000, ""max_bin"": 63, ""n_jobs"": -1, ""verbose"": -1}"
3,1.0,0.5968699406368052,0.5924170616113744,0.5800600427180295,173,12.3,8192,0.04822,2.6716,1.2702,2.059,"{""num_leaves"": 8192, ""learning_rate"": 0.04822, ""reg_lambda"": 2.6716, ""reg_alpha"": 1.2702, ""scale_pos_weight"": 2.059, ""n_estimators"": 1000, ""max_bin"": 63, ""n_jobs"": -1, ""verbose"": -1}"
3,1.0,0.6305991855730075,0.6280137772675086,0.609325385099764,284,11.2,64,0.02528,25.1254,1.4214,3.408,"{""num_leaves"": 64, ""learning_rate"": 0.02528, ""reg_lambda"": 25.1254, ""reg_alpha"": 1.4214, ""scale_pos_weight"": 3.408, ""n_estimators"": 1000, ""max_bin"": 63, ""n_jobs"": -1, ""verbose"": -1}"
3,1.0,0.5919712402636309,0.5831884057971014,0.5404694323955562,125,10.4,8192,0.08919,3.7887,2.8538,3.665,"{""num_leaves"": 8192, ""learning_rate"": 0.08919, ""reg_lambda"": 3.7887, ""reg_alpha"": 2.8538, ""scale_pos_weight"": 3.665, ""n_estimators"": 1000, ""max_bin"": 63, ""n_jobs"": -1, ""verbose"": -1}"
3,1.0,0.6076409945421467,0.6001239925604464,0.5893510975892758,561,21.4,256,0.00618,5.6449,2.4094,1.678,"{""num_leaves"": 256, ""learning_rate"": 0.00618, ""reg_lambda"": 5.6449, ""reg_alpha"": 2.4094, ""scale_pos_weight"": 1.678, ""n_estimators"": 1000, ""max_bin"": 63, ""n_jobs"": -1, ""verbose"": -1}"
3,1.0,0.584841628959276,0.5776215582893967,0.5589548772556134,185,12.4,2048,0.06535,2.5507,2.4939,2.687,"{""num_leaves"": 2048, ""learning_rate"": 0.06535, ""reg_lambda"": 2.5507, ""reg_alpha"": 2.4939, ""scale_pos_weight"": 2.687, ""n_estimators"": 1000, ""max_bin"": 63, ""n_jobs"": -1, ""verbose"": -1}"
3,1.0,0.5928489042675894,0.2540192926045016,0.5555825676360173,196,7.4,8192,0.00354,0.0526,2.4477,1.139,"{""num_leaves"": 8192, ""learning_rate"": 0.00354, ""reg_lambda"": 0.0526, ""reg_alpha"": 2.4477, ""scale_pos_weight"": 1.139, ""n_estimators"": 1000, ""max_bin"": 63, ""n_jobs"": -1, ""verbose"": -1}"
3,1.0,0.5852560495216658,0.5840312674483529,0.5468049014884169,309,6.0,4,0.02921,7.9989,1.1235,4.175,"{""num_leaves"": 4, ""learning_rate"": 0.02921, ""reg_lambda"": 7.9989, ""reg_alpha"": 1.1235, ""scale_pos_weight"": 4.175, ""n_estimators"": 1000, ""max_bin"": 63, ""n_jobs"": -1, ""verbose"": -1}"
3,1.0,0.6014234875444839,0.5781083953241233,0.5447662564475546,256,12.4,4096,0.00803,0.0146,1.0426,8.319,"{""num_leaves"": 4096, ""learning_rate"": 0.00803, ""reg_lambda"": 0.0146, ""reg_alpha"": 1.0426, ""scale_pos_weight"": 8.319, ""n_estimators"": 1000, ""max_bin"": 63, ""n_jobs"": -1, ""verbose"": -1}"
3,1.0,0.5825825825825826,0.5501285347043702,0.5608212868426173,210,10.8,1024,0.00531,0.6329,2.513,3.076,"{""num_leaves"": 1024, ""learning_rate"": 0.00531, ""reg_lambda"": 0.6329, ""reg_alpha"": 2.513, ""scale_pos_weight"": 3.076, ""n_estimators"": 1000, ""max_bin"": 63, ""n_jobs"": -1, ""verbose"": -1}"
3,1.0,0.5963556046383214,0.5934426229508196,0.5286055518082996,125,2.9,4,0.04326,24.2008,1.1939,7.728,"{""num_leaves"": 4, ""learning_rate"": 0.04326, ""reg_lambda"": 24.2008, ""reg_alpha"": 1.1939, ""scale_pos_weight"": 7.728, ""n_estimators"": 1000, ""max_bin"": 63, ""n_jobs"": -1, ""verbose"": -1}"
3,1.0,0.6235431235431236,0.6187050359712231,0.5987840053336124,331,13.3,128,0.03443,44.8638,2.5893,2.612,"{""num_leaves"": 128, ""learning_rate"": 0.03443, ""reg_lambda"": 44.8638, ""reg_alpha"": 2.5893, ""scale_pos_weight"": 2.612, ""n_estimators"": 1000, ""max_bin"": 63, ""n_jobs"": -1, ""verbose"": -1}"
3,1.0,0.5885619100499723,0.5865331107401224,0.5683215803744976,184,8.7,1024,0.01412,24.0893,1.3807,9.477,"{""num_leaves"": 1024, ""learning_rate"": 0.01412, ""reg_lambda"": 24.0893, ""reg_alpha"": 1.3807, ""scale_pos_weight"": 9.477, ""n_estimators"": 1000, ""max_bin"": 63, ""n_jobs"": -1, ""verbose"": -1}"
3,1.0,0.5589569160997733,0.0,0.5154500142141049,20,1.9,512,0.00913,1.7508,2.5103,4.97,"{""num_leaves"": 512, ""learning_rate"": 0.00913, ""reg_lambda"": 1.7508, ""reg_alpha"": 2.5103, ""scale_pos_weight"": 4.97, ""n_estimators"": 1000, ""max_bin"": 63, ""n_jobs"": -1, ""verbose"": -1}"
3,1.0,0.5928899082568807,0.5917901938426454,0.560523907931062,402,7.7,4,0.03069,7.3522,1.5574,2.902,"{""num_leaves"": 4, ""learning_rate"": 0.03069, ""reg_lambda"": 7.3522, ""reg_alpha"": 1.5574, ""scale_pos_weight"": 2.902, ""n_estimators"": 1000, ""max_bin"": 63, ""n_jobs"": -1, ""verbose"": -1}"
3,1.0,0.578623391158366,0.5165644171779141,0.5229250310935457,232,5.2,8,0.00462,3.1606,1.6324,6.528,"{""num_leaves"": 8, ""learning_rate"": 0.00462, ""reg_lambda"": 3.1606, ""reg_alpha"": 1.6324, ""scale_pos_weight"": 6.528, ""n_estimators"": 1000, ""max_bin"": 63, ""n_jobs"": -1, ""verbose"": -1}"
3,1.0,0.6045400238948626,0.5969230769230769,0.5914949715128237,650,38.2,8192,0.01242,27.1065,1.7139,2.136,"{""num_leaves"": 8192, ""learning_rate"": 0.01242, ""reg_lambda"": 27.1065, ""reg_alpha"": 1.7139, ""scale_pos_weight"": 2.136, ""n_estimators"": 1000, ""max_bin"": 63, ""n_jobs"": -1, ""verbose"": -1}"
